site,mse,rmse,mae,r2,train_rmse_curve,val_rmse_curve
2000__BURWOOD_HWY E of WARRIGAL_RD,320.35850052182235,17.898561409281537,13.326030070965107,0.9664593560384392,"[96.22312455757366, 87.24729788261806, 79.24050877883016, 72.0385499082561, 65.56385310017923, 59.68173012378972, 54.46448375573471, 49.76917277303358, 45.54969103064668, 41.7336663651681, 38.363796647033965, 35.41755324941944, 32.774527926962136, 30.434946236877202, 28.350212986035388, 26.51711057569644, 24.934411883344417, 23.517793796521556, 22.32428934049362, 21.25756896925018, 20.29842025016292, 19.490984288483187, 18.760553820290646, 18.128624783781436, 17.58075160402194, 17.11723582517576, 16.692329106295738, 16.351716039212437, 16.048385037904666, 15.78255307986809, 15.550018930670708, 15.337596098093591, 15.139812107797805, 14.933707042316902, 14.754195802120615, 14.579927720160367, 14.440044073092524, 14.300916534918507, 14.17406368665038, 14.068746604543078, 13.958674043115169, 13.860438348513101, 13.743403770210431, 13.616259874263589, 13.553473777201004, 13.508663841850908, 13.451638904664964, 13.32279240683807, 13.220977720585793, 13.176482937970531, 13.13154679162453, 13.024842682105353, 12.949790382360797, 12.8759889903689, 12.796961145258717, 12.765928566685716, 12.716066315582992, 12.671910008593677, 12.585760274592898, 12.547375406433831, 12.50755797738704, 12.44020416322128, 12.38776857043101, 12.342781995361639, 12.289869421195787, 12.244975616804211, 12.151696909651436, 12.112121220086616, 12.079307855494989, 12.041209271418277, 12.018566796770662, 11.917156591272505, 11.892843820332272, 11.829873096363565, 11.783724172047817, 11.762132572651458, 11.694752426285438, 11.643479234902582, 11.616939416927892, 11.600100883342638, 11.548409495203392, 11.496876348498501, 11.465447678763455, 11.390882204836041, 11.375351235870687, 11.320029167438353, 11.22763334355656, 11.203757472084426, 11.132526926429486, 11.044404586965133, 11.002700657031985, 10.975375265709575, 10.916981315064142, 10.839095506297339, 10.762852809701073, 10.730269821716156, 10.701465204025746, 10.682396568207002, 10.644068124428902, 10.59485920378456]","[103.96053497977891, 94.50373988481766, 86.00181270065542, 78.49956691942582, 71.71277567295483, 65.58142108009685, 60.10436847895576, 55.19914848214077, 50.86343559756198, 46.834438288338106, 43.335539330237935, 40.260172300978894, 37.50693898538405, 35.11990606287279, 33.00914247795906, 31.082147277263807, 29.5625872602818, 28.230011576753252, 27.06689577644147, 26.055274223261655, 25.115211248337577, 24.313404709823732, 23.66729722341478, 23.135353292827375, 22.63862215101979, 22.188116304894695, 21.843907486618352, 21.502168411584478, 21.288663769954624, 21.06133250654255, 20.866913253236604, 20.694451065373574, 20.553741509147425, 20.441819756200438, 20.38886666621024, 20.324962254869764, 20.25589751018387, 20.17390213481116, 20.088458539998378, 20.042377989519387, 20.016685474939774, 19.978163413142273, 19.954034046767124, 19.909599018816007, 19.87877462863137, 19.883391969633568, 19.87482826653107, 19.84222921772776, 19.883290353247197, 19.846880441157982, 19.810283040584288, 19.819347839258523, 19.813482099010958, 19.803627177396976, 19.79060255730866, 19.793678157275306, 19.83239024939468, 19.798113668486852, 19.811453603568797, 19.78485475327104, 19.743133905160413, 19.74720397238044, 19.742065761912272, 19.763951283707538, 19.789094717314914, 19.76959781738209, 19.832935410354295, 19.828771794645537, 19.818337017788686, 19.798193894363756, 19.777200536310872, 19.7606103145515, 19.78114720898318, 19.805617735544104, 19.82492150996385, 19.866064868627202, 19.880917553149228, 19.87691707789211, 19.866185726776845, 19.859528951684418, 19.868268594234873, 19.84412301307561, 19.823018202606633, 19.83372605649336, 19.831268253706916, 19.831117938994687, 19.86556529392703, 19.845828287617984, 19.813616990694936, 19.82538305793821, 19.808543999442392, 19.823486822927848, 19.837664942815177, 19.801765128862208, 19.800156231187003, 19.801333505493123, 19.786466166751918, 19.78598201616981, 19.809784373322916, 19.843042117353228]"
2000__TOORAK_RD W of WARRIGAL_RD,331.05500396856473,18.194916981634314,13.555373755785135,0.9607861730983551,"[85.6219217874826, 77.64411080911565, 70.54206734469173, 64.17399424776147, 58.45361415383433, 53.26447016811966, 48.678958999374316, 44.55940165733077, 40.911904990393126, 37.57531424449383, 34.64088299739009, 32.03893522974516, 29.723358670045034, 27.683376203409725, 25.87352497682435, 24.25121628704635, 22.930685580076585, 21.726875630277018, 20.637137351030276, 19.73862705178715, 18.915158537839336, 18.24282638955913, 17.60884309177636, 17.117220776572335, 16.648499663650576, 16.21344284668359, 15.84914853936835, 15.53124939672084, 15.210550521761713, 14.937442184591196, 14.678825997784195, 14.458990002338517, 14.28438827872828, 14.123819927400834, 13.937817977762231, 13.800802358039132, 13.671330713837406, 13.52082534985011, 13.380721014954243, 13.295410425898677, 13.175328003456409, 13.075955516685337, 13.011523371613057, 12.92417072856929, 12.848169607057377, 12.717644021219902, 12.576778900578086, 12.474290701336688, 12.372445654453232, 12.248308527055183, 12.184628311440697, 12.101363272696611, 11.984701636500606, 11.903314662741753, 11.821578435549574, 11.723461489528441, 11.634527156649332, 11.5652400126818, 11.518454470832747, 11.430933553473418, 11.348040287056984, 11.281950259816698, 11.211660403153886, 11.181060555020213, 11.095863637299752, 11.040424257969411, 10.945460551727727, 10.874420617474641, 10.829251139721983, 10.773613474631606, 10.690844526295594, 10.63176368879036, 10.60788663516039, 10.551866910975232, 10.512594383629168, 10.464666144561395, 10.431394443558005, 10.385439342967715, 10.345540913098542, 10.316655610643725, 10.273641929047754, 10.24291756578658, 10.203634738649527, 10.175719528238943, 10.1279319730114, 10.055508092211792, 9.992602800489985, 9.972084752433153, 9.902948482723385, 9.821809130273689, 9.785469131000612, 9.718199811608875, 9.671476832627564, 9.653030694803746, 9.625851755951947, 9.579823250413867, 9.531965468241273, 9.486034782295471, 9.437988645500752, 9.391559306126853]","[91.4955968925185, 83.14573870307731, 75.62629982881887, 68.98891514989842, 62.95527471427836, 57.52178517331258, 52.72142422179106, 48.64904055006324, 44.968086630437135, 41.53124787751397, 38.66546735158336, 36.01333173890638, 33.663739633063315, 31.569463895956414, 29.729459936419335, 28.034455925792454, 26.789702677929732, 25.680624595009718, 24.633917204883364, 23.75613409835409, 23.021578629137835, 22.395845605174447, 21.83013270176595, 21.49153785818999, 21.08823157405426, 20.72318948113601, 20.40485359636197, 20.172045108361022, 19.921227553700515, 19.72762632124161, 19.563368243614324, 19.43102180733844, 19.381023412215065, 19.249277445645056, 19.129577728059484, 19.029449984942385, 18.97795450268573, 18.86163908118793, 18.761094602061434, 18.715896745713714, 18.69590250768665, 18.65424201274018, 18.622353596461718, 18.565925243151373, 18.545907549040805, 18.497100704725376, 18.464294577492833, 18.465776492648736, 18.478900193786657, 18.377226227868892, 18.384734303746, 18.482230623121517, 18.452229891840346, 18.466153911037722, 18.450561245137095, 18.441141552761056, 18.456063073364408, 18.48411412800163, 18.47475589329786, 18.446564842954782, 18.499699011727518, 18.49581611216874, 18.503940914463268, 18.50277937601262, 18.480427570262435, 18.491122909327554, 18.481380016581067, 18.517268591515652, 18.511491641328806, 18.514442873947573, 18.468006233108536, 18.47141603934066, 18.496199574603104, 18.498973156598513, 18.497154658101653, 18.462188385092897, 18.46221571270823, 18.493471948318156, 18.501202706484207, 18.50968236871295, 18.524641263351164, 18.53655669278132, 18.526480919173153, 18.52522765388588, 18.53688556695875, 18.519444764772363, 18.51590029039288, 18.510761508713433, 18.51710228208128, 18.502295635317033, 18.504415092472115, 18.48447985703845, 18.499861166083598, 18.496593239878983, 18.503314394137526, 18.50631047571246, 18.517799837015367, 18.492218594930485, 18.48930958173526, 18.49357962703221]"
2000__WARRIGAL_RD N of TOORAK_RD,272.8887251204082,16.51934396761591,11.565908273061117,0.9696903396167997,"[90.73533425571524, 82.21158777938575, 74.5588532667114, 67.73069909300389, 61.663544087513856, 56.13320397696818, 51.17271691535554, 46.77388027836298, 42.785483497465876, 39.22423592298948, 36.09670376649981, 33.39047442021174, 30.929986309071598, 28.7603661176111, 26.872011418699763, 25.16295400596934, 23.66892834483022, 22.364111327782354, 21.22335617225272, 20.252407412255394, 19.39931911576598, 18.63990877417497, 17.990943602716914, 17.432370085449993, 16.94836170645069, 16.516700597230564, 16.10170905792507, 15.757084558652734, 15.434967595983814, 15.159160821269683, 14.91138503147201, 14.71073855817328, 14.527561227550008, 14.33899325973107, 14.166736493610776, 14.050191714937148, 13.910757398988446, 13.72151268383356, 13.599481350693923, 13.467312993373326, 13.309248063513346, 13.216465560528528, 13.147718111991372, 13.061548603676048, 12.957097483929951, 12.867082241565344, 12.758845888732704, 12.620637461040493, 12.564025367624788, 12.441338950720343, 12.380650330010107, 12.278837053346365, 12.21321097553235, 12.131556970665551, 12.055252624046835, 11.937062518282396, 11.861748577976483, 11.823450225937671, 11.755858053383593, 11.706704392423672, 11.587987265264616, 11.53447376205989, 11.474008320961184, 11.339217025544436, 11.20970756944106, 11.161828779213637, 11.094625000002791, 11.023792587660878, 10.98644971167039, 10.919689945292506, 10.814476492182209, 10.77203982751519, 10.66855463484821, 10.598765093677466, 10.521421442021435, 10.430190108610418, 10.352475647366036, 10.303811880815843, 10.287913675911481, 10.25084094202449, 10.207484147961562, 10.095066275548984, 10.036824041327819, 9.97128476443823, 9.921713679902874, 9.835958267546257, 9.78627575291521, 9.71325274202887, 9.65775448503519, 9.598174007870963, 9.565351942968855, 9.489724159007325, 9.442249050520344, 9.38698108678047, 9.33001004957466, 9.266308383996467, 9.237767608503669, 9.176955440220036, 9.101479460851808, 9.053405684606867]","[96.15241276012378, 87.2886608327708, 79.46126648861774, 72.3764431343311, 66.05985401074336, 60.30897739079114, 55.19349970660461, 50.626905177701886, 46.3740632307517, 42.66793903515806, 39.51493126787649, 36.65816731442297, 34.09630231761952, 31.957013916589787, 30.033654484239236, 28.3482391318646, 26.841303029156947, 25.588779828406622, 24.43095821939146, 23.528166579876004, 22.71010565085373, 21.96607482906649, 21.407793704647844, 20.88810398101139, 20.487957344743602, 20.14606232320188, 19.74990900979222, 19.49626781149834, 19.283813211328944, 19.1235970304453, 18.94665299047331, 18.77375085594438, 18.67345400325515, 18.540405313855636, 18.460159964843747, 18.365258351241007, 18.347135772569793, 18.288258604686554, 18.219783110970972, 18.186546801413666, 18.119640882968184, 18.078270073526156, 18.06713153169023, 18.05440113878082, 18.037781414861936, 17.99903821738544, 17.90749075653131, 17.878232506128338, 17.888067125278155, 17.864846299289756, 17.851958744145556, 17.84288864922161, 17.83562020689624, 17.832001109561315, 17.84099826524894, 17.79137216899473, 17.741567775056026, 17.744641762846374, 17.742195916904663, 17.736459040043034, 17.711372004287515, 17.727289023150746, 17.746944990005392, 17.77781974100778, 17.74377968367052, 17.751169985374247, 17.74163785391825, 17.729775617176035, 17.73504800884269, 17.748310082590525, 17.759353946729167, 17.753556611746884, 17.751338257577363, 17.795525017333503, 17.783254861975717, 17.77968708842339, 17.767851506852384, 17.76102649806358, 17.76319127076233, 17.73626302316378, 17.76571763379323, 17.77378986614967, 17.807897654154733, 17.831217142130157, 17.812051424862208, 17.7824995338278, 17.778774226592354, 17.77662310465572, 17.780159410441126, 17.76869656667333, 17.778276474661183, 17.77343711245847, 17.795769649993925, 17.78910209594018, 17.807702951258122, 17.799044278943214, 17.80826908968709, 17.82996658182243, 17.810404635784558, 17.789521442403586]"
2000__WARRIGAL_RD S of BURWOOD_HWY,490.94883109838383,22.157365165975484,15.843835687162864,0.9690909707448642,"[119.96864087024082, 108.66152778791405, 98.48724430029164, 89.35479198670826, 81.25677094826578, 73.9594402355696, 67.3291669481363, 61.453947610738446, 56.14940816707642, 51.40590888323921, 47.17522671463553, 43.40645767277397, 40.03990363287866, 37.09730065159856, 34.469893927404755, 32.141766559484516, 30.106549559931352, 28.34829662629445, 26.806110198070883, 25.49934886194795, 24.33727212298391, 23.311014780756917, 22.453709512480444, 21.733769857911412, 21.049746896437036, 20.435166681551, 19.84660832033994, 19.435534602130414, 19.041260132015314, 18.710398947092436, 18.44156676317388, 18.16523366181353, 17.918447114845986, 17.685245838887464, 17.45256290765731, 17.28744575292334, 17.112077450598917, 16.94293217438285, 16.74359759290103, 16.584817221557465, 16.436062464387497, 16.31732916959207, 16.185490315626662, 16.048018397110145, 15.914197829776983, 15.81058662783556, 15.692898752042927, 15.62621215147279, 15.443686789913555, 15.29308416857698, 15.18415720772715, 15.059805983877439, 14.98163405740427, 14.89693471396559, 14.748139666295408, 14.61384862155921, 14.440385352345245, 14.319705999046764, 14.2601392113375, 14.206513346267524, 14.125804729350884, 13.999685175258882, 13.873570218206881, 13.778602378095739, 13.699722678572906, 13.63196628756647, 13.58133749621747, 13.537538200213517, 13.408426760276772, 13.381058292819906, 13.272394571387817, 13.200064640080024, 13.155796958523656, 13.058802987734522, 12.971627849660786, 12.933415108010706, 12.874262859844578, 12.83299843849354, 12.757257646256134, 12.640540003763673, 12.589046648283892, 12.511435333376816, 12.4783834699189, 12.364840515071055, 12.285365848882005, 12.212535284068691, 12.167430786249628, 12.052120213832236, 11.966071970975165, 11.862217989021794, 11.790806989445198, 11.669514351381896, 11.569018807498171, 11.509096789061859, 11.41179300887117, 11.36154973115082, 11.30982478345402, 11.202835631419791, 11.169998096912876, 11.108709005031567]","[124.713361690468, 113.13188362718833, 102.62685490414023, 93.21889222916603, 84.62031264528882, 77.08583696567705, 70.11732617107096, 64.05293134472882, 58.51577749718828, 53.68751426006749, 49.282551137181336, 45.37734896771966, 41.84628030295569, 38.85532961453896, 36.096053188148716, 33.812450046535766, 31.763719667525923, 30.083529018041006, 28.593327655875036, 27.294829907523646, 26.26595242624629, 25.337592550659426, 24.604416915817065, 24.046975562468436, 23.484303488426622, 23.041083544915903, 22.534659332910195, 22.26723576285506, 22.08326680517686, 21.988302645659886, 21.89020073629464, 21.71921917764854, 21.614216911815845, 21.591098846677095, 21.52483135081138, 21.449139997593427, 21.45399679901552, 21.398329594964864, 21.373860338926182, 21.377020758656908, 21.350500463808306, 21.34710612115075, 21.355896241484846, 21.34014018667857, 21.276703235895436, 21.270578298019352, 21.281926686853662, 21.279328229569128, 21.244257157202334, 21.30024590841243, 21.34197885849141, 21.30717849135064, 21.32981431497074, 21.31192164562864, 21.310030522223883, 21.332262008800182, 21.364848168059694, 21.39536987924738, 21.39073074452452, 21.375636017782945, 21.40201416629269, 21.464327524748565, 21.452312354670983, 21.456921966431793, 21.465167482123448, 21.419069531992765, 21.413865608152086, 21.430988751928904, 21.376327744687504, 21.37512481372362, 21.418288979035964, 21.413581278951824, 21.411948119016795, 21.42650260020634, 21.41271762654492, 21.410033447520313, 21.393228856130197, 21.397603300013685, 21.415185018086827, 21.433494480974225, 21.45276282262599, 21.44480578114784, 21.476791077714253, 21.484887763295212, 21.48321221059882, 21.497184490523004, 21.5265758430345, 21.509060748297955, 21.484038082016895, 21.474015258539517, 21.449524506861756, 21.453081279926053, 21.456530848536598, 21.483912034043865, 21.43847175335097, 21.441046198466548, 21.43262925294539, 21.450386231600017, 21.46290098000343, 21.441322555122373]"
2200__MAROONDAH_HWY E of UNION_RD,177.9709303121198,13.340574587030343,9.473539663164804,0.9516830796118972,"[56.45633388816422, 51.24260820980035, 46.56532633000244, 42.37800403571906, 38.63396986676982, 35.2695151068615, 32.30980890022138, 29.67916999415166, 27.274619203104834, 25.13917244953019, 23.27767871240133, 21.651253119305103, 20.153388251478358, 18.86239256531288, 17.718810098687637, 16.73708062911531, 15.876087880316664, 15.138176351233676, 14.505758932121324, 13.942887605285886, 13.441117732330758, 13.023006424138302, 12.654609707269799, 12.345681105418597, 12.070992451054865, 11.832048823324698, 11.605041625618481, 11.42456070902301, 11.280595245685294, 11.157574433324779, 11.013267913830864, 10.890434869838439, 10.779022333514774, 10.665466674336706, 10.589675621720493, 10.484454201267274, 10.396434052101363, 10.294768278830773, 10.226094283414048, 10.13314428074264, 10.032649280799399, 9.948225591328207, 9.918683623523776, 9.847816367527296, 9.811808423396647, 9.788794938000581, 9.732590892472718, 9.65713754430684, 9.625916625650994, 9.593486326587906, 9.560272368362645, 9.490354894813395, 9.44381387050501, 9.420871712735837, 9.370865770129903, 9.318995099958068, 9.27927894618752, 9.155242434978783, 9.067714774341765, 9.014047460700876, 8.976266853886031, 8.916868124937448, 8.886039722425746, 8.833269946413179, 8.759073306443968, 8.733371164320326, 8.722314481290478, 8.680345118334305, 8.66564336160211, 8.635510616436767, 8.596441793294579, 8.532052139718186, 8.513163413032306, 8.503728436152562, 8.440002107089267, 8.41452390158743, 8.392862522700801, 8.37306135732307, 8.314559195100028, 8.286350546648375, 8.279583751666562, 8.240422278311886, 8.217086897749017, 8.157030369445918, 8.110635134188026, 8.065922908990615, 8.044885412953237, 7.99647029684727, 7.964701207811637, 7.9078064882337555, 7.863937663912634, 7.830750526446611, 7.776416035960525, 7.762366504991337, 7.704252350965477, 7.656507529280273, 7.5950427272698855, 7.5624196818132825, 7.530731208079778, 7.500681358045702]","[61.07221137919182, 55.537135598180576, 50.645129666313984, 46.151999950184354, 42.17072218620192, 38.51855949100257, 35.38757644749379, 32.64028971946057, 30.1869942988676, 27.958273231701412, 25.976192458936232, 24.268646459062158, 22.63096661579483, 21.297916076919474, 20.06832022494893, 19.0129549643149, 18.091268812499894, 17.282379192974428, 16.618224640979985, 15.968567697753002, 15.494256982168418, 15.071294203998685, 14.716797762844093, 14.443185402392766, 14.141633613452747, 13.91983835015135, 13.742542648274465, 13.559769370857358, 13.40646684321083, 13.292226226158958, 13.178552475605454, 13.088211684097597, 13.00131705234326, 12.938258439771365, 12.855946474543844, 12.804203120226774, 12.75172462818896, 12.734425605215641, 12.672645597324358, 12.683046146171788, 12.667747739841582, 12.711979572818409, 12.698186265726083, 12.693423346467943, 12.68638704897015, 12.678485639070535, 12.69834342016274, 12.70744304208132, 12.69504386835446, 12.662069444176234, 12.655799060626773, 12.656305579188281, 12.655771135689086, 12.643218850927388, 12.651276901249165, 12.646991991524683, 12.653059440327224, 12.612141539207819, 12.576600094221813, 12.592379439243068, 12.5995301211692, 12.607154503786335, 12.618923636206336, 12.616437025584393, 12.653958191656663, 12.64449554717029, 12.638114257227794, 12.655190601492235, 12.657625549086907, 12.682584190622286, 12.690184066442393, 12.678499833544295, 12.685194133928771, 12.683459337544287, 12.689201572856913, 12.686188122773816, 12.698191854939347, 12.729239572296999, 12.758154621354532, 12.765696767245233, 12.780394305215463, 12.787785637661221, 12.799512216970898, 12.767967379720591, 12.767882744352, 12.749610183485348, 12.745257859294675, 12.744735915539422, 12.759275900920168, 12.74957236741824, 12.759805192701535, 12.770859946377183, 12.759078116147627, 12.761055470528893, 12.728438950486117, 12.7302576564191, 12.741077477107485, 12.732077239933089, 12.727995261092028, 12.729319157945342]"
2200__MAROONDAH_HWY W of UNION_RD,203.37582654550266,14.26098967622874,10.540208737769824,0.9473576533326886,"[58.756145916110995, 53.37802493502052, 48.54334930924031, 44.228094475170366, 40.400423466412484, 36.93058834346804, 33.86123772221291, 31.133170190244687, 28.671236388344823, 26.489863481314995, 24.594838961372435, 22.88119172120853, 21.387400665724748, 20.094682320780002, 18.956142643114028, 17.981793944840526, 17.109847372904085, 16.36208274528697, 15.712889715130157, 15.139731472681527, 14.666402231834894, 14.206119145375764, 13.840894875384246, 13.491728844479637, 13.192441791327694, 12.939125200430587, 12.717559117844356, 12.521725976396768, 12.377896510375653, 12.238200790686104, 12.06485751182672, 11.927915426791618, 11.818171124769666, 11.691089484702728, 11.56608852527745, 11.483087756952912, 11.424102392191452, 11.283015068698493, 11.182164049213302, 11.091400589217745, 11.033558420212579, 10.923067888929788, 10.835683535742627, 10.76218622386728, 10.689719469970319, 10.5989612932286, 10.495307952696216, 10.421940859898783, 10.376462606988108, 10.34373858843759, 10.31170105779649, 10.24879461666469, 10.1349729145869, 10.061786499571129, 10.038842322679425, 9.974844257571934, 9.940424317072917, 9.906811745391995, 9.849915795105751, 9.819979527139509, 9.801865281105636, 9.73796566222317, 9.69583287694135, 9.627340346111179, 9.565112972826729, 9.53055662117399, 9.476432433410363, 9.406426226040185, 9.379489293212497, 9.34002032363074, 9.316541544272928, 9.28081512165352, 9.270690947424628, 9.197102379809284, 9.17032769147586, 9.127862195857588, 9.106099968856686, 9.025092748486147, 8.95525384964716, 8.915113003584624, 8.847003209672557, 8.796815421576506, 8.729958139396638, 8.68532177829239, 8.673858754814727, 8.629719427724023, 8.5823318106811, 8.53906234406677, 8.486552002758515, 8.457389956104736, 8.443913513192609, 8.406725497936161, 8.349353116589871, 8.335647337445266, 8.310131070905884, 8.285936106211956, 8.240121723160081, 8.171064723052917, 8.146305183670147, 8.112025335201723]","[59.15889327415673, 53.677232386048836, 48.770191558854314, 44.380231370133664, 40.44739024258059, 37.00096794908998, 33.92314600281289, 31.221697648941827, 28.74769538159359, 26.58338674308553, 24.69922082476703, 22.99306782885553, 21.542595454120658, 20.237423179577824, 19.160519532525058, 18.24496501355405, 17.43354228528086, 16.669450075944905, 16.142551765949534, 15.698977596945504, 15.31600133408068, 14.9995564651223, 14.707038097786985, 14.460652285843004, 14.251161580605379, 14.103784137659346, 13.972708799373907, 13.895147417151183, 13.830350197771308, 13.778034303967658, 13.67238598424318, 13.606205341799491, 13.58633721378759, 13.550117199150476, 13.541815214940248, 13.518290205906268, 13.505310883136637, 13.43798387218561, 13.389297389175667, 13.376091385612702, 13.371403272284532, 13.360392971186851, 13.375255198238818, 13.370653207032776, 13.369068163503306, 13.352073244882844, 13.359724166254377, 13.382741922220633, 13.406896870547335, 13.431068504064882, 13.442202880152635, 13.445160990389597, 13.473231535376906, 13.48908626287191, 13.486545871279274, 13.476325776275383, 13.490084660942594, 13.478947886972321, 13.514715526835532, 13.52148569133574, 13.516824277681406, 13.530632797600495, 13.503363756540713, 13.50107954565712, 13.501323473877548, 13.52562763494173, 13.525169928232533, 13.541591326948211, 13.54622811423663, 13.55207132956156, 13.554540043497685, 13.561350110576267, 13.565171476051516, 13.532017097055096, 13.542208972273622, 13.541441685403738, 13.53583771106064, 13.543720441016694, 13.562148545477669, 13.566508274298803, 13.54598714422031, 13.534409032036406, 13.52257742977748, 13.530304527733447, 13.531179854532796, 13.522944401284253, 13.548695145833465, 13.59311432639957, 13.59803598794659, 13.582364600465386, 13.585595102346918, 13.56426742479079, 13.564801962864625, 13.562538485836372, 13.55927979031075, 13.55669840046798, 13.554197906651462, 13.54960070496546, 13.542878987803043, 13.543595490858138]"
2200__UNION_RD N of MAROONDAH_HWY,119.08963538264318,10.912819772297313,7.788571704371591,0.9627156176847275,"[54.877733539090336, 49.75496127823124, 45.170330051749154, 41.041765561133175, 37.37548954420763, 34.05815236973398, 31.114213903958728, 28.45850118943684, 26.106767512325423, 23.943414312026647, 22.083667490623956, 20.409433298707736, 18.93893529666237, 17.653174672946445, 16.490026108757444, 15.455077154184256, 14.551461665265965, 13.78589199474095, 13.09160710783215, 12.505231655463733, 11.972452565930999, 11.522477694331577, 11.141407014088541, 10.834210994247535, 10.54118544589285, 10.263316438868205, 10.022742063880715, 9.819997137830017, 9.623707326255657, 9.448278956316328, 9.315332144185598, 9.19420433712103, 9.073672988596542, 8.963186970693469, 8.865240203166183, 8.782111684289347, 8.691857728440851, 8.604023936226668, 8.536001911113694, 8.47850138903163, 8.424068805319253, 8.376190528102205, 8.32638149301433, 8.22851916115437, 8.150765513405778, 8.097257367833436, 8.043709733128852, 8.005308656716002, 7.959892666558524, 7.915726464523667, 7.848767823790172, 7.810945493861382, 7.767315046715073, 7.736221826915953, 7.688200367565696, 7.6649744292010755, 7.592089561027779, 7.5665586292262255, 7.520266707629937, 7.488540480899598, 7.469489159390891, 7.436511857118013, 7.409088058302511, 7.377130858824268, 7.350840038222107, 7.304902147264655, 7.259368745634093, 7.191275059415065, 7.111813005580195, 7.0948158258096194, 7.071579008014929, 7.015200680858603, 6.966851567186914, 6.921635396937608, 6.899212853363036, 6.85650946849338, 6.8282025775527435, 6.772480090576595, 6.733988426861617, 6.71958364125251, 6.683805772178959, 6.64298092931185, 6.631015368793884, 6.5961426731097905, 6.564177995010436, 6.530770841426241, 6.480506819197096, 6.427064495000898, 6.375872106426977, 6.338468326386138, 6.324686141215109, 6.3149184658521405, 6.291281884535163, 6.273015706237123, 6.264435355540681, 6.221718786261563, 6.179173049106909, 6.161877097866842, 6.138867531827494, 6.116091755039757]","[59.77348121053392, 54.13748554699081, 49.094838079363555, 44.571808392394665, 40.639814247704905, 36.99405890864519, 33.7710507083408, 30.863489135266942, 28.292413062726013, 25.952047960563167, 23.950734144539013, 22.226371262872444, 20.664178696256176, 19.30682781919908, 18.074055990365782, 17.019561850145596, 16.098565768423462, 15.365408943981013, 14.674696301605017, 14.121864330200454, 13.66826798052288, 13.291622268568508, 12.997155566573992, 12.762018919866069, 12.502955816997744, 12.344637982766546, 12.188219702370654, 12.020813752239428, 11.930618658260057, 11.844227257789067, 11.763887723868859, 11.699095427834717, 11.632411991687174, 11.590530090959847, 11.549897721643482, 11.52407228975239, 11.504361067812079, 11.487537767394612, 11.48849267779755, 11.457396716086832, 11.43264179418405, 11.413385584765399, 11.420706896463585, 11.402120060787286, 11.394237992827925, 11.393767265641303, 11.383334064597172, 11.393558683158295, 11.400547088108048, 11.388075138061991, 11.379529905464304, 11.378810254485192, 11.359886713752847, 11.361992262225773, 11.332607216595962, 11.337484484209721, 11.292362054032322, 11.27944486921562, 11.27879041176795, 11.28168541282179, 11.27809130900559, 11.275519821930677, 11.286251088921018, 11.273557760740822, 11.27943517507231, 11.27529466314261, 11.252723817144357, 11.274900163794417, 11.276552790690742, 11.271630807088366, 11.264381874536664, 11.237093566478825, 11.216089495600375, 11.192988648897225, 11.189283780094913, 11.196115636688, 11.197560495840307, 11.180843613622347, 11.184445226888489, 11.200863506447313, 11.203210646440429, 11.19524312034008, 11.20001139494083, 11.19729977025973, 11.203014187365516, 11.20448357700932, 11.213984868661818, 11.248022253652868, 11.279272839060713, 11.273344053691678, 11.275155376280171, 11.262640442960452, 11.255111424559441, 11.246321040626764, 11.249365008641472, 11.26004938477415, 11.263031364043595, 11.266672971251653, 11.251006663745343, 11.256651066721952]"
2200__UNION_RD S of MAROONDAH_HWY,123.24715282599881,11.101673424578783,8.020179524582424,0.965140201708755,"[56.056014824108985, 50.85956809311933, 46.174178754522174, 42.01001204606648, 38.25355458485109, 34.885380927525375, 31.858351684236464, 29.1721250063906, 26.75314541788634, 24.601701873351615, 22.687538678356333, 20.986557098959068, 19.49608832958832, 18.189488639692122, 17.03335448987286, 15.975016821372828, 15.10688199855422, 14.327494679462852, 13.631401218018055, 13.037340664200459, 12.509087030730353, 12.035370041617236, 11.6743443300948, 11.327081017340593, 11.045658588142068, 10.781041229363332, 10.539519387657712, 10.341236377276486, 10.1700287796315, 9.988353403001621, 9.804520976853752, 9.668799786649918, 9.556442582387973, 9.449404404029114, 9.340667912762541, 9.260131502805907, 9.174675862925085, 9.083468126279767, 8.993125757119206, 8.899255021888989, 8.820778148162885, 8.746176895911564, 8.674249536848588, 8.585045617627229, 8.52633531707518, 8.44328965708924, 8.386124154401063, 8.334793433836817, 8.312176267243375, 8.259760962392447, 8.199128532562826, 8.115907597821808, 8.041969680571263, 7.9610082545106575, 7.916570325227466, 7.908529484665012, 7.879076167907387, 7.835648534727216, 7.760760205297522, 7.711261955049415, 7.6908341499857675, 7.65618517273182, 7.6048754920884996, 7.561793887033904, 7.534161884285371, 7.500136333651893, 7.462564989074896, 7.423641522465065, 7.414202307211645, 7.3600597566543495, 7.301732373953093, 7.28317642147513, 7.2617201044730395, 7.2498545855726295, 7.2201270551779695, 7.161216102856893, 7.109168422756078, 7.049897199767774, 7.0166847158671315, 6.961074064107849, 6.925062247397745, 6.883105636277354, 6.83264441487115, 6.7804875141340215, 6.7414153896109905, 6.693833733519541, 6.677071535428048, 6.63830129630526, 6.602810569937495, 6.570843774568239, 6.56045744785888, 6.535064003767199, 6.525674771393945, 6.461332342629443, 6.4174284615352555, 6.39485420276771, 6.349831147250583, 6.341206441990093, 6.301672048449669, 6.267388717238169]","[58.45701350512838, 53.055923663893395, 48.231087284773864, 43.893088718959746, 39.93491846368485, 36.478399044492505, 33.40301403487887, 30.726679659024953, 28.30455736175208, 26.08962975147192, 24.175655298929687, 22.529164324481737, 21.085860641691816, 19.881719244377834, 18.839942880778352, 17.875771060789734, 17.075634729023733, 16.39030381784844, 15.768872356836184, 15.268383914718711, 14.796600504310629, 14.425921424055595, 14.134451482082012, 13.855384876524019, 13.642233225484155, 13.408470584961046, 13.2627082414302, 13.153539282918814, 13.046941241730869, 12.98832718129241, 12.89105783203239, 12.813514899315628, 12.796250662833849, 12.764130960701253, 12.734698058513047, 12.693264055087809, 12.66623645152451, 12.623846061138774, 12.603460882513385, 12.596575319658607, 12.588347906594052, 12.570699578555296, 12.573148898620037, 12.576467342582216, 12.556807073903052, 12.528683137225979, 12.536432934911433, 12.519945031127719, 12.51792240438157, 12.51783009465147, 12.516217278310746, 12.525704173119234, 12.523773890942612, 12.512346322084209, 12.502319128313697, 12.507280375618599, 12.492329952121418, 12.480117877442277, 12.472087149434378, 12.497228685527304, 12.500806381472461, 12.483334233737052, 12.466644937842647, 12.469093615082139, 12.461003570088298, 12.432446549247818, 12.440431593767592, 12.426554127513173, 12.41806790551066, 12.39571984193044, 12.402563162033426, 12.37013898820194, 12.365749437259133, 12.363021010529197, 12.351320792199731, 12.370699074018766, 12.39466841565663, 12.40062136965242, 12.415994807730112, 12.426524116699833, 12.43521885552695, 12.440076935785497, 12.443710564769873, 12.426615171232603, 12.410341945775306, 12.42077043997511, 12.428482150877675, 12.424927565043133, 12.418800942701358, 12.411924337508198, 12.41675720784412, 12.42955548037764, 12.43041242175563, 12.399450063697612, 12.434556906219328, 12.449787965154677, 12.463693130835642, 12.46322341707714, 12.463509416981237, 12.476700923353555]"
2820__EARL_ST SE of PRINCESS_ST,134.28966273863097,11.588341673364269,8.468764515673177,0.9502283997918531,"[48.38398271310684, 43.9460633373227, 39.98725226741375, 36.4378436121766, 33.30474256744171, 30.461614764361784, 27.972383405347124, 25.7166293901145, 23.69984243038702, 21.930656821967382, 20.354244275136715, 18.979927788613768, 17.75696760869439, 16.68447481961401, 15.755617403655465, 14.954375531422325, 14.278097506786622, 13.654518868175357, 13.09176978427819, 12.631491566018054, 12.2285247081357, 11.899243036974596, 11.599680933129797, 11.35280113876229, 11.118775001435885, 10.902834502188556, 10.712412531853875, 10.57407606069763, 10.435378136090137, 10.33455164744384, 10.2117453044285, 10.09140080249383, 10.012223852872381, 9.922730671530864, 9.864253951898807, 9.770701707731904, 9.69273088646448, 9.623954662076997, 9.574267809284256, 9.488019859992328, 9.430997556321683, 9.359029871881583, 9.283136953996074, 9.233960519102714, 9.186901399793348, 9.13438867468214, 9.085918742725793, 9.015385969810705, 8.966456701163846, 8.9320707904137, 8.873009097105209, 8.818294946358273, 8.7306905788943, 8.698371159065593, 8.633891070581255, 8.582838009891766, 8.539117818507545, 8.484314931315435, 8.444603821660163, 8.408593103412203, 8.355864857949204, 8.317510301773673, 8.264803216895817, 8.222396656234183, 8.165521444719035, 8.118106671599135, 8.068159798792383, 8.026811108474499, 7.992515172561996, 7.934655378098676, 7.8833584744755205, 7.835149812107403, 7.819436402560094, 7.794934884218943, 7.720980515336257, 7.698266691899564, 7.683259476396785, 7.647706049744511, 7.615092239284011, 7.597457795680971, 7.590371167676791, 7.573471203898793, 7.551041781238849, 7.506412608343423, 7.446819720865568, 7.412489668002784, 7.380558428189314, 7.358520990269643, 7.32284410187297, 7.275469880942746, 7.234473035980322, 7.1892302257396405, 7.166398767034323, 7.148451395268919, 7.112098806134299, 7.080726129364127, 7.0323832854515915, 6.999936060608483, 6.993808417796628, 6.955615494338164]","[49.35138391587147, 44.84760580902411, 40.876606503496944, 37.3462490518358, 34.1870881171828, 31.369358813361906, 28.897998366134996, 26.695066782673734, 24.726807389118356, 23.000982971468925, 21.51455436287001, 20.24245616482738, 19.11708275086642, 18.17893170148121, 17.36527999946826, 16.65157882633276, 16.135986258737226, 15.660846163321073, 15.170688648168255, 14.841158380779957, 14.491237001243386, 14.283594973319575, 14.084456799967004, 13.913151870487843, 13.744084702307328, 13.647462108263506, 13.47890515430576, 13.397131637755319, 13.335269662452884, 13.2711170266996, 13.211005969614611, 13.18243126236337, 13.14771415635332, 13.123515941470615, 13.113345891896557, 13.066102723952934, 13.083276890368996, 13.050997826295816, 13.006918363126418, 12.949594276974148, 12.936842525396008, 12.945316172981816, 12.913521740409804, 12.908916330389602, 12.916328390298837, 12.921902010330324, 12.907657783785567, 12.908233724695856, 12.89029614323612, 12.888810986661094, 12.866538637055696, 12.8440030901584, 12.842364866910305, 12.851545789417921, 12.824614381400139, 12.785518952845772, 12.783991978872692, 12.780831813525456, 12.779334472645633, 12.77914690725354, 12.809755064762419, 12.829242867627848, 12.833599508950156, 12.845808624297264, 12.835303597820994, 12.842170852639219, 12.83914161567394, 12.818841679807397, 12.82438407618595, 12.828685339741346, 12.809173083700603, 12.812675425588115, 12.815783034740527, 12.835872980110878, 12.832036500733624, 12.834246639163094, 12.836105916433977, 12.813152445897686, 12.82975670127296, 12.840229728275581, 12.830378953011692, 12.845776620060937, 12.853434301682041, 12.858682884975131, 12.83711380075972, 12.840034546330978, 12.854616871073649, 12.85137319706352, 12.853616194006783, 12.824655695957897, 12.843266651032845, 12.835819560378786, 12.832715809421856, 12.833508252937063, 12.852215115804478, 12.871048724010892, 12.890112528814493, 12.90546386278393, 12.905342918570447, 12.89769539089919]"
2820__PRINCESS_ST S of CHANDLER_HWY,287.401192420611,16.95291103087051,12.079208932730548,0.9765736365241485,"[100.85391609647178, 91.26175711448565, 82.65313168889352, 74.97902171857268, 68.24201216730351, 62.008980813875, 56.48663034654941, 51.50250758799901, 47.02406682961185, 43.03223046361276, 39.514189110600945, 36.33024953377567, 33.574430313563944, 31.03148277166246, 28.861913451006483, 26.935699907420798, 25.24946683184662, 23.745937922062467, 22.41928103249142, 21.272434582254952, 20.221745400095337, 19.34110214675035, 18.600575671160264, 17.939476223613156, 17.36439240511331, 16.871004337683384, 16.447318224215255, 16.06095648591415, 15.733190004077235, 15.370204568284686, 15.1032989112319, 14.839335371709065, 14.634304744477758, 14.433531933221687, 14.24260766975148, 14.085165886909317, 13.97369073323328, 13.849506361020788, 13.720853388657597, 13.576761084857544, 13.460676887117804, 13.36947485288171, 13.250759413438244, 13.136027799043436, 13.013279060947688, 12.892376615263304, 12.818420000866084, 12.781350019753985, 12.689308776287962, 12.557432322640393, 12.465323427324154, 12.345411945289133, 12.30861384247854, 12.231891527333131, 12.125426235413153, 12.031523565842006, 11.992209546168633, 11.940949587766221, 11.873459920570417, 11.793574299597712, 11.732352400962572, 11.680288171870487, 11.614757506616055, 11.56530016756714, 11.524431373957327, 11.486835740353225, 11.45447754902623, 11.402854339590144, 11.356871520745479, 11.298834405132537, 11.245421594551061, 11.175436063364025, 11.118333366585201, 11.07195741809018, 11.034237051958671, 10.958006547210607, 10.879822508335527, 10.831487425275977, 10.79152703480551, 10.755876453039948, 10.69368055069993, 10.64967021724369, 10.61681765473533, 10.547992219917965, 10.517349459204626, 10.469373870621277, 10.386261819708087, 10.349983008635764, 10.302044785016106, 10.242342186269315, 10.208889503190333, 10.179719754222187, 10.148797128392934, 10.090777335726314, 10.061439028130298, 10.005844122123323, 9.9564040467451, 9.908267193306038, 9.830856457439358, 9.804653442267787]","[102.03161162335653, 92.4144145609539, 83.79863859956085, 76.08967606978254, 69.43392267728338, 63.23465848478972, 57.78329448615376, 52.894179428984856, 48.47576195978645, 44.50673559506751, 40.9896874211182, 37.85826425589517, 35.18130724021338, 32.814951597207845, 30.7224265345971, 28.83554339815664, 27.21876009552318, 25.86700138281813, 24.680680256198727, 23.65930814972867, 22.672490187647373, 21.89220369311508, 21.245038212615256, 20.70170499958488, 20.202042340121807, 19.85563457859901, 19.547902069811265, 19.27991421517869, 19.0698245906857, 18.86048052029686, 18.64719589023861, 18.491374916596403, 18.36708689866873, 18.232645603733037, 18.15439222620762, 18.09749558777807, 18.047207956071343, 18.075058073653352, 18.010913933441383, 18.007586037731322, 18.001742241509593, 17.96143143013282, 17.946957706905597, 17.911406975841032, 17.92023952808811, 17.914397222937502, 17.90748808929373, 17.928937455316262, 17.896685180389177, 17.860580846740554, 17.824272553650896, 17.805967855172312, 17.767868458607126, 17.74052663328705, 17.79437229921186, 17.78180270937039, 17.765676412921767, 17.76297579311642, 17.75854339300737, 17.804400371122952, 17.84586676966661, 17.802744561929877, 17.794237184697593, 17.76928615515175, 17.748051605673055, 17.78058024941554, 17.789212751611398, 17.841805163832156, 17.827410888410743, 17.819984601855722, 17.805464137707883, 17.821807795668697, 17.81764107473573, 17.881121604313137, 17.893354764245714, 17.888998790968177, 17.916721909361993, 17.91800827723992, 17.9371596945685, 17.923669347988355, 17.925707925445373, 17.93147013125307, 17.914981278584747, 17.932417308410205, 17.93300414922318, 17.919887775633214, 17.887163818389755, 17.869273222695387, 17.880613064465347, 17.872285012368643, 17.87613867244744, 17.85144588079794, 17.861272189219836, 17.900043401236612, 17.91879773640476, 17.922392338344334, 17.93219520407463, 17.959507112833123, 17.969738581660106, 18.037386079478637]"
2825__BURKE_RD S of EASTERN_FWY,275.1139535111739,16.58655942355659,12.422559578499097,0.9708483030444519,"[94.35755597130928, 85.58521425945668, 77.63675932516507, 70.49763112611886, 64.21705525300492, 58.46389304000815, 53.33021937745835, 48.73605432115906, 44.5578668853778, 40.8768709043369, 37.59983345747533, 34.69429261811303, 32.072399209799926, 29.779879714166807, 27.72094683785818, 25.92213432962477, 24.392106073240633, 23.018741881955965, 21.814041313736492, 20.78587709163924, 19.83062245696812, 19.00659509553495, 18.28561572410671, 17.651957828418652, 17.127805439200074, 16.651967190778695, 16.235313918203616, 15.874149398341522, 15.547302370967213, 15.243420484813033, 14.984539492669743, 14.775815563723782, 14.578613462246258, 14.378728466263762, 14.176763774610604, 14.047146679788419, 13.8704235591552, 13.73197550728267, 13.598609419278722, 13.509273018379478, 13.380077251235717, 13.300246022814012, 13.191420374917925, 13.064693456574965, 12.918545141422141, 12.85017498761417, 12.733595282994854, 12.69875667425307, 12.628081177506541, 12.542481430654771, 12.445436577283141, 12.316537915601232, 12.19932196956461, 12.094838035701455, 12.010722166336087, 11.921771990953971, 11.887449454919423, 11.81937604670498, 11.745052096542734, 11.703521429779418, 11.631976376340605, 11.599171948512378, 11.569896727244338, 11.498485554110752, 11.419131799311435, 11.356113894270543, 11.315299205258528, 11.266161929349277, 11.21314846474671, 11.141691399599734, 11.072741928656832, 11.040012300728215, 10.960041004784014, 10.876952503673667, 10.843054965164747, 10.777391764638578, 10.698449214037556, 10.652843485414184, 10.595544426996758, 10.526899655553459, 10.448030550813744, 10.377864367102298, 10.349783483878438, 10.332782686626343, 10.271711198236844, 10.20946823296172, 10.150748085004215, 10.110834044339315, 10.060536710092245, 10.028209233308878, 9.975128581400993, 9.915720687169431, 9.869207368326718, 9.817364625083455, 9.749175775277312, 9.717086188404895, 9.70068359119156, 9.642453280281444, 9.579037630154637, 9.550827420143998]","[101.82943539084332, 92.38793455914957, 83.88267358020327, 76.30932066652335, 69.44962053982685, 63.316368794517274, 57.82048744644074, 52.95312712543012, 48.50372199849803, 44.562197976278156, 41.02523970871552, 37.86231737774002, 35.04481591434544, 32.6974347852065, 30.56797912480898, 28.56920891333473, 26.989705894773053, 25.66173219492109, 24.40547508988578, 23.320214442654983, 22.315377598675163, 21.50464622395367, 20.72802537624537, 20.142361326515143, 19.641966612004328, 19.222498981477386, 18.882383312282816, 18.578963005787326, 18.304456726598392, 18.020397624158864, 17.828584444573064, 17.67894626675685, 17.565659655751283, 17.43122377809245, 17.31147559496926, 17.274219856806745, 17.261496677146848, 17.220595534151332, 17.193113348293426, 17.19317984282376, 17.14033697267434, 17.084196548174777, 17.07916914433948, 17.076028624032176, 17.060588815735063, 17.028858560812694, 17.040224942482272, 17.02802893590314, 17.011480630440815, 17.001668932162044, 17.032942249956594, 17.01964182825847, 17.026383497860692, 17.000744625413358, 16.944348526423756, 16.8966110924087, 16.880487504467943, 16.878234889971797, 16.879067267021085, 16.882514571343194, 16.89094350340821, 16.887723307618902, 16.878647613496444, 16.86030101242449, 16.86617525030829, 16.883700114562195, 16.88280754994441, 16.87586323011047, 16.858152060157785, 16.882966805058842, 16.890072916664202, 16.903457326751123, 16.91570872762093, 16.905920688971552, 16.88643992343819, 16.88712643368299, 16.87371072682844, 16.87279240856737, 16.84251778750368, 16.830250411265936, 16.837313247895963, 16.83198257976256, 16.830643956911743, 16.824268055081856, 16.835238129715915, 16.872831537905356, 16.864627205430534, 16.87298096437375, 16.84513556978818, 16.82179009807273, 16.84043945440876, 16.849995768772928, 16.851497178334945, 16.827443871724117, 16.816285165737398, 16.79272857063911, 16.79361516463783, 16.791625094334716, 16.787864704931607, 16.772382062102594]"
2827__BULLEEN_RD N of THOMPSONS_RD,321.4095710655812,17.92789923737807,13.311335237910239,0.972592214096307,"[105.0454312965472, 95.1414461564022, 86.24427871910807, 78.3129596867724, 71.14615629635051, 64.67120403943096, 58.91045778788006, 53.70908301573084, 49.059464569818516, 44.88409080404425, 41.19759641704784, 37.919958413145984, 35.02754472121746, 32.44273127943019, 30.137418415895514, 28.12230951977429, 26.383883909196214, 24.824418008672705, 23.439952646154374, 22.295493093486943, 21.273236248117946, 20.390941999647488, 19.680263545925136, 19.01518682642737, 18.444763359883826, 17.954309529704915, 17.498726040850773, 17.12185272523666, 16.78114099675614, 16.488754620026434, 16.18746043654652, 15.936962952069335, 15.748527905717813, 15.563609405879134, 15.38996372532621, 15.225194675265346, 15.0794106454392, 14.929652560618978, 14.815046600403505, 14.696572677437208, 14.583800172374909, 14.480774019339487, 14.367764320840552, 14.2881484128545, 14.164820151106206, 14.04963478351048, 13.927472310554498, 13.837359711022565, 13.722802551936025, 13.654672476281883, 13.526240102551204, 13.407153804172493, 13.363366062013501, 13.314529251605975, 13.276834392248846, 13.204705861097587, 13.13549491867048, 13.077544435601936, 13.020875385752605, 12.910671661549468, 12.833530797914213, 12.75752296124945, 12.696022053217632, 12.604162011319989, 12.538515348596327, 12.413028226206395, 12.312281679564942, 12.269007209737733, 12.215795350280105, 12.150657618278476, 12.10631100659482, 12.0440559068807, 11.997569104775893, 11.974059314156579, 11.87210778987485, 11.76609515193106, 11.663288673875188, 11.613804870238532, 11.526724378114691, 11.454078139334431, 11.408586432225626, 11.338852393540888, 11.270916958677677, 11.197792540768639, 11.13168063861487, 11.08379485333997, 11.043004181571758, 10.967187167946252, 10.887362517430407, 10.824185008868398, 10.765085025108862, 10.688217734798084, 10.6784556395619, 10.650379170155002, 10.601551681455305, 10.554840383571943, 10.497166517657176, 10.465440961131849, 10.399939173303562, 10.357440497709195]","[112.73189411144317, 102.13092333488895, 92.60159686755033, 84.05428686960067, 76.28897170427022, 69.37110001095124, 63.17729255372533, 57.606652987639904, 52.590730954761675, 48.15635942479662, 44.14962477195917, 40.67061731681909, 37.53360477733775, 34.77344103795341, 32.25920313288905, 30.084941556967536, 28.24227092859833, 26.61633911160555, 25.137117404588057, 23.935129691532193, 22.870689552720446, 21.991374023240372, 21.270708020043784, 20.63349927563071, 20.08704048225255, 19.658661305074094, 19.265822742958125, 18.98341515074763, 18.72122137331863, 18.482998144028286, 18.2631592665177, 18.10189110450371, 17.961731122190233, 17.85995319635692, 17.74522439435203, 17.711729250591095, 17.657777215828293, 17.602816718010384, 17.570056843424418, 17.520961680888632, 17.513736937423516, 17.49162196383845, 17.46555346748011, 17.470759123284786, 17.46957797228465, 17.435245182054423, 17.41871525087246, 17.41882873641994, 17.391117639190373, 17.387192482599904, 17.383795827004306, 17.41083937299888, 17.40096953341799, 17.398933843024032, 17.399450758318658, 17.387232235877292, 17.368953921188357, 17.372250469136656, 17.349536669763868, 17.3885379820045, 17.36546846411392, 17.376968342859435, 17.395245839182596, 17.407072893100565, 17.415685027799213, 17.363579650261418, 17.346668189877555, 17.394222201606794, 17.406848455142452, 17.42035065521378, 17.413826963819623, 17.430288862604648, 17.424567028860732, 17.41933421620603, 17.39440732636886, 17.369484318965032, 17.37373864090869, 17.384481935941693, 17.387444714111695, 17.390487633906396, 17.41127686827472, 17.419222054356762, 17.41267761183542, 17.416362985275825, 17.39141350080686, 17.392343561177505, 17.386669079987723, 17.383929061284466, 17.34970606844901, 17.336132045578807, 17.35584297912289, 17.34152589438762, 17.349867609675112, 17.363676640000506, 17.362270367782678, 17.37105603455073, 17.364955837610175, 17.35551060345537, 17.3495281923773, 17.334516558539402]"
2827__BULLEEN_RD S of EASTERN_FWY_W_BD_RAMPS,164.77992494804556,12.836663310535396,8.910512386814931,0.9594669351236969,"[60.27870095406513, 54.69077845227891, 49.715096875037226, 45.211304345976046, 41.236848014422826, 37.62586154998931, 34.43422455116495, 31.556856094511854, 28.947370054473666, 26.677094935332065, 24.615571294015652, 22.823296892372785, 21.212192262822185, 19.779135101274253, 18.52397282932298, 17.3998333067327, 16.459920917488457, 15.616737365596142, 14.878261617811779, 14.21854282893634, 13.649662714941414, 13.186849691677889, 12.73989115025306, 12.336121904959706, 12.001464983644787, 11.712066597762517, 11.437369389906936, 11.21309158458827, 11.022855629774387, 10.839536533088546, 10.664368543685695, 10.53427209279978, 10.385240720669668, 10.270764352145612, 10.140074841399697, 10.007626350635674, 9.903157724506533, 9.784534979887676, 9.701887497265215, 9.594451445308147, 9.505642926148006, 9.427444779271429, 9.364102798267592, 9.267747624064082, 9.162223259545577, 9.095094076659631, 9.042835742538738, 8.937061516112141, 8.90568558680049, 8.849850748124414, 8.824445234530161, 8.740896989866538, 8.664906830743847, 8.617884776785266, 8.57621907000936, 8.49064622369844, 8.461890415889961, 8.444252968812563, 8.423259748927773, 8.395151695821966, 8.366722633285587, 8.353255732047405, 8.286514973602676, 8.252809401722637, 8.23076268437574, 8.21454874762149, 8.18494779846377, 8.137183067887525, 8.094725839880784, 8.076119907657404, 8.053060261197036, 7.970981430583145, 7.944285888936815, 7.902209151273874, 7.860607740742959, 7.792670359595364, 7.754652630535221, 7.723903891239947, 7.676554454764047, 7.649182466204776, 7.598065872401036, 7.54724499467859, 7.501625719446977, 7.481875637160415, 7.461923054889338, 7.440036319049204, 7.40605534745826, 7.360272465930855, 7.33058201803652, 7.276416173788372, 7.234535399301345, 7.2146437174333125, 7.158654264840832, 7.131545573847829, 7.077339820002413, 7.06451367195542, 7.049942104986725, 7.018607354251017, 6.980956900950805, 6.97459738113953]","[63.43944670179671, 57.500679047710456, 52.16304936835535, 47.40922313017109, 43.147133069723466, 39.30363504290172, 35.94043831182816, 32.9193456776429, 30.142222780599013, 27.73295499382694, 25.567344025799454, 23.680368171687373, 21.982710469785623, 20.461089515243515, 19.140337678171168, 18.04192207668116, 17.10173870151668, 16.253108146260715, 15.52584288063759, 14.89606139451789, 14.346469034463379, 13.915550053661844, 13.534006268559757, 13.157385316664788, 12.89457638069989, 12.649253653524962, 12.443298013221149, 12.277744222858209, 12.129998698192813, 11.996914896398042, 11.888380709293049, 11.807192066228955, 11.767775409363317, 11.729843888332669, 11.710538945763535, 11.6666210543246, 11.628404603488036, 11.579811724055265, 11.559476929697338, 11.569214978616742, 11.51447703098793, 11.487304906223857, 11.484978189453605, 11.451118798390207, 11.434736689612187, 11.422073408125737, 11.421286211743398, 11.4214640025106, 11.418932988692797, 11.425913198311406, 11.426938704066519, 11.452415969109175, 11.460729605025143, 11.483975124976354, 11.488767724652055, 11.527756756710234, 11.543730163643488, 11.561577318830842, 11.556558313779533, 11.550064632606754, 11.558148771899301, 11.564294518180864, 11.563032380033093, 11.561748314713283, 11.567617565949304, 11.563221972626566, 11.590390621161198, 11.58757331453459, 11.595971654320353, 11.598691933392237, 11.604639869323917, 11.640405012419938, 11.637596667320135, 11.631018568637817, 11.653165437055968, 11.629948543706703, 11.613444455341995, 11.616305627135976, 11.618500717379348, 11.613767317451304, 11.611552020012242, 11.622915839843941, 11.62434526606124, 11.63794503286468, 11.643221808313989, 11.640572174518356, 11.63746022431426, 11.635583978217136, 11.628424773296429, 11.638035859880675, 11.637670399465593, 11.632278907572381, 11.625298854003637, 11.625165780798653, 11.619709955750952, 11.61556790495216, 11.62634818094271, 11.635008378880121, 11.629910323834517, 11.635347305303833]"
2827__OFFRAMP_EASTERN_FWY E of BULLEEN_RD,257.1108623725554,16.03467687147313,11.679672887352076,0.9621141580544877,"[79.89662198043308, 72.53902858363588, 65.90679554879465, 59.96407422526012, 54.720803726276785, 49.99155145478629, 45.72473881097157, 41.902205230152035, 38.50322597867285, 35.4503122498468, 32.755830564917645, 30.379791038094012, 28.26580695501224, 26.388740140392006, 24.7648136204739, 23.29870192846284, 22.03008282475486, 20.939411989575216, 19.9847879285373, 19.178076262245895, 18.43921916673591, 17.801856512304077, 17.226417380307414, 16.735886953434985, 16.28952810279624, 15.949734182040084, 15.652933900706678, 15.368565728654298, 15.12027431300178, 14.90600707405423, 14.688354831437909, 14.472486150923485, 14.269640175211686, 14.118899817605357, 13.972894576671372, 13.842331808676393, 13.74504174093803, 13.599262118763532, 13.488382032630454, 13.368846049757705, 13.281444980317469, 13.175674125593577, 13.08039378231211, 12.985007517380188, 12.863224473180138, 12.825131727664738, 12.69988045507103, 12.580332712980763, 12.483221267708124, 12.394677780515913, 12.333036565166257, 12.23312145339487, 12.161224164802945, 12.088022187241103, 12.03458670594231, 11.913811291667873, 11.824745321912411, 11.769002911833303, 11.67024178435406, 11.614157627110924, 11.508762590080353, 11.402062578670723, 11.319789483982637, 11.269094250146187, 11.185337767704498, 11.134875942502996, 11.085046107541244, 10.987140367762317, 10.930543912054686, 10.88784124478721, 10.821584392798636, 10.785239545752196, 10.742587062319005, 10.685329171234343, 10.587043961653734, 10.53601958517799, 10.473450066163796, 10.4383383078694, 10.427344930662482, 10.393054551901667, 10.324316202429983, 10.237847213377378, 10.161198169228772, 10.098269281558602, 10.07977344441681, 10.026088169282998, 9.984475515979994, 9.935748474576956, 9.885697971486504, 9.830798918091581, 9.800833855731511, 9.72997233112642, 9.668255732268738, 9.598089614636747, 9.558166781441843, 9.469783656238624, 9.408737023254863, 9.357344336575615, 9.293694464944238, 9.259069632508144]","[85.966637411973, 78.18173151643528, 71.24222376950242, 65.01931753485518, 59.45169310353762, 54.45162233261528, 49.98044813907375, 46.01807700655111, 42.48469393786444, 39.357659883661746, 36.601904817563124, 34.137014679745654, 32.00373205585162, 30.0948913238257, 28.44188938340763, 26.990466603899673, 25.73624346729758, 24.72179949904559, 23.835437707075197, 23.086852850878934, 22.37995406424144, 21.79110413220803, 21.274924437995413, 20.84791726066741, 20.471595476827122, 20.194215031784097, 19.946254883483903, 19.75821116641198, 19.62264613954514, 19.437947480900167, 19.344622872660015, 19.1798004793558, 19.02816412996481, 18.958113931190464, 18.881910154838412, 18.793802940710716, 18.74963308794538, 18.658265718930103, 18.60293846628122, 18.557597902224444, 18.553858057675306, 18.45403920533388, 18.400737963248442, 18.3732317981767, 18.401818177986364, 18.37738422805403, 18.402267564149316, 18.363009898511365, 18.320042236455016, 18.30576900242166, 18.28703368054094, 18.27813274680112, 18.267076411012123, 18.275335790856456, 18.26805446305084, 18.26824146654231, 18.324014667351513, 18.29595820355635, 18.315562473957193, 18.34652180421859, 18.35002896391278, 18.301593012199405, 18.27667804924605, 18.297637033774276, 18.264565188209282, 18.303877080412793, 18.28732603748733, 18.267794131497933, 18.24786353799275, 18.219494932985885, 18.235607970497636, 18.251024620283555, 18.26890922827248, 18.254466595766548, 18.27434403384224, 18.30252979048815, 18.307439108078416, 18.316736535267598, 18.325242093214747, 18.326464612516467, 18.3236278716423, 18.356545085569998, 18.37277982821123, 18.369813630905185, 18.36545913665668, 18.356858921847326, 18.409795461787915, 18.4102937242955, 18.390211196885133, 18.398553313272412, 18.399730200871815, 18.39210045323579, 18.369898120986985, 18.332193996358512, 18.34501780229996, 18.326655600030968, 18.337030509874428, 18.36694142313256, 18.38587900545533, 18.37928489032504]"
2827__OFFRAMP_EASTERN_FWY W of BULLEEN_RD,204.09292639855107,14.286109561337932,10.610169133175624,0.9706741562647189,"[79.52494336755906, 72.09382475984627, 65.45494248818527, 59.45684096252954, 54.11040755801803, 49.2702494246999, 44.95724751526939, 41.084316960672545, 37.611020776122785, 34.54993463771614, 31.79090673803637, 29.342534317458448, 27.15172645074094, 25.222845786405927, 23.536149333511283, 22.071642389048833, 20.78876128530144, 19.622256418143373, 18.611133066270664, 17.733227212742356, 16.968301729947466, 16.328719900462616, 15.743246611599387, 15.236859833695098, 14.776240682341669, 14.401036369838891, 14.040230208289417, 13.714575806132427, 13.44518050783274, 13.20803081660815, 12.980373271719863, 12.789162950544954, 12.594811188645398, 12.420319772489671, 12.27909747746702, 12.151254088792905, 12.049565831637173, 11.92778560432243, 11.810562099009022, 11.708386885388505, 11.622581661324409, 11.530664329105822, 11.445834821790418, 11.37288218478659, 11.313145940695817, 11.249322932071728, 11.190578196523298, 11.09517254998474, 11.023021868974437, 10.964919167530345, 10.877395108050226, 10.838793524193555, 10.807882389060431, 10.769458272739685, 10.714840473839104, 10.675292004163765, 10.63027017824391, 10.59149758491973, 10.549989758037684, 10.487118138885553, 10.42863360321209, 10.371050311176845, 10.341073597067057, 10.324249165672379, 10.227038704475511, 10.185293642563531, 10.140061114711894, 10.10970083834963, 10.074035655393969, 10.055271712515902, 10.042542308832324, 10.00812292263331, 9.940582773288991, 9.8902467007655, 9.87479448427084, 9.810780833039212, 9.758056408521227, 9.739064226948578, 9.680028910558859, 9.652056903361782, 9.615410931938706, 9.59816607972522, 9.53867122904675, 9.49798645015148, 9.46943609847314, 9.455639219914394, 9.397691522991408, 9.375851494416672, 9.308528542981875, 9.244875966665356, 9.19645371082394, 9.142039215324813, 9.11730160696831, 9.086761183009099, 9.06822965199001, 9.015167631624545, 8.999712875691875, 8.984183760639484, 8.958796727978301, 8.942036873294406]","[86.68891054516939, 78.58929795294469, 71.37179095112256, 64.92869251778133, 59.027671154004565, 53.78331831086248, 49.121475149404304, 44.979939009950996, 41.22047847849165, 37.89036646320035, 34.94232659121676, 32.34569690952948, 29.995330170860555, 28.008603025019557, 26.26232321119137, 24.744345346496235, 23.457608930882163, 22.319024918503292, 21.370683298134, 20.560091606127944, 19.845698869603766, 19.243495022603348, 18.743561909960412, 18.327021537592955, 17.94856245552409, 17.62217872904357, 17.393269600825782, 17.226699006399524, 17.047713785129133, 16.95625599613922, 16.853460437857542, 16.73648293523321, 16.635041637686207, 16.52861302850065, 16.451177126012247, 16.39598117758826, 16.359642028254648, 16.325311270924132, 16.266431268644354, 16.26010196635671, 16.202643146952123, 16.158379823041287, 16.15372928901184, 16.152282987219312, 16.138786421280308, 16.10123629700496, 16.087377062211065, 16.054387939694518, 16.040828514965657, 16.024284108827132, 15.993934295364278, 15.97494469303528, 15.977210291231351, 15.94795054858777, 15.905351357394236, 15.91913519878917, 15.914937037127354, 15.91666804675155, 15.91317376528169, 15.925204489219901, 15.929835171315219, 15.938558086527415, 15.933105993466684, 15.929539630795338, 15.934197825276792, 15.936110823970589, 15.925135509845616, 15.938900151339178, 15.924670037495064, 15.927946137170158, 15.928114771080693, 15.917991233538542, 15.907984452784628, 15.947056238523668, 15.953547896462549, 15.947128825606368, 15.974179548918753, 15.96648159553681, 15.986020235929665, 16.01053988214811, 15.99293915231901, 15.984815612750312, 15.989332463665319, 15.98441369402526, 15.984018221641056, 15.984490861445515, 15.983132079448707, 15.989711467408291, 15.977779174549973, 16.008388211062737, 16.029655968846928, 16.038858298267215, 16.01919467436495, 16.008906125392777, 16.000620707431107, 15.973318294890182, 15.974818546031672, 15.962816142726822, 15.979761714370756, 15.974695453461033]"
2846__HIGH_ST E OF S.E.ARTERIAL,243.47963740690918,15.603834061118093,11.347751441698396,0.9700207161324351,"[91.51584396201972, 82.86356387243661, 75.11821865280602, 68.225145161425, 62.14225731869031, 56.52672529460604, 51.49122406599267, 47.048448349905, 43.00602974177633, 39.38285976087084, 36.17959455518673, 33.33446260803337, 30.815368478698588, 28.539630856653144, 26.520312199746673, 24.743363698397342, 23.25412479661305, 21.84466344393934, 20.628920031529816, 19.600331591779277, 18.697688844369043, 17.899931562449364, 17.19958766242827, 16.60968608236475, 16.037910274376355, 15.560531733078077, 15.179936487150645, 14.813337758204481, 14.504651387749556, 14.192557513030115, 13.984225717499777, 13.769869483563705, 13.584306188400392, 13.388983769527753, 13.218001833162717, 13.081438527129528, 12.941235606907664, 12.820511439050113, 12.696709013044739, 12.549874981424445, 12.446977041485455, 12.33195217611972, 12.249261104176759, 12.171082158778733, 12.073044383389652, 11.99323976476443, 11.912390925698274, 11.826104094011328, 11.77573443180304, 11.709488434080535, 11.651780413432657, 11.594251722203769, 11.5201177406088, 11.459590493833744, 11.401590730277958, 11.355639949472788, 11.294814709480336, 11.22426572887097, 11.133290079931198, 11.081320808216448, 11.039584249543084, 10.96790631403023, 10.9056611216082, 10.857007015516796, 10.806763983504379, 10.754951333240125, 10.719586036193753, 10.640072189877426, 10.604454106039666, 10.549457746621576, 10.506223102760638, 10.456319169159753, 10.432584487383847, 10.372427439220095, 10.296391747274653, 10.230259117999157, 10.136261973901746, 10.08770049389629, 10.030043453599003, 9.989704092991568, 9.94968047973706, 9.87136359681431, 9.806032977069286, 9.768748744958204, 9.72073053222295, 9.664054490751633, 9.612742304597205, 9.590745096527197, 9.56155721621718, 9.530594038913964, 9.496173412385739, 9.47482020872326, 9.427110863840674, 9.40124338321936, 9.34161182205533, 9.297724356275623, 9.227962741893665, 9.19606607375016, 9.147521046210429, 9.125133964118513]","[105.40017553912578, 95.54244656676948, 86.69610244488823, 78.8133487075602, 71.82016780083994, 65.43322785075486, 59.66486969197827, 54.43496642370908, 49.75373661553964, 45.585683135906926, 41.83338136060073, 38.55386513860826, 35.613596370109654, 33.02158890390493, 30.67588575609149, 28.53592195276845, 26.77201548321924, 25.164513679811307, 23.736691728523446, 22.593486134790087, 21.507826373157517, 20.638644478894875, 19.891301668107626, 19.301535247050502, 18.65485446359704, 18.10969879818372, 17.71326587121199, 17.312414612611594, 16.997107240663876, 16.745186441974145, 16.537854451893818, 16.342524336418656, 16.156253318012737, 16.02041975187242, 15.91538661009778, 15.84724013454723, 15.797262946720547, 15.708507815332641, 15.61103416016164, 15.575894173440458, 15.5514362686179, 15.514436579783466, 15.513709965901203, 15.473327294849861, 15.44406419816803, 15.430807816707356, 15.431710434474564, 15.407376489344852, 15.408674774447132, 15.42410713965441, 15.424301263280856, 15.420714108512694, 15.403723755965288, 15.405007828235293, 15.394680364957742, 15.392947691628788, 15.393325647434494, 15.40386662417386, 15.423452085761644, 15.409726645201875, 15.404076384914033, 15.420092510231429, 15.410337605147332, 15.412035435158227, 15.383328655178719, 15.37508971509106, 15.399603609993127, 15.38416330861135, 15.412325720116616, 15.433482070971005, 15.443408573938443, 15.430192551073603, 15.448699497643803, 15.430598906087285, 15.437603179249553, 15.436811772574032, 15.438387920109808, 15.467024949893416, 15.457275024134184, 15.486742707969709, 15.471966572092358, 15.46064842724209, 15.477811502766953, 15.492022431108067, 15.48124153006545, 15.464911870354381, 15.496275493528895, 15.472842980229219, 15.467370368371325, 15.455659228136382, 15.485012149472245, 15.477669791081052, 15.492536275982443, 15.509024820664166, 15.493801948278298, 15.495451599417352, 15.49199132716042, 15.492524499613769, 15.484922133581769, 15.475718277072668]"
2846__HIGH_ST W OF WILLS_ST,215.51757004547778,14.680516681829621,10.599312823006276,0.9575650130645285,"[67.15223654727524, 60.978642981446676, 55.475337809219376, 50.6062178538797, 46.16771545993469, 42.1974455245951, 38.67176849602278, 35.50512564202964, 32.6582140818959, 30.077664986139528, 27.865344698267357, 25.873766402304064, 24.128249165055944, 22.574497130116168, 21.21450481345447, 19.986785689582288, 18.90208846335404, 17.962029239922195, 17.16457231986061, 16.439731689325104, 15.823716737676529, 15.323878727696084, 14.836554574141871, 14.414958070096048, 14.051095244238004, 13.713696680859883, 13.446701854896546, 13.17627637758507, 12.940185397178533, 12.743020175075602, 12.556915451938355, 12.366262621667799, 12.17746187850268, 12.04206036740395, 11.903892342110664, 11.794632230804616, 11.66832737368314, 11.547079239588637, 11.463678595042767, 11.342538094677806, 11.214357581174616, 11.13972779337589, 11.03567026537817, 10.96355537338858, 10.888888283507876, 10.826339594133612, 10.734894008930638, 10.642893978184972, 10.554294538432591, 10.509986412039948, 10.409474212921468, 10.314028832537549, 10.25616797742821, 10.182254151318423, 10.120556188547855, 10.055427678514839, 9.966052189155118, 9.911763707635018, 9.850004648888174, 9.788259460351034, 9.713925892097654, 9.646469774533193, 9.563160716862523, 9.523998065456695, 9.491004301904859, 9.44686127393341, 9.38144482420521, 9.316454639098136, 9.245158143665032, 9.186453191655337, 9.160505968659544, 9.089002783971303, 9.066365461037858, 8.996418646456197, 8.963757024969542, 8.926162917789732, 8.891569454923129, 8.849646715172348, 8.802147256152733, 8.783702652731215, 8.720846135443905, 8.679837089819484, 8.61840997797188, 8.537056196624116, 8.505409638778975, 8.46231405962539, 8.416007697264202, 8.373694653413146, 8.35192701918341, 8.332152815885753, 8.283365924633292, 8.260277850360177, 8.217073981985179, 8.178480546601717, 8.16414344079649, 8.115211373032336, 8.066822517640226, 8.019007700132587, 7.983534688602845, 7.953656997779146]","[72.73199376435927, 66.09443908368115, 60.27678893983838, 55.05418080210964, 50.29930869200762, 46.11839439465493, 42.373183272640475, 38.98882562216102, 35.94539493975101, 33.17195480510522, 30.852145713863536, 28.799547074008068, 26.956510636922143, 25.320470702407295, 23.987577973557393, 22.702723827199485, 21.55112955159726, 20.5701130790113, 19.696563819052603, 18.96941239919339, 18.29152350164605, 17.780790635389188, 17.36779729927586, 16.97566042814161, 16.59003768417743, 16.3063007544313, 16.064686801290474, 15.86123512459381, 15.650982916914915, 15.513234869508727, 15.367316223857582, 15.195933800849351, 15.064489387460897, 15.035721687291083, 14.994763170804323, 15.014202575515762, 14.94792607535749, 14.922811999693083, 14.86649675337534, 14.812706497895098, 14.780603168666156, 14.739268904257608, 14.704963929077213, 14.691016219280213, 14.663810103480321, 14.652728203808238, 14.617765036559469, 14.61241365349152, 14.59019458098644, 14.59907175437397, 14.577439240530165, 14.604453763331355, 14.605139166402111, 14.599518549098937, 14.575371239096764, 14.549166175212303, 14.523204767421689, 14.523799444329839, 14.526133783223543, 14.527998882943706, 14.508873917458176, 14.472559445555907, 14.456633344353062, 14.44411680046101, 14.457729212849799, 14.433400507259279, 14.429298463943825, 14.458957645823727, 14.46067388751226, 14.44253510768914, 14.47635440292649, 14.487836719889804, 14.478508222693637, 14.490523646948782, 14.484277185174612, 14.48024852227644, 14.4872172462861, 14.490442949067035, 14.526714965843558, 14.52352785595582, 14.517328207959363, 14.494962444244468, 14.484336693490217, 14.475676662250928, 14.486806967692576, 14.473559398846582, 14.45150275543601, 14.438897728055732, 14.450153399575358, 14.460547646583406, 14.50648437838083, 14.503244811310214, 14.493421535700156, 14.499433659969995, 14.505854564276987, 14.491869627364574, 14.489364375974898, 14.471178196922253, 14.47498242591308, 14.498005767966827]"
2846__S.E.ARTERIAL N OF HIGH_ST,111.82264898252615,10.574622876610123,7.43764692049348,0.9522809014272166,"[45.05614732474021, 40.97741472544269, 37.343954036785675, 34.08848189245636, 31.17772675742851, 28.538888238714055, 26.222722456068787, 24.12441620423245, 22.240617827938372, 20.543728668253042, 19.031958085828567, 17.730266150822494, 16.570443132889487, 15.543545895835534, 14.607558259201278, 13.79726915439304, 13.10920717887639, 12.48760585163628, 11.942354729217442, 11.46563206857134, 11.0552840974641, 10.739277645317522, 10.41412222884808, 10.15949415166934, 9.89779469021269, 9.685879871020555, 9.480326451007414, 9.315431278624837, 9.174432364842248, 9.034518919707795, 8.905293355062812, 8.804769453749119, 8.713847986431624, 8.62859962197258, 8.53179758069333, 8.443665996234865, 8.34305781792867, 8.258290645842626, 8.173497087719616, 8.109009755973231, 8.028471190141499, 7.9479685830841165, 7.886753353041377, 7.810174951421981, 7.76986034653864, 7.701837890619177, 7.651301153820688, 7.6102698193879785, 7.552608911926934, 7.5184894743104, 7.478584051072528, 7.430985536431132, 7.398286323417771, 7.363229980672382, 7.3452405519057615, 7.319839901847795, 7.293815936884029, 7.272918419178671, 7.213423204711866, 7.1564282459694875, 7.133315183230698, 7.117126042637351, 7.096343045908934, 7.039672638718592, 7.005438181680489, 6.9675216613494655, 6.923353882410211, 6.903165067772112, 6.872210960461884, 6.825396152023202, 6.759165862587479, 6.705261839240065, 6.659235728829827, 6.638683242610047, 6.595691575715101, 6.574033263570568, 6.522325398836913, 6.463512259569429, 6.435485133434957, 6.401914384359248, 6.372621458754226, 6.360164487194838, 6.318495791470514, 6.2622359395835385, 6.252644560039922, 6.226063742396882, 6.212929118538275, 6.177057087851244, 6.141518445811353, 6.1066928459584515, 6.079927592477198, 6.05910927029334, 6.01091603151071, 5.988529456283488, 5.964518114712788, 5.914224641597689, 5.883022681954686, 5.872617770757828, 5.850361797702095, 5.800594974902233]","[49.295845735390635, 44.74748454113166, 40.757647655113, 37.22031853107955, 34.06157816078954, 31.151768299352117, 28.668435684427212, 26.286603629011697, 24.206801474606404, 22.28247828881772, 20.595115427903487, 19.16345466933265, 17.936413866517277, 16.844346423651217, 15.78889568419486, 14.908472008996949, 14.238280314895283, 13.574349746847767, 13.012764089505005, 12.516778362937616, 12.101216095433609, 11.805774558025751, 11.495942407548748, 11.268200937270768, 11.076401610924275, 10.931577585742883, 10.802334265611577, 10.663900346231705, 10.578913730971035, 10.527994932771284, 10.441856096965777, 10.376910800239651, 10.330238816846853, 10.286371567483458, 10.232292234547598, 10.203334424597895, 10.158533595533465, 10.130120845005942, 10.135471770817079, 10.15052633060124, 10.11058810083411, 10.108277684573101, 10.103920240111172, 10.085171930101149, 10.074429112150487, 10.056655825784496, 10.043995270227411, 10.027886439871994, 10.01473524308999, 10.019535356876034, 10.007804556649926, 10.005237237333432, 10.00213852744273, 10.009129577171175, 9.990144349641737, 9.966325879613658, 9.968762073525864, 9.986060124597149, 9.951867281234886, 9.949955104259566, 9.959344455315353, 9.946679759369047, 9.9414516907273, 9.941786959361279, 9.925929165812622, 9.9388512227215, 9.961131611345708, 9.957423210976243, 9.948760618846052, 9.956007385857147, 9.95329664791777, 9.970154114586776, 9.972348698293949, 9.96717691231401, 9.94138997986377, 9.947025569335537, 9.940339174505906, 9.92184567324359, 9.932273581502225, 9.929607100557643, 9.936467309508009, 9.93846889829447, 9.946398580966637, 9.934350077944329, 9.931839524947197, 9.921621151481899, 9.92283556177733, 9.928195424100958, 9.931765881132327, 9.936053818269578, 9.940341991651085, 9.934970773828432, 9.916945983500895, 9.912606102682236, 9.921512228490482, 9.908857852530826, 9.914391544860722, 9.921935099714423, 9.929049967632116, 9.915565053285304]"
2846__WILLS_ST NW OF HIGH_ST,10.634884349200558,3.2611170400953964,2.34034029218588,0.7837079492713206,"[7.086269864546251, 6.571678385277414, 6.125834608601609, 5.737940844845492, 5.381847102537235, 5.070266169625986, 4.8039864925580495, 4.556632830182628, 4.3275165504422395, 4.138390853053717, 3.9660912859763573, 3.817109018324402, 3.691464534172704, 3.574660485747803, 3.4785511390438835, 3.3951898593582452, 3.31681063293304, 3.248090244595524, 3.1882983135041547, 3.139309254321993, 3.091013312035368, 3.0441965902652255, 3.004529422641908, 2.9648943774429757, 2.925955028747675, 2.892709158795792, 2.8641376013825415, 2.837438444070521, 2.8218951516213897, 2.804482458193875, 2.784615914102349, 2.7571612721668637, 2.727886748965384, 2.711050710195689, 2.6982574350525543, 2.6812742153852342, 2.6725458713184183, 2.6642724139419576, 2.642983870428861, 2.6273034763968774, 2.605772945060314, 2.5870271495022816, 2.571852210869108, 2.5513611909546223, 2.529413547232885, 2.5183595383299755, 2.491531913167713, 2.482267133194807, 2.4628334109859575, 2.4494366133296586, 2.439870276345208, 2.4259167658833407, 2.4152077660142237, 2.4027244912101997, 2.390319181952702, 2.376634974644024, 2.3664890035085464, 2.3534526480737403, 2.3352643670368702, 2.3233248723014883, 2.3131583522831076, 2.3087649124680922, 2.304287560515393, 2.296831277960159, 2.2938957513493583, 2.2789316277282703, 2.2619813045751247, 2.2528644991848434, 2.2386561222133374, 2.2223161335252155, 2.2132816251411427, 2.201671470345158, 2.186117992308407, 2.1759673594548543, 2.170875361915527, 2.162544012577939, 2.150397436376101, 2.141432270170927, 2.1325823787022755, 2.122064782135938, 2.1109735705204056, 2.1051813612394863, 2.0948246634949435, 2.08217861677813, 2.0754182953295506, 2.06533839855122, 2.055767278258806, 2.0491408697019518, 2.0349219534561667, 2.0257829522248896, 2.015692182594256, 2.00954038959505, 2.00182203201263, 1.9960100505318183, 1.9851050829045025, 1.9779357790521521, 1.9650919496319204, 1.9610723689423246, 1.9482339137520401, 1.9427599918906642]","[7.504666859363615, 6.991217748051729, 6.555974734479359, 6.176408400136692, 5.818020469117688, 5.534623044211194, 5.284211846455788, 5.061700010961187, 4.881648183534927, 4.700365614200291, 4.523202696757816, 4.389614142172652, 4.288077669874654, 4.188969780865572, 4.096869161469835, 4.005030929617622, 3.934764442086119, 3.889962055366307, 3.83967317593893, 3.81925987955193, 3.7860422944744894, 3.7634986557336294, 3.7297601551291613, 3.7204505023235903, 3.709837871857817, 3.706119353892668, 3.694814638218049, 3.678246152501839, 3.6701589655854763, 3.658521376262269, 3.6444943799617273, 3.6382359869252605, 3.6353931201967336, 3.628595327911047, 3.625527599428302, 3.624840030347463, 3.622892345156363, 3.6246663568769506, 3.6331714769146144, 3.632601586544586, 3.643436276235655, 3.6437428414781547, 3.6435813684987046, 3.6339263526288015, 3.6306859064626553, 3.63063199421818, 3.6276619242283963, 3.621908900444739, 3.61290748940596, 3.597622574268346, 3.5909867012648773, 3.5880920483148326, 3.5779840203150233, 3.5728531182865155, 3.5695546902621187, 3.57399356103808, 3.5763630846063568, 3.5694534549902643, 3.567503626787978, 3.571038382057385, 3.5715344569222838, 3.5722115443739066, 3.574770124976106, 3.5740854777143314, 3.5721136606338937, 3.5721352629853604, 3.5770450853262106, 3.575721337601569, 3.5827471408445106, 3.5766671988065535, 3.5790561237837557, 3.571165460436511, 3.5676632556784442, 3.5725296647645384, 3.576679607901152, 3.582680114449489, 3.59106195863898, 3.591674518359808, 3.5908679332300033, 3.5881142847302723, 3.5939042388500004, 3.5871762857392993, 3.5886903798697154, 3.5858849353000264, 3.5863457550930264, 3.582670571346719, 3.581282280306947, 3.5824146471186324, 3.583995818095129, 3.5867282169567387, 3.5877162253733115, 3.591494648202971, 3.5917377886629236, 3.5922011558729823, 3.5929051077339653, 3.5907511556166343, 3.5906968075445924, 3.5917165759339493, 3.5981701519007907, 3.599980430189554]"
3001__BARKERS_RD E of HIGH_ST,1825.187889319683,42.72221774814228,29.50810397287433,0.7876528102823017,"[91.4030858177451, 84.33791511946995, 77.89430634565839, 72.30410673552157, 67.26283863191397, 62.67920592946163, 58.77074550471523, 55.44782332205622, 52.42282799646641, 49.68642658737689, 47.42202880762257, 45.52340092991229, 43.74121378112047, 42.241606408197875, 40.81811636914389, 39.69705669235394, 38.7268746205263, 37.78619744431078, 37.00520002136033, 36.22401436505388, 35.61426351163885, 35.08485887926273, 34.55044924596804, 34.04343905444336, 33.51200888695446, 33.08018235094004, 32.73212487356684, 32.378678790666775, 31.98384467950852, 31.70121092499868, 31.366001638051817, 31.06816360079095, 30.78844463983851, 30.531393122257636, 30.28782130892331, 30.115344227542895, 29.831185811956804, 29.578526287233714, 29.422055537458608, 29.284775494365125, 29.0960668227452, 28.96181244420161, 28.753415978647794, 28.441504218949294, 28.2603375972067, 28.116599264958026, 27.958090321124704, 27.789218072963287, 27.553403225650616, 27.47684620280228, 27.200921732483447, 26.908561676620323, 26.77004159585292, 26.553046854337584, 26.42334689675056, 26.19480578565103, 26.013208281132457, 25.86179551039163, 25.717312821905995, 25.553975777144885, 25.48072248982197, 25.333439357772797, 25.271179400294283, 25.01272673614611, 24.899567089114587, 24.763369801062282, 24.576759958933284, 24.462253178192995, 24.345271168412314, 24.259051839959348, 24.060439993220985, 23.865881231776328, 23.781257456441917, 23.620244607014815, 23.391935015545194, 23.29056680572137, 23.220609567672046, 23.10985702583163, 23.019253942433373, 22.825887429657886, 22.616164175588704, 22.541951924657077, 22.502015864905566, 22.366065607571755, 22.241599018850486, 22.10058939701092, 21.934766969943812, 21.819412138538123, 21.701269421423593, 21.599566081677438, 21.503672436817645, 21.454264267362976, 21.19289211780364, 21.131876529573027, 21.059169736527224, 21.021547619973955, 20.894661734162646, 20.820323190487116, 20.698647934738784, 20.576181598561767]","[108.76456508048994, 101.22663193005452, 94.2937244858324, 88.44456863824995, 82.79410456145922, 77.94174084876775, 73.9347783262338, 70.63417279604315, 67.527076673703, 64.70768586947615, 62.36476194217373, 60.48458634800058, 58.631905030386875, 57.150893533051814, 55.774274560391454, 54.80511438930088, 53.913947867069304, 53.03946388243946, 52.25517152686055, 51.63727945609901, 50.9474578207175, 50.45497004613486, 50.03843177682399, 49.863097887449186, 49.56758702009003, 49.33394801872696, 49.151018984935, 48.88987907553293, 48.70028771840302, 48.7428983498206, 48.558097231725604, 48.38700131448897, 48.28349111910683, 48.23935466257993, 48.137432348997855, 48.11830714802316, 48.14240230633398, 48.1050925083911, 48.073726628440944, 47.9853499981778, 47.96824341053314, 47.958201161449104, 47.94505855392961, 47.95308092876065, 47.847920170056355, 47.87877416223117, 47.86485582120184, 47.78401580034071, 47.704853571834114, 47.62174926025714, 47.649870705415175, 47.693323467260676, 47.611183652254574, 47.64189195680609, 47.68762167890755, 47.760527952477126, 47.75208575949836, 47.70533445092557, 47.85629361631318, 47.90554365019165, 47.86661572074018, 47.79256010938618, 47.866401870546014, 47.8255577597178, 47.79378335148765, 47.81568954619883, 47.81730072913453, 47.768239281927514, 47.76932948406045, 47.76820846515302, 47.803942028500906, 47.80656995990705, 47.805325773142634, 47.774492259277494, 47.753949561114624, 47.73260208840281, 47.75759387033021, 47.884344330517266, 47.86171728955091, 47.91561201120077, 47.918405462250114, 47.89288795151618, 47.943247385226414, 47.945650236632204, 47.91536162004444, 47.97056186075345, 47.92193538998882, 47.84459195076186, 47.81233389309982, 47.83694587903691, 47.72907618490806, 47.71452346281348, 47.74835219449719, 47.6861911543936, 47.7010002601576, 47.73852205634756, 47.715972452667856, 47.70927151039418, 47.70036483801147, 47.671391207269714]"
3001__BARKERS_RD W of CHURCH_ST,3676.683693353638,60.63566354344313,43.10307199070963,0.7443516439655754,"[105.89801546809193, 98.04132114418547, 90.88778628038298, 84.7707360627408, 79.29407422819547, 74.46782281688256, 70.20025325931655, 66.53857459437103, 63.27860075812886, 60.39257404478934, 57.94436236742691, 55.80055668870224, 54.073253032287305, 52.41916652345576, 50.86538317654162, 49.57577048733161, 48.384466260530154, 47.34486989335393, 46.44997021320577, 45.64071739623636, 44.86889010626556, 44.22838298121731, 43.617761264579265, 43.032271412219615, 42.54633684271873, 42.13394851335714, 41.69128632531875, 41.1818598204317, 40.90162068415631, 40.53449435946641, 40.09776899760336, 39.68923078516034, 39.411437051686285, 39.14281257718749, 38.86974741374213, 38.63317471647639, 38.39008015035877, 37.97100751926658, 37.811474237013506, 37.66121685009004, 37.45932938159871, 37.20945718102686, 36.96694403440821, 36.55758691652851, 36.24256106728821, 36.020584594904044, 35.798911096677145, 35.57061338672642, 35.35952560603952, 35.2760538658528, 35.00671260520817, 34.70446298224657, 34.48241725780127, 34.32168410583845, 34.094589987521175, 33.80459760211145, 33.695621579540614, 33.53168916906877, 33.335222932196054, 33.173870702842684, 33.029608673133225, 32.83188294827044, 32.60149950130822, 32.324423012679546, 32.09777596355051, 31.96250845121636, 31.849639918646744, 31.69887651387505, 31.455713071394463, 31.234225396995885, 31.05780751723934, 30.911674286250427, 30.820219757979793, 30.69799577148086, 30.522817673400834, 30.286621591367688, 30.110104540634175, 29.970084581721935, 29.80307142156585, 29.66797215572983, 29.489894767153793, 29.435380108612627, 29.271139881887557, 29.136163154697726, 28.930746677115476, 28.843646626554715, 28.663781066452948, 28.469552852117136, 28.369269314995563, 28.278863708042508, 28.125826915818426, 28.08860653220184, 27.97944712866307, 27.85319517495023, 27.74904052926886, 27.581071635594594, 27.444535895094756, 27.265338543163328, 27.138280246635304, 26.98473401087595]","[108.22307717409471, 100.19308162575122, 92.92068794425043, 86.83299701196566, 81.43571500831719, 76.6432964756159, 72.69302858699477, 69.28863655651854, 66.15995755201143, 63.2620973919827, 61.04859162355469, 59.07364597666705, 57.6211807268039, 56.135807095791506, 54.869575205537515, 53.967572987096034, 52.99927410511136, 52.22718378810582, 51.4823750226609, 51.18386791538113, 50.70261546850666, 50.476225409589695, 50.212489740087335, 49.9554063457118, 49.94008521684342, 49.754476571697666, 49.59427204440699, 49.44420970848844, 49.3873643885514, 49.29257479365599, 49.12605817034024, 49.03298445418765, 49.041818193885305, 49.07241823641171, 49.02251193524389, 49.080047686952064, 49.109729230392674, 49.16264500780267, 49.08007018761175, 49.001894318272264, 48.94400492790033, 49.008654982904524, 48.99845974319734, 48.96574546186379, 48.97816620093803, 48.97837186685886, 49.010744585433265, 49.18317627992501, 49.23957068060514, 49.295669453437284, 49.338887818653944, 49.42641989821449, 49.45958452636338, 49.5122261731481, 49.52927175192027, 49.57060443589742, 49.662536646265245, 49.672521176507416, 49.64874635129575, 49.64386922511088, 49.5676356318194, 49.653118536802296, 49.539229700219465, 49.578573633120016, 49.488228919948924, 49.49927703903976, 49.51203562751857, 49.464504905104924, 49.472595458989616, 49.59279479839395, 49.57024707671817, 49.59488719403076, 49.55119450031323, 49.57278486930262, 49.581658482327335, 49.638807306007166, 49.65342165769231, 49.64111257689665, 49.61260825290043, 49.61193076666612, 49.60876336669761, 49.5864289929688, 49.57356863254161, 49.544675263744296, 49.66068510572959, 49.65349153858032, 49.74188723477531, 49.76749502267226, 49.786412553310846, 49.80686073184305, 49.79075219766375, 49.74521540900831, 49.78142522557439, 49.80572814443543, 49.81503942320562, 49.83829539015887, 49.84397486733597, 49.88260116838526, 49.89126477054061, 49.92572957012936]"
3001__CHURCH_ST SW of BARKERS_RD,245.31258584452843,15.662457848132535,11.571067103633174,0.8386060626390628,"[39.6456033613411, 36.283864771871414, 33.33551344921056, 30.58151924721892, 28.101813241884056, 25.964428718536023, 23.958848763908424, 22.176625417366644, 20.492418623372767, 18.9474316005531, 17.45575084268312, 16.22980312392175, 15.070069206357445, 13.987999046672421, 13.14270616773256, 12.279076746296331, 11.449194602376847, 10.791681607666659, 10.131739125736045, 9.585706489349164, 8.986717794163429, 8.516454535858692, 8.013819164568176, 7.646817202739363, 7.279646890266616, 6.933423642355291, 6.607574597995641, 6.291086112700838, 6.064473479338758, 5.788702324920965, 5.562981816738397, 5.251703486493244, 4.998245839782113, 4.7865146026089285, 4.564628600451467, 4.356781391007217, 4.147255160131777, 3.9789677375587202, 3.836474061133667, 3.7028212114063925, 3.599267626475361, 3.488336212395603, 3.3893626112529773, 3.2713395182953557, 3.13920869820594, 3.036076350243604, 2.9161293373824284, 2.848226524736875, 2.7872993061652784, 2.656020578512451, 2.5909237128252993, 2.5433110347247636, 2.480521139425922, 2.3797280533817533, 2.298069698664411, 2.2402888574011506, 2.1870671263632393, 2.1490041274160325, 2.0769035230137187, 2.0268978097183314, 1.9646732329332348, 1.9098153919971765, 1.8600456144120676, 1.8029020241851912, 1.7536218347854393, 1.706555569844117, 1.6662059011081123, 1.6072229876226716, 1.5637455524368948, 1.5264893496895038, 1.4927595542872663, 1.446588023984782, 1.3915568526203674, 1.3723403869243915, 1.3345798916242992, 1.298266602072542, 1.266522757139499, 1.2442441222289387, 1.2013564821970946, 1.173831125758782, 1.1456637380012855, 1.104901806080129, 1.0574817972232744, 1.0302883482613379, 0.9933413897317865, 0.9663541296886509, 0.9450135086967513, 0.9301359808699627, 0.8981535502420398, 0.8779832606356848, 0.8493205068494091, 0.8233167573954722, 0.8030164108091132, 0.7799790916989523, 0.76884135179015, 0.7357064851357227, 0.7211716267424471, 0.7074418254086423, 0.691114796069319, 0.6718797872031966]","[38.350875333988164, 35.72871015140514, 33.362233825002626, 31.12862746655632, 29.396645891866164, 27.769727912924, 26.24567475975091, 24.945025584689468, 23.704214406513422, 22.7227394115125, 21.53363529942177, 21.37306855012965, 20.705504280804316, 20.386551459546528, 19.85700356217686, 19.67241978689032, 19.49018634017596, 18.949211156903505, 18.722559337638593, 18.65418372746199, 18.439069169041545, 18.251852222873126, 18.177545078628555, 18.283306191438115, 18.19383633796231, 18.322286474478123, 18.315387970065135, 18.294841470387606, 18.36539208218012, 18.191894580901224, 18.10956085612933, 18.098945036336882, 18.139410694722912, 18.081396310574608, 18.18313694466266, 18.34607150550277, 18.375420619219483, 18.383727673998187, 18.30604159268901, 18.3726103317426, 18.32411647982659, 18.352411043192827, 18.34370552794728, 18.41001980159699, 18.466847716052058, 18.46355399552923, 18.50750548891311, 18.51589891951168, 18.506431598910993, 18.502223967075395, 18.45124724690187, 18.471729024617577, 18.467316349605213, 18.48717797746744, 18.466475975768358, 18.52068692508252, 18.50648025864449, 18.509859069292553, 18.566922528018374, 18.55863864710987, 18.554878930244463, 18.54947734129799, 18.60449178754276, 18.639202954656998, 18.640964344461395, 18.64852671259723, 18.66495028052826, 18.70442684749522, 18.705249922495806, 18.723834769148652, 18.712519910586824, 18.72427166915609, 18.725905279718013, 18.7150141740121, 18.73198583713531, 18.73087922133339, 18.740836778033362, 18.740169703856818, 18.720060037966398, 18.719710276604367, 18.719118582240355, 18.722835355936464, 18.740040955290457, 18.73988084891994, 18.716446703544776, 18.708944643150335, 18.7116498062813, 18.713742503422548, 18.723310419216137, 18.725685959405148, 18.766127387929423, 18.74128716389126, 18.758989685713612, 18.75885556231215, 18.761167567646478, 18.754051674170515, 18.765243799135234, 18.76144199686874, 18.755797761559496, 18.76406723491643]"
3001__HIGH_ST NE of BARKERS_RD,1164.258725321415,34.12123569452629,25.1519554802541,0.7819955190024783,"[71.37806256166513, 65.99243291228213, 61.19481874795254, 57.02832552365766, 53.283770768637794, 49.94536822066193, 47.090251755431936, 44.63186391321704, 42.36105091027386, 40.42368317482316, 38.73735055845252, 37.308211576211804, 36.07364582038843, 35.020256711861585, 34.02624699665776, 33.2433258956709, 32.58448288981128, 31.94235582667954, 31.38587506977401, 30.855830329323215, 30.39297804597847, 30.021711351788, 29.680850202824722, 29.31251114469557, 29.021019032403572, 28.770337201352334, 28.542961033783914, 28.31025932923476, 28.050641850195685, 27.902399846830196, 27.74711865238278, 27.569430745787198, 27.29593022585814, 27.010355577978334, 26.795921225232117, 26.555123467457058, 26.422558544380742, 26.21850178322274, 26.082870755084002, 25.900147571495797, 25.744951670975095, 25.507437951262105, 25.386527670758234, 25.240754099704965, 25.044635302126352, 24.82500635532544, 24.603461156199916, 24.518328462248533, 24.44226505652619, 24.34231387710073, 24.06732793117524, 23.83960960611714, 23.707574230223866, 23.61594680274911, 23.469436575636497, 23.364332534869828, 23.148235387484203, 22.978968020857263, 22.913466404948174, 22.810237754395253, 22.642426915229127, 22.52999543277347, 22.378772657686756, 22.285786403582872, 22.131057058257777, 21.932338224398556, 21.80595739770058, 21.696997957516654, 21.508843023195606, 21.37959329605154, 21.224933031058647, 21.040380937276897, 20.9351876559517, 20.864074215989593, 20.747406907212582, 20.57674813701199, 20.4102898499729, 20.326076275877803, 20.21329509642609, 20.127117953163165, 19.94706439597326, 19.872627489816995, 19.75023657751326, 19.583221054265607, 19.487558914270554, 19.308285633948238, 19.200965621518037, 19.083529127260327, 19.015134292303173, 18.916811863937756, 18.88511339812658, 18.845410260721998, 18.807833237833222, 18.662825263220167, 18.6133868438627, 18.49807839280202, 18.440446912551643, 18.320520990915078, 18.284322337239754, 18.188700457857248]","[74.56388875195029, 68.54178712474084, 63.31448493140392, 58.72629843507992, 54.56435947652186, 50.75987553800536, 47.67443111171611, 44.896266327415056, 42.46423235039209, 40.21555196342106, 38.34163761880999, 36.819316559750334, 35.48731644407775, 34.372594740515986, 33.32206549796645, 32.51753649562005, 31.999646275086967, 31.399808770638177, 30.920239099465665, 30.56785412736597, 30.27831078485674, 30.056474272346442, 29.8323932560964, 29.577189907941992, 29.38881761484191, 29.342448901686982, 29.248308302053232, 29.151267269495023, 29.130075300368052, 29.08740417872601, 29.05209572988154, 29.00067758350933, 28.926194431394155, 28.934548151246467, 28.920281019759383, 28.82470737550565, 28.802064490926785, 28.8017283990223, 28.793872352975384, 28.774724717128365, 28.782578767553474, 28.789693991958277, 28.75294834125185, 28.707079832208077, 28.680845955292302, 28.607171677925297, 28.61092873768557, 28.61407505878883, 28.652266350566364, 28.683230774722624, 28.777113139391158, 28.810031195195553, 28.842245432805985, 28.816395726491045, 28.86129350399311, 28.838051769317026, 28.835376653937118, 28.822952773217246, 28.85547320666501, 28.900498082811204, 28.82890199913708, 28.866125459495116, 28.84575094439913, 28.873108479194673, 28.88445063216847, 28.872267945319226, 28.85513302922661, 28.84169486439182, 28.816736634664856, 28.79217709165307, 28.771083637960675, 28.798658519178215, 28.83932332371916, 28.858057710917905, 28.85400056925215, 28.837978172675335, 28.88255721599591, 28.91710295080474, 28.95972397990392, 28.946052399265465, 28.932724127944326, 28.941902345708463, 28.938704713617874, 28.944982171195388, 28.889986492978544, 28.941777999074485, 28.950896855926278, 28.931281922508344, 28.972546124020717, 28.97884815337341, 28.969044167421078, 28.95158880417561, 28.94112554820855, 28.95799679324375, 28.967251243009756, 28.95552533507715, 28.99595956588608, 29.04789930809415, 29.052999492888155, 29.020697351458775]"
3002__BARKERS_RD E of DENMARK_ST,329.7518799141567,18.159071559806044,12.765762715173471,0.9550567259463517,"[79.19792255151879, 71.82087988303924, 65.22465760833394, 59.33166826045896, 54.06542474501147, 49.261237469078836, 44.95945781467166, 41.11267029918192, 37.667864210428114, 34.56490689315895, 31.88398356053624, 29.446545314238254, 27.313991131147162, 25.43368105003203, 23.75885562870006, 22.24208266218679, 20.97271593417706, 19.805850943935578, 18.82496447790535, 17.95295205131484, 17.187935671814234, 16.53446485197732, 15.955476060109575, 15.47790990642793, 15.025593922736128, 14.66005557019833, 14.333414328434715, 14.027040411921888, 13.766113909125234, 13.517017872144825, 13.304693388428891, 13.134747726268232, 12.95864135568671, 12.802295160337032, 12.6674401568218, 12.5554591028995, 12.43460026606002, 12.31461884782331, 12.211786457612089, 12.109796218387823, 12.00097254617082, 11.913147249842792, 11.82292527633169, 11.779873193669754, 11.698021382091383, 11.618684834283378, 11.558407559854265, 11.468615797475657, 11.394544688759577, 11.304989393430906, 11.221915399890097, 11.107847603355655, 11.052688179261004, 10.983113769620855, 10.942912196433388, 10.870823059838518, 10.793002567098776, 10.751375856303325, 10.66592068902275, 10.575916807579377, 10.536458308664594, 10.492775805303863, 10.453282471231606, 10.355958514137125, 10.316910046988886, 10.282027232996448, 10.246633887258268, 10.197573689043935, 10.100101521290995, 10.00962448396944, 9.92864096360241, 9.889247051467247, 9.853853004160388, 9.793718385983887, 9.742130101366246, 9.663800522354965, 9.596001975548363, 9.537454782948465, 9.497961298404771, 9.453568881505717, 9.402839629856874, 9.380639013669029, 9.323244003421442, 9.300193146292132, 9.260906095074994, 9.21926666460914, 9.191699484816487, 9.151967421092413, 9.111839561219695, 9.05603324854129, 8.99726878774908, 8.95316871033068, 8.89500165155135, 8.862269039285039, 8.800563737476002, 8.78086447660509, 8.748297982116124, 8.733078528484873, 8.707879237652971, 8.644362029963208]","[75.77672076143006, 69.0180333879854, 62.96287981479434, 57.56609085624389, 52.94571996144277, 48.60035880933094, 44.732616475389605, 41.30825927979037, 38.284558034805315, 35.61063209593179, 33.236930782139915, 31.11725158090353, 29.301064683179675, 27.74035625957278, 26.37117327655174, 25.13601043255165, 24.097182060920808, 23.160434519518308, 22.439705333601182, 21.734181336063784, 21.15411669326213, 20.704425788711795, 20.306861204669552, 20.061989220949762, 19.813103891415718, 19.562221273841608, 19.35582877735231, 19.161079250557126, 19.054698241792327, 18.9082171509215, 18.780794208570462, 18.696941454106053, 18.63008936710534, 18.53391180632741, 18.421917156249506, 18.3916456287675, 18.353524156707472, 18.335069306572866, 18.334410422389414, 18.303986056364945, 18.27666537574268, 18.306857424263345, 18.250810122193137, 18.214423708577563, 18.202059989732728, 18.23545770269076, 18.217081086684377, 18.274940475429812, 18.26146250023133, 18.222488226058545, 18.23962586553994, 18.210356253270685, 18.20750120007399, 18.20094010867995, 18.22723473103739, 18.233669130133165, 18.180309974042487, 18.166670947988706, 18.16416287455084, 18.176759369704303, 18.224678194249904, 18.202273773365974, 18.2082596591422, 18.235983072974005, 18.21706090650851, 18.18770749666312, 18.202691890034895, 18.190738882505993, 18.219027046652926, 18.20049914589625, 18.166824686426743, 18.155872408111843, 18.151238241124847, 18.16531936804613, 18.155297199282657, 18.130362922093376, 18.123508844699533, 18.141520619428434, 18.098537069728437, 18.11513254539198, 18.099556379634343, 18.099631379926286, 18.08063428140409, 18.071997192679518, 18.087030815117377, 18.089996323115177, 18.12424992481194, 18.122394840794925, 18.11257783948044, 18.101816577532826, 18.094620650765776, 18.092516163425852, 18.096811613707956, 18.097054446679742, 18.116199129470175, 18.126784443700608, 18.130221913690058, 18.15344965508202, 18.148862566229386, 18.150708702737745]"
3002__BARKERS_RD W of DENMARK_ST,341.0848877326798,18.46848363382007,12.870213422954242,0.9444454386010018,"[70.03191104939643, 63.702698670209784, 57.93000004945833, 52.845085212311574, 48.242213229866984, 44.13670743104191, 40.438743768322865, 37.20329188830264, 34.25893199508213, 31.672989373248026, 29.310064221853573, 27.268017404690656, 25.436478779954726, 23.80057004027232, 22.426148930418158, 21.158741054820233, 20.080524057021695, 19.126923173696678, 18.211098078366938, 17.508291028817176, 16.820559271400885, 16.281501361018798, 15.747556487752131, 15.34327970676645, 14.989639244659315, 14.657254051361754, 14.364199848598206, 14.094270466909279, 13.850246499349025, 13.655686742405361, 13.425308263594157, 13.241001087817912, 13.087376665577496, 12.924736290785267, 12.80317382835875, 12.674943102154694, 12.528286929455055, 12.394737667725806, 12.288015116189738, 12.14822569056319, 12.038598367205218, 11.906259019182446, 11.82223226779029, 11.683691233650567, 11.597148955201197, 11.495486934520144, 11.39205906930043, 11.275877331369008, 11.156055236927477, 11.048674089655314, 10.970879275949041, 10.92032886552279, 10.873442529413854, 10.818119137822581, 10.733506989193316, 10.647435327803311, 10.525502768516953, 10.477265234194059, 10.424999539116902, 10.332009566251562, 10.305708956336657, 10.238052416573526, 10.191908926668988, 10.106950520663425, 10.014353293049734, 9.951655903464884, 9.878969213796962, 9.801464617808008, 9.712218601086082, 9.688385684740874, 9.594254227216382, 9.567716679028301, 9.500087278310485, 9.442488540466814, 9.398147243952303, 9.35199035448429, 9.305926512088346, 9.27686451627617, 9.217067398546922, 9.169458825771901, 9.086832649893694, 9.05267678639449, 9.006665027790495, 8.93382479948524, 8.87623320862401, 8.79466442603482, 8.738645082887071, 8.70224305328238, 8.632494438074605, 8.580066780090885, 8.518846403214932, 8.473933006844275, 8.410909401829018, 8.390593047372997, 8.364351965403678, 8.329225527222656, 8.288461383079552, 8.253008881629228, 8.179733283097752, 8.141825218421525]","[64.61954564423625, 58.827161429309825, 53.414087814883274, 48.85682099463511, 44.75994532480418, 41.1150860878709, 37.82931982024629, 35.03984406225841, 32.516790874329885, 30.331264228236115, 28.513477814420128, 26.856757643452166, 25.43522753694068, 24.265437027987566, 23.273716126331536, 22.394702829381195, 21.72188342658478, 21.162710004755088, 20.65512268817831, 20.23965941912684, 19.85431971994791, 19.544188133224125, 19.27106993736911, 19.086057401356477, 18.91247706251195, 18.82646426476327, 18.668364101931985, 18.549966310666793, 18.486040527609475, 18.47357236186651, 18.413903411081602, 18.390159566849018, 18.31658323834937, 18.283240797246695, 18.201874061175925, 18.213645722051425, 18.156157461531347, 18.19897457420937, 18.222070291608077, 18.234158413016797, 18.183800630559894, 18.12059938627763, 18.110175146699756, 18.20945649917838, 18.2038605396189, 18.222344679809236, 18.283795245037656, 18.239650229394638, 18.18139369967925, 18.162091500497663, 18.12701923272959, 18.09740308278869, 18.082688994224725, 18.07262852888688, 18.05593199321158, 18.048386225711308, 18.075015295401737, 18.072943011200813, 18.086751735232603, 18.057857262151966, 18.04294973489204, 18.079474348853555, 18.073101199063856, 18.073428401297953, 18.103162206134318, 18.08559762134118, 18.075570663063722, 18.090602596906066, 18.100306894575375, 18.11177053371578, 18.12069859621651, 18.126839726820716, 18.152395832424304, 18.158321527234158, 18.14992808092539, 18.158334717666495, 18.195113231986713, 18.20367697622725, 18.231489529406232, 18.22934791079568, 18.25164998319807, 18.200359962510163, 18.19930529849345, 18.17613049850611, 18.1851622708792, 18.18440858977921, 18.170356558974134, 18.176968681266647, 18.16467736074251, 18.145142221285596, 18.16558476391509, 18.155439773372905, 18.151842009867522, 18.12961951203046, 18.14868968582117, 18.148184056624025, 18.151902849751682, 18.143822017978643, 18.146912656344334, 18.11677716776907]"
3002__DENMARK_ST N of BARKERS_RD,229.73834014699926,15.1571217632834,10.769197938269649,0.9719651795684825,"[83.72900247109942, 75.87641892193034, 68.80487620270395, 62.5334962024265, 56.87139179653593, 51.7318494191268, 47.16446218334002, 43.05974007691263, 39.39457928051391, 36.09947464171131, 33.20351031340882, 30.592268468644416, 28.30579612551947, 26.233769638029106, 24.438687063378023, 22.839751030584576, 21.478992172222874, 20.206852874085964, 19.10499142744743, 18.17925482733822, 17.370199443495824, 16.669285532867466, 16.05960874795754, 15.50772049006741, 15.059207599791714, 14.651730099661759, 14.312008633165496, 13.986274684155928, 13.712207120801688, 13.453149548594718, 13.255146826738848, 13.02409167468869, 12.860287019537157, 12.67164879514978, 12.519681984408898, 12.404303258003345, 12.297259058275207, 12.138336691217654, 12.02908557889681, 11.94285292263184, 11.833355942085326, 11.729454915022796, 11.660685923439187, 11.568327954148591, 11.471341106020814, 11.383793596589733, 11.280557285630463, 11.214894535280608, 11.158757016273045, 11.096866473858542, 11.04799232553626, 11.002078878432242, 10.917813528394626, 10.846327467148564, 10.796595684202329, 10.705156837523157, 10.639826015147738, 10.56759898738885, 10.525270885957504, 10.398493895933244, 10.350750920272418, 10.28619713990053, 10.206921045873479, 10.156425687004697, 10.100864293357068, 10.045258397300898, 9.994305209769506, 9.9549783593934, 9.90371982176952, 9.853053875593174, 9.822762181126558, 9.760139159877989, 9.743409132406295, 9.681093764734467, 9.619209426129466, 9.546310380102126, 9.484549991084096, 9.447011367723663, 9.424079531575341, 9.399450155552358, 9.366331150855734, 9.316867616378255, 9.270467710536693, 9.234135039079638, 9.201568096567877, 9.168084366847337, 9.144536835120224, 9.119454553755066, 9.063336420673757, 9.030540959116248, 8.960871672235427, 8.923124373142407, 8.866958236171525, 8.806049700724795, 8.738088043540515, 8.690275002927374, 8.612767622067189, 8.576996684351679, 8.491252536787462, 8.480382110917331]","[79.2743228962014, 71.93866377905569, 65.37220014181963, 59.503670610694456, 54.30407157822925, 49.56293375233059, 45.35570029575551, 41.5740575301997, 38.160559472817766, 35.20634269079506, 32.60475444832432, 30.29435743273455, 28.2609770461389, 26.454038378651042, 24.92856296316147, 23.587526173795165, 22.425691474977274, 21.42208188169983, 20.608139108202003, 19.921713705687363, 19.297481000796118, 18.773330738304207, 18.312737394003832, 17.952087834824496, 17.64656218839367, 17.33907367742124, 17.11363203134854, 16.941028922907538, 16.7778993509633, 16.68108404387562, 16.55198650323668, 16.489844659746936, 16.37553569932211, 16.29322276359887, 16.24799583418585, 16.22024082669793, 16.180936220844583, 16.14615699177145, 16.060778116936568, 16.038390091913794, 16.03502127596159, 16.069673589659732, 16.03231799238081, 16.01034509539451, 16.024874313872306, 16.05378276849019, 16.053934840620244, 16.051888616344804, 16.06793258978985, 16.0653045999159, 16.051230977377084, 16.051870967735677, 16.010647427152684, 16.022148656255737, 15.993781817155469, 15.940327435436386, 15.96965963729564, 15.94751028911053, 15.956116684675061, 15.962044976043362, 15.951594309935462, 15.931548595498596, 15.975682586292429, 15.97732120714548, 15.95611336708105, 15.981237780487083, 15.991308799679116, 15.991029237080932, 15.954345454681613, 15.934671590404662, 15.940433144652138, 15.894823059954268, 15.887730237001557, 15.903168772576127, 15.899422437790072, 15.920110786097439, 15.944483596882556, 15.936238437863242, 15.918915043554707, 15.924648771206247, 15.93336948798591, 15.913771317719151, 15.890933723988296, 15.87815827588258, 15.873555441922996, 15.886681645187394, 15.87632495936178, 15.86397990975284, 15.875952675745827, 15.862497127996987, 15.860391757836993, 15.851948251350573, 15.830695312346489, 15.829951509956656, 15.839611768385588, 15.806988451398652, 15.785773319562823, 15.806043316702189, 15.787881597117677, 15.78129899818742]"
3002__POWER_ST S of BARKERS_RD,338.62710586439346,18.401823438572425,12.876852306539828,0.9571289192386143,"[82.2842162018521, 74.59172083683886, 67.67980304758657, 61.55093034821702, 56.05086286825049, 51.106304452049905, 46.66950935292287, 42.726716046889706, 39.148678641702574, 36.00612839546571, 33.24120985819631, 30.744651924359438, 28.6101039645516, 26.65853542921066, 24.958345712196355, 23.461599144132244, 22.150238139995764, 20.987608907830065, 19.99596519764341, 19.142146562888506, 18.358504389640157, 17.678560468448396, 17.083677371438974, 16.620400262831918, 16.15916420830143, 15.750373133339956, 15.409622864379095, 15.125749203716472, 14.803060066039729, 14.55382763436461, 14.327764342639247, 14.153823952221405, 13.957609473457474, 13.806264042345843, 13.641169916918091, 13.518336148140147, 13.351655452106064, 13.175692040019829, 13.075109612279833, 12.938099276898859, 12.852565155291831, 12.770433670209435, 12.662479220057989, 12.50864514347356, 12.392685568223275, 12.310910014182019, 12.23732769390073, 12.114070787397374, 12.016270727347111, 11.919185687922965, 11.848892186193405, 11.806799133294241, 11.70470771198884, 11.600485984578846, 11.525409677771005, 11.46237383387722, 11.385039000340019, 11.265644759201765, 11.233997669930108, 11.177745828360106, 11.125684589051883, 11.031727837955305, 10.954612946782, 10.853112525133204, 10.775282722255778, 10.747991146138565, 10.625511059676091, 10.56328740463749, 10.513657764639026, 10.41263443431081, 10.394499283757709, 10.327592976380231, 10.24496937184666, 10.219384689262085, 10.078616464946169, 10.01142645149103, 9.92857140997329, 9.8702008810955, 9.790871976192753, 9.735377466496296, 9.630327712577259, 9.555391702451384, 9.438455898690803, 9.370374385031356, 9.273254056575134, 9.222269188905106, 9.182171758940347, 9.161938023197456, 9.109296860555363, 9.053261774032881, 8.948243023449058, 8.921762267932522, 8.889758884865923, 8.84570899939445, 8.785901740458696, 8.73412671394563, 8.669573158213757, 8.64472426873513, 8.597330693811267, 8.528155425974639]","[76.29285997125224, 69.23589222120569, 62.98650278896942, 57.436041370771925, 52.58158615185659, 48.16322919877085, 44.23570053983946, 40.715209668327915, 37.63952166297588, 34.902207722711594, 32.60589253846456, 30.58726417185772, 28.895904474407317, 27.441206028580474, 26.212917085220543, 25.031200503632046, 24.089571083064836, 23.187302949052977, 22.47640044137391, 21.87966514729023, 21.433886846887162, 20.991090372425415, 20.6230963791655, 20.34284319947051, 20.12441710817757, 19.943963311334606, 19.72430657143342, 19.555732803858344, 19.50017361689148, 19.46395901499108, 19.324858037893303, 19.226027420879102, 19.189504645284206, 19.17058990718642, 19.12714177610068, 19.057624015190235, 19.02572052377295, 19.014458910776924, 19.033257120607303, 19.01295439747732, 19.062203830468448, 19.01835245916388, 19.008731463256108, 19.01064969887325, 19.018748629976205, 19.011024921537782, 19.02895094762688, 19.07591852740941, 19.03695494188764, 19.069891853178735, 19.074768938315305, 19.05456576133383, 19.082356458590258, 19.0870819076073, 19.099058243627375, 19.10144974558059, 19.10251263668665, 19.121991446510748, 19.124028758220252, 19.137943060942703, 19.16273214516687, 19.17471101240931, 19.185347261215224, 19.192692155062343, 19.200664297142087, 19.215958478641596, 19.203969816643973, 19.209681982779774, 19.216372642813926, 19.188531639328602, 19.20589268192158, 19.1892354283518, 19.18659285188058, 19.192507115042524, 19.205860035736805, 19.19417706395041, 19.242596837892084, 19.255148021453728, 19.291410911849358, 19.301916861769374, 19.303303600402096, 19.300392406660638, 19.271262988192863, 19.286208877368466, 19.315763694594118, 19.32189590338529, 19.311058020803106, 19.317752292542973, 19.32707454997494, 19.36494927996511, 19.383209857172183, 19.3821498749587, 19.38171622561582, 19.390399619694183, 19.4318006451467, 19.434386964379026, 19.433233162304393, 19.443796700687027, 19.425837575259955, 19.41524197110547]"
3120__BURKE_RD N of CANTERBURY_RD,287.79556232215543,16.96453837633537,12.917978858947754,0.9548331175131277,"[76.00849916737144, 68.93849266461757, 62.64797271446802, 56.95186209484913, 51.889526221541026, 47.31447569149568, 43.22796421746898, 39.57999094535599, 36.3451890526061, 33.46626129233212, 30.883258910200592, 28.61757000372475, 26.615257365286332, 24.8636251368231, 23.320146361128625, 21.96350156471422, 20.799662538776833, 19.764774781220666, 18.85893697505654, 18.064246477720488, 17.387302440464502, 16.800575167358502, 16.285008205855608, 15.863485622385845, 15.500589550349192, 15.172468411852991, 14.893243164357798, 14.638983444870416, 14.405921252434037, 14.219768283301068, 14.046247201330416, 13.89672111410832, 13.767727127100688, 13.653757351921874, 13.496945362622256, 13.398649609132217, 13.299677467298899, 13.197015717200165, 13.114906922722497, 13.008657283084865, 12.934462160673327, 12.86429382440324, 12.782310880247671, 12.649531102940143, 12.579539470068145, 12.515944372319968, 12.419604407716108, 12.331838895823775, 12.258267328072469, 12.221217061026922, 12.169031456925847, 12.12109953446783, 12.02002317078376, 11.944526261897728, 11.880605178380277, 11.813065771773335, 11.760051306539742, 11.674736098722084, 11.613172208134621, 11.564581447378037, 11.527115798965218, 11.496100036342396, 11.419623615467597, 11.321481684749438, 11.264398676110346, 11.201944987996493, 11.16812377138177, 11.08389387220522, 10.994742468245743, 10.97305213022074, 10.900017069297142, 10.83557629254441, 10.78492350241348, 10.729704668354843, 10.68167738997912, 10.607978655621285, 10.584155460530573, 10.550346608083585, 10.521445653396038, 10.459323914667747, 10.381632207257423, 10.347740167398216, 10.301477126663348, 10.234494437189168, 10.16063721364728, 10.120385027377525, 10.092962063034978, 10.018457112663846, 9.963928068646524, 9.925328732467408, 9.875905197593557, 9.858651053123763, 9.814243588697051, 9.767760861376411, 9.735574866329594, 9.698764544644593, 9.66569396041088, 9.590034648944828, 9.513291686576107, 9.477784587734185]","[80.09842238928566, 72.58084651274002, 65.86942784897137, 59.89365355892832, 54.57144702509156, 49.74016305997348, 45.480238920251104, 41.68270431633779, 38.296140308459215, 35.24891748048736, 32.591208333366396, 30.27731690750875, 28.271567731944316, 26.52329567756074, 24.967605079325406, 23.67805081977334, 22.576658707228507, 21.593242827853302, 20.71983248049729, 20.03773614842829, 19.443969228691497, 18.960680964144544, 18.544454684462714, 18.192352319642726, 17.880917966011488, 17.69380311743618, 17.501651235543456, 17.347807182616428, 17.23967937736433, 17.116564948108998, 17.031531096071234, 16.994135979499063, 16.92627664365605, 16.888573391783936, 16.88747361385666, 16.8662149785373, 16.831385868279572, 16.770043268330603, 16.737335953651993, 16.709698140791726, 16.692350498219316, 16.7200869917729, 16.681041556766033, 16.69587028766031, 16.6759329716287, 16.654128879722563, 16.641149733933915, 16.642409860001656, 16.663259130908163, 16.680755751133535, 16.681454278993645, 16.694978063667076, 16.726276307342648, 16.750182655718568, 16.79885028828885, 16.818280604811715, 16.8574385650326, 16.84361893591447, 16.839387661624112, 16.845936288656283, 16.857723200990556, 16.863400229292598, 16.850654790590752, 16.822067686833275, 16.817381333742247, 16.847422238685663, 16.85043940253671, 16.85537455206243, 16.873339896575583, 16.869636106992527, 16.884140264950148, 16.897837347129673, 16.8991055567042, 16.884973349533425, 16.87438202993029, 16.908264240786995, 16.89297155901802, 16.876829987878654, 16.88570084863555, 16.88987313413468, 16.858640214291523, 16.886582531840016, 16.901726526192135, 16.909393182558315, 16.93164616530681, 16.939758778711024, 16.92700665971783, 16.94620768070433, 16.953878730744446, 16.947053154852934, 16.936003869478697, 16.963266748849602, 16.963564138815066, 16.965418202240446, 16.952797261773977, 16.955903055520807, 16.950408193152775, 16.95870522237489, 16.9367469911966, 16.935187816100658]"
3120__BURKE_RD S of CANTERBURY_RD,221.59487085623005,14.886062973675411,11.200630799840006,0.9421700336977419,"[60.42827945698934, 54.95425978162234, 50.02361464618705, 45.636734886903234, 41.73945410577492, 38.23725495576719, 35.13659742226963, 32.410387020325985, 29.929983627751245, 27.715709762002614, 25.814054783435278, 24.09631696059114, 22.63478842070462, 21.36324945177498, 20.243338453119208, 19.23285880302053, 18.357541140907152, 17.59861636789806, 16.96242251881205, 16.43059271474368, 15.915019262989729, 15.499341791438853, 15.17846932482161, 14.869828548118063, 14.581437939330607, 14.368946484058055, 14.136219100639222, 13.920648539048248, 13.737418320647569, 13.57288302232032, 13.429524087690703, 13.301492298160296, 13.149997641843575, 13.070911555832812, 12.976968178775996, 12.877257366177531, 12.757911461139738, 12.652787902552026, 12.565909687997722, 12.464820480235884, 12.38778939378335, 12.264021233189712, 12.201529503176813, 12.148973204921813, 12.089855350609952, 12.022677759517482, 11.962082777796812, 11.890435195506868, 11.84355877285341, 11.801332153100809, 11.760699702687788, 11.682781931631503, 11.580003159664681, 11.511304344233524, 11.43895327927219, 11.415040910907448, 11.340214045912562, 11.26683878551553, 11.216197248049351, 11.1549651837366, 11.126482068263417, 11.11118181364786, 11.0646996796662, 11.02564616305296, 11.00859814767946, 10.929549599122135, 10.90443148492886, 10.867406426588925, 10.826075499631008, 10.761163257464805, 10.703813513699272, 10.67418450876007, 10.635498050884285, 10.595904670762073, 10.538981091105944, 10.512609475835937, 10.463198108191511, 10.41374990879117, 10.3574655842232, 10.320471933210998, 10.292532905645855, 10.22739202461317, 10.144904542434523, 10.098203899721234, 10.071456090388875, 10.01963807739958, 10.001304186938864, 9.984197954175738, 9.948195207305812, 9.881328078749911, 9.835550486767737, 9.805344822455378, 9.738015184582567, 9.697869310165293, 9.625460881981104, 9.592125055293353, 9.570475861839283, 9.505953217548653, 9.491374004820383, 9.446178035268266]","[61.18328141913992, 55.64636108894422, 50.64993737708711, 46.21118013082757, 42.22375335123225, 38.74476517968088, 35.60622946403739, 32.87055875825993, 30.355187963656793, 28.092750684415925, 26.25303284649798, 24.560329897771243, 23.12120858928576, 21.873115518838496, 20.815817176689908, 19.882164502782537, 19.06675291520726, 18.366662434136156, 17.775204396362266, 17.349580313240782, 16.901815623560168, 16.535780307086622, 16.269394850500852, 16.04561507344787, 15.764095461107242, 15.598802912362506, 15.43534714151243, 15.250199356337372, 15.140329165725712, 15.047925695051063, 14.957062235707648, 14.921427991273012, 14.863357642035526, 14.852370174342655, 14.836921474073767, 14.811124853440147, 14.812679740511395, 14.825334245233952, 14.819055617199895, 14.834049047839004, 14.861309358923046, 14.886003067522447, 14.869814822327728, 14.881560223325303, 14.881778774769954, 14.841388019764398, 14.822208117741615, 14.817222023799388, 14.839875728736653, 14.846867716665491, 14.860376352550988, 14.850869642386993, 14.87403366487641, 14.860951882483766, 14.864279702245682, 14.874242223091224, 14.8378730290839, 14.83608117706833, 14.83569131694085, 14.860034355522284, 14.86991930290511, 14.870570607181136, 14.847308844306347, 14.843290385646293, 14.843387938372496, 14.840958543384271, 14.839574345717432, 14.860668043913682, 14.837182088123003, 14.820905891957848, 14.814881942673514, 14.822874923495027, 14.82456383271434, 14.855836094170542, 14.856609243765261, 14.860141466106068, 14.871008754030617, 14.86352356453361, 14.876838849677549, 14.902072556138767, 14.898853115924602, 14.902571703477477, 14.91447884004274, 14.930808634506437, 14.934115746988606, 14.954883796222331, 14.961345611931117, 14.966527152254173, 14.959631568713013, 14.975520135335659, 14.973902667603404, 14.966999650053577, 14.956767393317348, 14.96767748187837, 14.962738238681673, 14.979265269465213, 14.985090279308357, 15.012349360451037, 15.004584376095375, 15.017050969001186]"
3120__CANTERBURY_RD E of BURKE_RD,196.20917245010855,14.007468452583021,10.215283322066403,0.9626526477975857,"[72.73174853196, 65.93328695333221, 59.85222025177924, 54.42012325020324, 49.49362427496145, 45.072164355619975, 41.11941778750564, 37.59362688325465, 34.41097531418557, 31.53750915825452, 29.071477843270117, 26.827962487895597, 24.83985059534775, 23.070301265418518, 21.522744660737075, 20.177848170773533, 19.00470768632665, 17.937977079890782, 17.03645081843948, 16.27215298061061, 15.601793395471258, 15.036314422375206, 14.516928999088321, 14.099718117614717, 13.721600474999827, 13.41079386629561, 13.14289760706114, 12.897391298534732, 12.682673431100383, 12.49803849672616, 12.319756803869465, 12.170287097876054, 12.015320596022887, 11.87779551301442, 11.749976772137954, 11.6226557777043, 11.517989693655982, 11.44347947452868, 11.355666456776236, 11.277744072857113, 11.154979388011574, 11.052994337679158, 11.001191756684804, 10.933443812686344, 10.839542286543628, 10.762187492241448, 10.713432801791056, 10.608530743537289, 10.536162626461282, 10.472291636555285, 10.42560888864341, 10.369930884913764, 10.331007415721492, 10.274642981925535, 10.223438573466765, 10.148605933229605, 10.132063261895224, 10.109039897505646, 10.078081322034254, 10.058925336615792, 10.03210306016279, 9.967297269555598, 9.921718420469734, 9.898214467317965, 9.859536431454595, 9.810145849424996, 9.730733993518195, 9.681066805239162, 9.573347490904506, 9.546329862025969, 9.518143928160251, 9.439685144536174, 9.37792496909293, 9.314380053296821, 9.250355791899814, 9.20834970040003, 9.193923572513066, 9.127379445765746, 9.083963986484372, 9.060650956833337, 9.034443519567644, 8.983307883770085, 8.963739807848183, 8.916868398283512, 8.842066175472073, 8.773994672327595, 8.744051279203662, 8.687383939554493, 8.610894446756895, 8.562834168963223, 8.505277225849584, 8.486360424887106, 8.467193453777323, 8.441608676781524, 8.425012127891778, 8.41012951055465, 8.38259006669898, 8.339759128506326, 8.26022119503028, 8.234948122169332]","[79.94761004292666, 72.4917795481995, 65.85317568692152, 59.88648675540915, 54.42180577587669, 49.545643286818645, 45.141743813681124, 41.19999497849573, 37.68355786934974, 34.523043663103415, 31.799679058835306, 29.36322387155005, 27.19630805165788, 25.25122009938827, 23.53246795282956, 22.022273525498942, 20.79441760591596, 19.631077478899314, 18.671633377243403, 17.835292833915087, 17.130138554322603, 16.54840245291117, 16.064398039768978, 15.650503548383217, 15.32666609255306, 15.03017964216405, 14.797267768171189, 14.61687463927831, 14.498306057639901, 14.370597812903608, 14.25576290895002, 14.173355490678448, 14.078539143786264, 14.05432479297334, 14.030255685400705, 13.999060158555329, 13.998463955071527, 13.955773809977497, 13.917540383144754, 13.89247257345181, 13.87964375304289, 13.852372634062041, 13.82866447618289, 13.808941378697101, 13.818114915053245, 13.836119532896376, 13.848845095677195, 13.856467803766556, 13.86118806387397, 13.858529939258084, 13.855822864062889, 13.861520035452687, 13.873705419376009, 13.89385590012227, 13.9075128038833, 13.91216608924006, 13.906056165971107, 13.910255377684752, 13.9150927048857, 13.916830820178443, 13.913056187585507, 13.904585243609901, 13.891461100883893, 13.914984879398649, 13.912749711658558, 13.901366256974498, 13.930611563600124, 13.91656241637722, 13.921322761601536, 13.91439716022328, 13.928917274833575, 13.904574942160744, 13.9104635957854, 13.902684796382939, 13.922799037255375, 13.923881177604935, 13.921170751404357, 13.917261574528668, 13.92453234939892, 13.922749359948643, 13.918968273200784, 13.8972933957569, 13.89310544809124, 13.886240661814922, 13.896586312181558, 13.902924164912259, 13.92211288599742, 13.92156110859254, 13.899324704495196, 13.903878737057136, 13.928719249163182, 13.936624911489686, 13.929015950912893, 13.923024571128044, 13.932754140825146, 13.936483527388594, 13.953074661113469, 13.946338464386033, 13.9731639365943, 13.973705289992957]"
3120__RATHMINES_RD W of BURKE_RD,136.2324641205581,11.671866351212136,8.551390247130662,0.8851380283984133,"[31.5720801347855, 28.939616621408952, 26.526987025508365, 24.429430375601317, 22.571110801760604, 20.878943632557302, 19.41516384890163, 18.089830717920155, 16.88966590404531, 15.855819558729024, 14.940903272386638, 14.117398164502887, 13.390989747071403, 12.767608529560864, 12.22304544248777, 11.738980241015415, 11.358237171058143, 10.996905926730573, 10.668106428404156, 10.404874888516193, 10.149381521086733, 9.937982692530483, 9.732122778123655, 9.530734361731719, 9.36107787530978, 9.2215640221263, 9.10286987814639, 8.986273943615961, 8.889424494743666, 8.760659557015687, 8.665203872601426, 8.57302524012379, 8.51470865631345, 8.413019127137922, 8.352208290999314, 8.278031332241042, 8.230319242992541, 8.165806696594355, 8.121407967412477, 8.070481795673404, 7.9773159925609045, 7.912430914193052, 7.8566946309719174, 7.81590315674653, 7.776272264441791, 7.733178004212799, 7.695025310071844, 7.6282537335819605, 7.6017892806573295, 7.570369852316751, 7.511018032427181, 7.48758542637637, 7.442819768285742, 7.401349573684598, 7.372747337277, 7.332062494471193, 7.29781515784787, 7.274524673450707, 7.239509718233487, 7.2253669409915116, 7.201146920678281, 7.1794173114272, 7.150875762362451, 7.133083569109516, 7.088092860611544, 7.047678991307726, 7.03049796602778, 6.973631682211963, 6.937067535508089, 6.903769174320128, 6.843252688238684, 6.808070445796864, 6.773160413515287, 6.7645246879013365, 6.737032086328097, 6.695399447821219, 6.687693704380307, 6.672940857672472, 6.663405530971973, 6.617936522616978, 6.573988401114876, 6.556239473355123, 6.52531022453037, 6.478429251870933, 6.457811779747436, 6.406922192963695, 6.381255845419455, 6.340082036715971, 6.311492299252672, 6.270096134593773, 6.235806458302682, 6.205826184493558, 6.182552459687918, 6.140170446935003, 6.129620346819798, 6.117534129979509, 6.103723061035814, 6.098117144303743, 6.081365813694654, 6.066680110980643]","[35.37855065835143, 32.64446708918142, 30.11769057579665, 27.932164162779664, 25.97240320951847, 24.194724756563573, 22.68150821327312, 21.360760294570042, 20.134005530565286, 19.074180037361025, 18.151856812084283, 17.34946695476113, 16.68133059252216, 16.094500862330534, 15.562755100965063, 15.146631282569238, 14.78801497057199, 14.44436082510494, 14.094121409114415, 13.87716730279907, 13.636406062839317, 13.492782159464142, 13.326711357924886, 13.125414609323528, 13.010437790548524, 12.928359525083298, 12.827283448093416, 12.795001162281494, 12.733659246928589, 12.65821965622036, 12.587564226697047, 12.502759969207187, 12.474964626048125, 12.42655476850244, 12.394660443786663, 12.37907251238509, 12.370571647330403, 12.313506590303078, 12.274577503548306, 12.223263951263943, 12.203798875262365, 12.164848839088366, 12.133636132605623, 12.129660812270053, 12.098954151277049, 12.092748491283395, 12.079091073413222, 12.069014359875927, 12.058720165192842, 12.065334142669158, 12.048184543498142, 12.033994330669916, 12.034202712400692, 12.028585192163382, 12.00602541332169, 12.005972863738767, 11.989798402778936, 11.974449451594115, 11.958506120330805, 11.947292988528922, 11.94360751715609, 11.946587671466578, 11.944774315750413, 11.941546624760136, 11.962369793586282, 11.955226392322034, 11.970115776888026, 11.961902751526342, 11.950677820351245, 11.951817920910107, 11.95619487859316, 11.940931696327128, 11.947645703586236, 11.943846260764875, 11.939476825745565, 11.944689022236194, 11.947039137794023, 11.951411191695227, 11.9358954373811, 11.937105002858617, 11.949995754956463, 11.954147177633171, 11.94813186084772, 11.962233607714696, 11.957515482835703, 11.953099278253035, 11.942442542240686, 11.946547816966985, 11.950267631274704, 11.954679338874424, 11.979202957148274, 11.978904203823461, 11.989859510881773, 11.991954442303191, 11.997114200990234, 11.995766222586202, 11.982991236510552, 11.978905864647038, 11.979537896268472, 11.981376276791966]"
3122__CANTERBURY_RD E of STANHOPE_GV,291.867481854292,17.08412953165282,12.592686334888587,0.9717206517232784,"[100.84370887951954, 91.31491435001548, 82.82121714071592, 75.20784677736657, 68.34431100874986, 62.15422698619641, 56.56451356435072, 51.59115581867966, 47.0834351515422, 43.05149726664757, 39.5511580300598, 36.363754021363796, 33.52343507973042, 30.995188638052163, 28.75051611394634, 26.791116848014706, 25.070906035121116, 23.553798544818207, 22.212725780628595, 21.049466838583314, 20.02455616114429, 19.18582847843347, 18.43676055000688, 17.774677909176624, 17.169186014951997, 16.664068506999307, 16.220973703990577, 15.835973906126132, 15.52406331988421, 15.221292495945232, 14.96219896723675, 14.714627653959932, 14.528961771948557, 14.350419787399826, 14.204440471089933, 14.076721207223182, 13.897465694067648, 13.781788070915454, 13.635062855021058, 13.50317755453277, 13.379734929803252, 13.270710838855141, 13.159398828090398, 13.047840261785048, 12.927509772293497, 12.846200423798543, 12.771183610533772, 12.665532149141352, 12.605567296229458, 12.548480206399233, 12.466177578145658, 12.383116020559697, 12.311070887347427, 12.218333453691631, 12.138518072630152, 12.105547679792695, 12.056832653703525, 11.985310135784072, 11.946811019120178, 11.899640324496168, 11.848831377082343, 11.809886581800406, 11.734654681458093, 11.719627049033395, 11.701974049075131, 11.67688332907156, 11.595028509268179, 11.54496971636425, 11.466409870182721, 11.406318064608776, 11.356180778223482, 11.322834663206674, 11.281810052004175, 11.208655757391618, 11.16105284770454, 11.124863954914279, 11.086667356041643, 11.039311197876712, 10.956826578296626, 10.88823950619177, 10.848618594718598, 10.775695852276325, 10.706918109909042, 10.645669316031787, 10.60789044677962, 10.581404370132008, 10.545495943820502, 10.504532938863019, 10.470108405142113, 10.431282157274387, 10.411175443295548, 10.374378577404885, 10.345182294116915, 10.28825997030655, 10.238052790537937, 10.172276549268101, 10.152219711734485, 10.086836915983827, 10.03211323087342, 9.993684820013451]","[109.7610036180666, 99.30482444268188, 89.98117982119605, 81.69874853173093, 74.15191237659802, 67.33226167149377, 61.152433785921716, 55.65591316347919, 50.64140131772125, 46.19557589329817, 42.31049388452628, 38.829779921807855, 35.69511746092552, 32.94330529195408, 30.538115156365215, 28.410706178564404, 26.531234400884898, 24.949248998204673, 23.570773107614006, 22.335215550043593, 21.361717744111846, 20.49132328912144, 19.718747807888168, 19.117007102998812, 18.518186681650814, 18.094603222921776, 17.718633154081235, 17.423923214852987, 17.21548729280237, 16.98760681422283, 16.8028024326498, 16.670923658255905, 16.60410794514616, 16.487558471048974, 16.44578234747229, 16.412756013719637, 16.396931861683385, 16.345805935091043, 16.317483659335792, 16.291385144711935, 16.26474423903815, 16.24585936422117, 16.26025675455369, 16.25951388293375, 16.239105358894864, 16.228728417451098, 16.20517905441038, 16.211001455156776, 16.16942231311218, 16.13419699688544, 16.099412944801397, 16.086451855519684, 16.104900615738273, 16.129072119394444, 16.118885588015438, 16.105600761510466, 16.112740193920732, 16.127733995988045, 16.158118317119566, 16.194114747430962, 16.204188092377834, 16.172558565173706, 16.17525699622305, 16.154356668806397, 16.142239200412863, 16.135700975558837, 16.147030521458184, 16.1405201392751, 16.150341479698174, 16.136064287142176, 16.138805616266918, 16.134516667358337, 16.14393070260608, 16.16904698766151, 16.18067128541729, 16.194207577105168, 16.187552731571152, 16.19409426055228, 16.198190957688674, 16.216190638781033, 16.218315801671924, 16.221871320093275, 16.203914331167482, 16.2070864305094, 16.19595053498159, 16.198869483858786, 16.186327091092664, 16.18273257061293, 16.198425539224683, 16.212169414711646, 16.198692950577556, 16.204410802977605, 16.207777042248047, 16.20892710530461, 16.202380597947602, 16.1861220176975, 16.18491065783752, 16.200917669117135, 16.209055277745776, 16.195183988383437]"
3122__CANTERBURY_RD W of STANHOPE_GV,217.67397014326275,14.753778165041751,10.784059017695737,0.9680856077513981,"[77.82838323575858, 70.42267541560469, 63.78661905092656, 57.818758072323746, 52.56231482651136, 47.804167316788856, 43.52398933782051, 39.68578999418291, 36.24529925745759, 33.13728683489625, 30.400020035582372, 27.99482468134341, 25.843512478223165, 23.942838815287292, 22.255325817536608, 20.754452384584663, 19.456327745079797, 18.326755368168012, 17.32486497958026, 16.465090561820606, 15.708853446961273, 15.07352890577898, 14.508754518809406, 14.002677071769028, 13.603397714835834, 13.216803660941444, 12.907944291376028, 12.617609857263979, 12.372514716907547, 12.132324024506072, 11.931092758920771, 11.777033318295132, 11.602668698526415, 11.448698615186046, 11.302884662992374, 11.15670997694886, 11.035671209674806, 10.898506792597507, 10.803077275003991, 10.711812651020193, 10.60402812778797, 10.524724848366626, 10.44431338495131, 10.394242089670032, 10.302917013520549, 10.248775198638667, 10.162511803389444, 10.123722469801562, 10.043020491928166, 10.002056903718351, 9.944364147034113, 9.902777906414556, 9.851707760201732, 9.780775070797366, 9.733542814909308, 9.680858120026203, 9.619094110308822, 9.554835990960703, 9.511850098561489, 9.482101974926548, 9.44333703128755, 9.397609152411508, 9.325723501728339, 9.279377140261719, 9.211000329140012, 9.166561401939282, 9.116483862501626, 9.05793045857619, 9.039551433260835, 8.981785271806627, 8.96219771985991, 8.917336881634416, 8.888400064010892, 8.844647530299959, 8.804446256605608, 8.769343201903586, 8.689040320318288, 8.643684505923037, 8.573147045118674, 8.517498539940116, 8.461068514155029, 8.427336966874298, 8.383023880504254, 8.353933765646604, 8.28374786806957, 8.246540416885484, 8.213200187008074, 8.172388361284858, 8.129762255454287, 8.076828923130659, 8.039539057126568, 8.00521307043404, 7.941855939600341, 7.910799801070996, 7.87208483128673, 7.821126561870849, 7.766663080494616, 7.7278489701345245, 7.697002705929457, 7.649919136090155]","[81.98686009489572, 74.35264863017731, 67.51631711177254, 61.28624341716645, 55.87899285094081, 50.9231045765232, 46.473985398695675, 42.548598192599684, 38.986526028708916, 35.80959221772306, 33.00510905929583, 30.545359049352644, 28.388271042253105, 26.48446890098642, 24.767154845709175, 23.269008086760525, 21.999485526828483, 20.85441089503385, 19.898146904984273, 19.044452828651668, 18.28490657721386, 17.673457408133057, 17.111886085768898, 16.67793176006037, 16.300592994960155, 15.969831625343843, 15.668890953442668, 15.383501853496464, 15.22853734654015, 15.080288921431876, 14.910456907988072, 14.787201304952383, 14.676770647923233, 14.606240998198306, 14.512929395960755, 14.460915127671939, 14.41471282604105, 14.352778822237624, 14.317450947058486, 14.274771055783836, 14.234000585725427, 14.217636645750137, 14.193765041057175, 14.1636460413806, 14.193510200841045, 14.163205995173687, 14.148860951667134, 14.140632643650358, 14.134931389143805, 14.11931879617645, 14.119260639207297, 14.09933051764182, 14.085101069131015, 14.049732258636233, 14.059087968870443, 14.061163829750212, 14.057397409270525, 14.041430975522845, 14.012466310224177, 14.002659918606923, 14.003487183703268, 14.013909696884848, 14.010896956487892, 13.973090580053789, 13.95970099657355, 13.941171274381762, 13.937202385527781, 13.89708612254783, 13.900921155633432, 13.920558596371325, 13.915408205425063, 13.921575741076607, 13.938845912980671, 13.936766377488729, 13.926483460220126, 13.937410697819638, 13.912036780751949, 13.922089302690502, 13.920248313874746, 13.907963065618484, 13.880575150412735, 13.876597449604358, 13.877795773365158, 13.883953450704244, 13.87911497184357, 13.891210970468006, 13.890035419529498, 13.904689865384608, 13.92634143768748, 13.924002440649078, 13.92599738153556, 13.944782519244859, 13.964853264234666, 13.967485057172441, 13.978432919455713, 13.97314718823966, 13.97318204664972, 13.970391878079798, 13.969415587482, 13.974127490658322]"
3122__STANHOPE_GV S of CANTERBURY_RD,241.70512493228895,15.546868653599958,10.862615023838,0.9634245078212315,"[76.36238560009005, 69.23330003725407, 62.77553143566235, 57.01825501591682, 51.860840410041845, 47.219233890291456, 43.044493183450435, 39.323255159039135, 35.988830569528616, 33.01302612878702, 30.396810433398922, 28.058731298824306, 25.984491424797998, 24.11984700085234, 22.496253744224084, 21.03437778190045, 19.796910129948603, 18.690150212629902, 17.737248861333047, 16.91491168341875, 16.197014593679434, 15.602183953766186, 15.065810805760705, 14.564795612997198, 14.127662539411228, 13.788355047604314, 13.4791309036333, 13.212634882629501, 12.96238322886864, 12.774793752719997, 12.588380292812714, 12.416809791239784, 12.279326413928114, 12.163084720680157, 12.000864321941924, 11.868690106388899, 11.758542241873407, 11.607677108820267, 11.49357485338072, 11.382610726004065, 11.28796740676155, 11.214939720962109, 11.099599826620572, 11.011842678720587, 10.946962835818441, 10.884558014157015, 10.797581905222595, 10.702491411910955, 10.623029078079425, 10.547775214100604, 10.48935602410456, 10.40861063868433, 10.368440782272598, 10.294575605518666, 10.21383155551041, 10.147135467010413, 10.067977066953311, 9.985799852803174, 9.908809204883612, 9.865091514709503, 9.821750389336394, 9.76215631794997, 9.722013675390487, 9.662708710426088, 9.625911921595893, 9.545880428144262, 9.486732691779457, 9.46073070790801, 9.423668243404743, 9.361817503568526, 9.31575972187643, 9.271653626133144, 9.2430085123763, 9.202605780251382, 9.12040160696547, 9.088221748052874, 9.012195120239278, 8.971342365857204, 8.916759103624205, 8.824269924515324, 8.754234572882877, 8.688336175472566, 8.639388726334062, 8.599094069126574, 8.559477758137632, 8.542016866671457, 8.491441881205837, 8.428136589063918, 8.406574467536807, 8.343351759222438, 8.303640556907528, 8.265153430305798, 8.189728309450784, 8.168613472584221, 8.15502018964188, 8.129587195439807, 8.064240612977953, 8.042716897419199, 7.996987388472967, 7.942129687397128]","[79.20148388878732, 71.78661848819605, 65.05812040862115, 59.06685585869173, 53.59273073838698, 48.727828124190886, 44.34712003869495, 40.4886320073484, 36.999033872136884, 33.87334432961558, 31.12812521149325, 28.69442890099659, 26.56555087731234, 24.673493886270734, 23.028010514421972, 21.538882863724073, 20.319376756660027, 19.23899575046106, 18.325684331859055, 17.53932479532895, 16.88029480706267, 16.369447399705784, 15.869806022715764, 15.448023611545649, 15.114259434415057, 14.893314071115329, 14.647284885904526, 14.465446216142873, 14.360771988602645, 14.26208118454275, 14.154915707892739, 14.091240369116612, 14.02473948708603, 13.981673956982196, 13.943303920239769, 13.926747718651116, 13.846989080505399, 13.842386900954354, 13.797698492909173, 13.770807784252604, 13.763083916330116, 13.731111128290669, 13.718453973987948, 13.709784512949177, 13.715668792981738, 13.698430503445284, 13.699682653366214, 13.712674326331408, 13.722821310546369, 13.712834887951631, 13.688473494397318, 13.698144470295574, 13.70902951002753, 13.698488964364277, 13.679456205208247, 13.671890314167992, 13.679363479897008, 13.679431540027785, 13.688042331294582, 13.709398699857491, 13.719749474029303, 13.70421307235601, 13.698960645966714, 13.705814031987108, 13.695397332116169, 13.684808469913065, 13.680550295821277, 13.680078000237913, 13.680755457312936, 13.684818071231856, 13.716860546417454, 13.72687973514942, 13.734054494931952, 13.735871080790988, 13.712320589580864, 13.71538804487984, 13.693330405573525, 13.722382981339468, 13.714929259622295, 13.70481861077123, 13.708530389178451, 13.695968786972152, 13.71032517111866, 13.71262955983106, 13.701498548377865, 13.696769092118908, 13.68657499127884, 13.675532296842258, 13.674238206142553, 13.680415326636671, 13.697742744065197, 13.693671972514837, 13.678720257456215, 13.683406745423742, 13.673609189782784, 13.670481651157367, 13.665641026836294, 13.68244671375769, 13.684582498886948, 13.690320389199801]"
3126__CANTERBURY_RD E of WARRIGAL_RD,280.7775908411968,16.756419392017996,12.135357901755343,0.9712378979508813,"[98.02203022497095, 88.78586920149293, 80.44112383348461, 73.04498488807955, 66.42915836752682, 60.48391441648041, 55.08905714091222, 50.244091071434, 45.90639087273688, 42.0501378541375, 38.648885665855396, 35.568321583112834, 32.876614337312155, 30.433334853309084, 28.276454910000083, 26.371086271836713, 24.700524948971875, 23.220551370622363, 21.94336563059359, 20.831745305500334, 19.846392760842043, 19.011261879221887, 18.251283343686982, 17.656078614896924, 17.096372233498485, 16.626177145916355, 16.220982144489202, 15.86651162899497, 15.554746715945624, 15.27787692259983, 15.038236552634341, 14.809720602118345, 14.588980202783517, 14.419435055525899, 14.274848735533292, 14.131057068411703, 13.9848341860301, 13.86733200205796, 13.734561917343504, 13.650801968321595, 13.567393970077854, 13.468304760155911, 13.35357578996358, 13.289316680210394, 13.217865023797472, 13.109278805784871, 13.036816327637034, 12.962647566545765, 12.895379675980921, 12.846706354047992, 12.759137157657236, 12.71028125890021, 12.64735395645406, 12.539544618338395, 12.503510782243014, 12.457090274219143, 12.408823039110626, 12.347795410418177, 12.290558999508342, 12.248289770687473, 12.181735286980262, 12.06881836297035, 12.000153713252038, 11.949860264088395, 11.88874990918174, 11.786937934371569, 11.733272486127115, 11.611767670389797, 11.587606352745192, 11.547219195006434, 11.48310786152794, 11.427772621680445, 11.41168310451709, 11.364814953796138, 11.309563003639676, 11.233175817881294, 11.146338436087987, 11.062236847343469, 11.017164437312676, 10.977235695455407, 10.898604801915877, 10.861666571479898, 10.82751568321899, 10.779649689768181, 10.73040922212675, 10.676865792277585, 10.592486735072342, 10.525216134829831, 10.444995713921404, 10.376801485980414, 10.346395482450857, 10.31401161910114, 10.295456828129192, 10.244806907392372, 10.164497012310788, 10.085960733318338, 10.025143189862318, 9.961288300211955, 9.924665314584658, 9.884623230907867]","[108.53414841545894, 98.37290137173927, 89.19874953162649, 81.09212423828447, 73.77700416601498, 67.27850325200943, 61.31035930594098, 55.98441057283518, 51.21467261461847, 46.953863004637576, 43.23788536179711, 39.85366251076435, 36.9134680010429, 34.2254720189327, 31.85570615143815, 29.76242213164704, 27.90467881596693, 26.287760167667876, 24.888674781342257, 23.760520857814285, 22.722304251079887, 21.888901916848692, 21.094132052632578, 20.52842855498168, 19.924668949026294, 19.467552063707117, 19.093579084120755, 18.774822735408286, 18.509203366297314, 18.260747417356125, 18.06492355441994, 17.9066523761248, 17.755719225467978, 17.642549064763195, 17.565003206601467, 17.410252944349956, 17.309599106872035, 17.283726020254054, 17.287215809801424, 17.275999706342592, 17.301660487733468, 17.28448493976221, 17.28833837003137, 17.31308504034652, 17.295912557938795, 17.338681203372232, 17.299619664866015, 17.341434145949197, 17.304080980078883, 17.36757254734124, 17.40469322886731, 17.45120638691801, 17.418664036019656, 17.384373897776207, 17.38078009592535, 17.39386977915502, 17.438805295557973, 17.47270451818015, 17.512084862111067, 17.510104504893206, 17.567148022522563, 17.55430738393165, 17.538558067788756, 17.576710869041296, 17.588337339195476, 17.63997724438959, 17.67936971015135, 17.627633981575315, 17.63143301051775, 17.64124107432914, 17.654350595762764, 17.64370974949697, 17.62815952838709, 17.598166673959184, 17.591295531674664, 17.56060030927862, 17.547654840375465, 17.55271702855021, 17.540894407915253, 17.561018401657268, 17.54155229035479, 17.516298492022184, 17.51490196522827, 17.528416353520978, 17.539174912064976, 17.555077674403364, 17.541089744210094, 17.543053684934005, 17.53680862675475, 17.56964109029312, 17.587840179432106, 17.57401825147494, 17.561451547292258, 17.589262896919635, 17.603677280338953, 17.607014073286653, 17.59624490251804, 17.599999405439924, 17.604045837304245, 17.61395634375285]"
3126__CANTERBURY_RD W of WARRIGAL_RD,777.7667521606292,27.888469878439533,19.35015164707484,0.9352705136556847,"[107.88965381399026, 98.0428229729655, 89.25120305757426, 81.34934331409035, 74.43362784344694, 68.07288539243861, 62.486160062725546, 57.527205607564866, 52.915384106457594, 48.82265220978348, 45.36393739332857, 42.21719005376872, 39.47655650974511, 37.05290890860346, 35.03886369019088, 33.1879148861718, 31.64447085103924, 30.232752572065987, 28.930395267201, 27.892518695190642, 26.91815098089162, 26.126992582718866, 25.42237089253505, 24.79076473414925, 24.270150658717323, 23.789373308565676, 23.364241524079382, 22.99623217379831, 22.702213176435123, 22.37567185954067, 22.084951055992704, 21.81630549941215, 21.60960993024424, 21.382554737457095, 21.130866519734127, 20.86942857193342, 20.635494582882234, 20.446418002594854, 20.280075652771274, 20.111545600540676, 19.9843255867316, 19.81196787216732, 19.683606407770103, 19.565885106883464, 19.428259713837303, 19.27296413243971, 19.10187562316676, 18.99296436099499, 18.84167924092944, 18.681604018539815, 18.489321453790232, 18.39994179968619, 18.251335004906625, 18.108684123294303, 18.002754667262, 17.929283225966252, 17.875244160227453, 17.68748459909254, 17.52948791369191, 17.410990727885064, 17.3415173697253, 17.257681103066062, 17.158526789515534, 17.03110877777655, 16.940469064870786, 16.840881551141642, 16.716536990511642, 16.596116181235477, 16.506736247230346, 16.4459150173288, 16.36924998058782, 16.194384473680664, 16.101507212003927, 15.997718464558977, 15.909374879400442, 15.828193264175104, 15.75737614934428, 15.640198243979583, 15.568477017689826, 15.513079601816298, 15.422441414647572, 15.28604307833945, 15.226918582938383, 15.16046033880893, 15.111753435629245, 14.987210208987651, 14.936975003340548, 14.834874076107873, 14.768284276701326, 14.684600478293225, 14.62409574137189, 14.58285766839133, 14.451282762849202, 14.431660429773345, 14.365095107552792, 14.29874938755073, 14.197375389993088, 14.169522598252815, 14.072675575050328, 14.042555514115275]","[115.24530074497413, 104.82352450259798, 95.46353495519939, 87.12290743712086, 79.89567378499379, 73.24561654051834, 67.41343870708818, 62.12225760250229, 57.328740813618545, 53.249863250709026, 49.73725128775058, 46.53904810848171, 43.832231458828325, 41.360920416176974, 39.32221505449313, 37.517887762558615, 36.104312995951155, 34.849317624828025, 33.627376117679276, 32.759255045429136, 31.94799421172909, 31.290412546337794, 30.787677918500002, 30.409261389199983, 30.019773257032874, 29.788054314421526, 29.52788895808662, 29.387958180968464, 29.14836912320902, 29.006924011266463, 28.775593619707585, 28.67306940900791, 28.608242526850564, 28.590844780488577, 28.515610797889956, 28.43376289601873, 28.36670082718496, 28.372562538562594, 28.411291277016655, 28.34633142884386, 28.30706940854823, 28.343326140261453, 28.374997298965525, 28.38108878654713, 28.376548944827487, 28.35063593837167, 28.265789073602907, 28.249564971911056, 28.235897075633936, 28.17359789625871, 28.143209761586576, 28.225128245136464, 28.169287249264546, 28.15695829595143, 28.169121950397848, 28.174444382120452, 28.185615604338928, 28.19924276787373, 28.245673429549807, 28.28704077181942, 28.329964147226327, 28.388186196174495, 28.440435587594216, 28.421836811556965, 28.412798256194097, 28.406171498203086, 28.36927206992094, 28.442601581825066, 28.455332910802092, 28.49854265608639, 28.55262028467419, 28.536589071932134, 28.561945922112983, 28.597512250134162, 28.65416028096416, 28.6810848599751, 28.647969467653038, 28.667971152740645, 28.70782260119818, 28.706294038541436, 28.703896505533177, 28.676761214704335, 28.68034500366548, 28.682774451021146, 28.684953234606187, 28.68537540897579, 28.723249833207788, 28.73756045669501, 28.76665078169019, 28.760814952455753, 28.77296484951002, 28.771255879608418, 28.829675651930163, 28.825087736121706, 28.89085015975808, 28.891053927079884, 28.88558812621212, 28.896674075552774, 28.883459147187022, 28.90207386230616]"
3126__WARRIGAL_RD S of CANTERBURY_RD,288.7270022865323,16.991968758402667,12.480909448795105,0.9216991238357946,"[56.14290733410081, 51.10320387335749, 46.58695562795906, 42.61465568716313, 39.040282869495314, 35.826018684707144, 33.00740862793396, 30.48026144858452, 28.246618414571866, 26.271955042826516, 24.529129016434613, 23.016271769441826, 21.70013749650542, 20.56753996693045, 19.55699464945109, 18.656799564461544, 17.91437636221518, 17.238031297904147, 16.650393892275154, 16.15759137441672, 15.712547468592119, 15.344459198743795, 15.024640082166474, 14.739714127478972, 14.488936227110951, 14.270197468847224, 14.054269208537656, 13.891646274349936, 13.767461891233145, 13.616435132428407, 13.51931485187091, 13.391284831600359, 13.25981070474999, 13.151352183768326, 13.04377497530825, 12.960599275936705, 12.852650421217117, 12.779412681945445, 12.660435000834692, 12.546157209327758, 12.471700780064793, 12.420019996407301, 12.298864710979377, 12.24103209617215, 12.16899454351905, 12.108853914265294, 12.046109104803783, 12.016740320682402, 11.927622884164952, 11.816152042573597, 11.764170128339648, 11.679829211216298, 11.614163165781578, 11.54280627876742, 11.48618772373399, 11.430396557456538, 11.366752750650189, 11.288956810618819, 11.223485585870485, 11.163716232348575, 11.120313289413046, 11.070957989379584, 11.012289934387432, 10.965550347305644, 10.936819623496238, 10.83386317785552, 10.752679753027097, 10.674244048411893, 10.631395413106935, 10.552176025493136, 10.533055240678815, 10.438217936139107, 10.383473363648164, 10.317946393438103, 10.29342427981914, 10.223682156499605, 10.182087696113275, 10.14306027456411, 10.119397074321979, 10.10146062742539, 10.051282921699427, 9.993143329036982, 9.906453179264775, 9.866612489732955, 9.83053317618852, 9.810782130572989, 9.769945065078971, 9.732840562708077, 9.680779243491017, 9.654981807842647, 9.593840112789477, 9.562506815555794, 9.493982550302498, 9.436102655593377, 9.390042573366918, 9.341061307413083, 9.269123166294515, 9.229120893405257, 9.161220536894788, 9.139364176719491]","[57.014465229346015, 51.82173065923981, 47.164929998566265, 43.152717123151696, 39.50698984305005, 36.31278169208696, 33.49111952666931, 30.97966266871637, 28.683991244629027, 26.75645719245864, 25.016413981451922, 23.55218817910525, 22.37168711024777, 21.292508787177475, 20.342109030539046, 19.56399151387592, 18.907349593675836, 18.347590186836047, 17.81345483048155, 17.429342194139814, 17.102257760836558, 16.871660434092675, 16.642665416696463, 16.414437054784155, 16.314643487765448, 16.17048253741718, 16.049326799967858, 16.00441608087209, 15.92487584471714, 15.854512055252993, 15.780913972447497, 15.747641736603198, 15.682299491901368, 15.688134389258053, 15.721950963724169, 15.677232622269642, 15.726862713173425, 15.723693949242275, 15.763347475049226, 15.75126514383363, 15.746119920679897, 15.750237995349844, 15.76418206357504, 15.773214611037396, 15.77492278273259, 15.760314528120658, 15.747608529076638, 15.744578224518564, 15.791020436201139, 15.797125641020653, 15.785034832068533, 15.772931893257066, 15.733234769157626, 15.754994549871405, 15.728487118459443, 15.71732747845122, 15.714696973450215, 15.733696468049875, 15.712031575028131, 15.729457124528029, 15.727713887558687, 15.7236379635562, 15.726157936873905, 15.714663860077362, 15.705595744769903, 15.719876631270965, 15.718113526968422, 15.750780216554938, 15.754252302575487, 15.756972132259627, 15.76475118252462, 15.783589922965158, 15.792217142257215, 15.795978877827775, 15.78437939510542, 15.813722943842386, 15.836487810683154, 15.829966946687763, 15.871284801048514, 15.861092860082422, 15.84854556806225, 15.853892429062656, 15.862564837574373, 15.861815877003599, 15.87108386392236, 15.886727107445388, 15.875976347831724, 15.887628186992567, 15.91028578952813, 15.915236524545788, 15.920583505776657, 15.915277463333513, 15.934838968119063, 15.92597019418594, 15.93565256545576, 15.929296972211716, 15.940226253381786, 15.9373490172244, 15.954647784561118, 15.96883327989081]"
3127__BALWYN_RD N of CANTERBURY_RD,122.59913649795206,11.072449435330562,7.8500030353945,0.9532184938056646,"[48.014086893211484, 43.566283697268524, 39.57278144155135, 36.03992191870258, 32.84356936272439, 30.008252173740328, 27.4867845710637, 25.225033965019126, 23.1656177800676, 21.338952093474763, 19.778674066750355, 18.39531076817214, 17.142765534091943, 16.030946652351115, 15.077381569490854, 14.255832595266948, 13.531084025744244, 12.883828300012553, 12.31299782418048, 11.82383400053891, 11.39721609968703, 11.02493945068866, 10.697159738026546, 10.425789594594738, 10.190666518483146, 9.98926407734008, 9.803059796887093, 9.651160750274695, 9.512385615249997, 9.364340844682173, 9.250911964832197, 9.150377161462915, 9.046251765487629, 8.968581989446538, 8.90241870628338, 8.805987166883224, 8.708197696649677, 8.585343136502802, 8.514883583529413, 8.462501741477272, 8.366464075576326, 8.315258472175815, 8.263617927285592, 8.235047588376599, 8.14969303512173, 8.103826568533208, 8.03099961810834, 7.984920786187875, 7.917156295439362, 7.890797138705643, 7.819811067871669, 7.802154542100718, 7.7730148844094895, 7.734793528791925, 7.6751413839804155, 7.650670498765186, 7.605326712159661, 7.577526667631486, 7.551581162451998, 7.470483856112948, 7.4480514686801715, 7.422775554970809, 7.406265188213586, 7.394609599092825, 7.3674305190117435, 7.282141845890179, 7.216821613938876, 7.187748120521425, 7.149211646071342, 7.133103429045988, 7.09958982196808, 7.033852381909939, 6.986483339711297, 6.908764565503894, 6.853500775042083, 6.785515451285179, 6.755939276342282, 6.731328689529778, 6.707166034325553, 6.687279562739231, 6.630783022868445, 6.573564486293914, 6.535249138826562, 6.4802922554204665, 6.430064209879965, 6.385162063199715, 6.35196536411693, 6.302861877699184, 6.268157116703411, 6.231236175531675, 6.215731114613032, 6.199154673739761, 6.160055721967354, 6.130204779700619, 6.099686352385168, 6.065080931894083, 6.04341265361808, 5.9864820836634625, 5.95492782139297, 5.918319634883335]","[47.87899308667812, 43.64716633329705, 39.88595992447504, 36.549548546597734, 33.58054483343921, 31.016004179025106, 28.711955542800677, 26.611088173272524, 24.735647521085237, 23.079939659149716, 21.695288349157103, 20.452790180161887, 19.36546033381717, 18.3624317807714, 17.54459281369262, 16.789853810153307, 16.163293640408565, 15.677969788201365, 15.191120746476503, 14.78630167362962, 14.428975832857578, 14.101549297567347, 13.873965347327077, 13.677519295732543, 13.492093304886735, 13.349543054909859, 13.212397552493728, 13.111648936245658, 13.003798729962528, 12.923599032354339, 12.862780010445736, 12.818042633200667, 12.745652588296636, 12.698231091894092, 12.664280546630417, 12.64010416703654, 12.593792237891885, 12.5912262973985, 12.58445265599415, 12.55259083437819, 12.51008066080191, 12.487132257750838, 12.49654931742342, 12.484066984445716, 12.466225383188643, 12.469802796458074, 12.463513347593377, 12.45532341088527, 12.453107375036796, 12.45827965442365, 12.448141675943313, 12.451611522603347, 12.456193268334882, 12.466340937087512, 12.455415949276885, 12.45112162124585, 12.45144130232148, 12.459951841063404, 12.465574141230855, 12.414378389959175, 12.422244361215604, 12.416540108635708, 12.407031058697578, 12.404260042632421, 12.382706397777714, 12.35987419682011, 12.378867417059983, 12.38147980080927, 12.378321562185056, 12.371089729498456, 12.371819562923031, 12.362042926866648, 12.347299147459253, 12.364480145344418, 12.387672740001598, 12.391646731005007, 12.39807179143184, 12.408770383296476, 12.41202606073252, 12.412897649466116, 12.412564876072135, 12.41050775002418, 12.409451711656326, 12.393498019938614, 12.429570032435889, 12.437023814981238, 12.454146507280113, 12.441915128246885, 12.43403696144509, 12.442053712645526, 12.44652249852316, 12.441952825706302, 12.444039069842452, 12.433268820891433, 12.43756751802914, 12.43546172416891, 12.44126541768632, 12.44949742798771, 12.449903884909316, 12.439882983306507]"
3127__CANTERBURY_RD E of BALWYN_RD,339.64620392305295,18.429492774437744,13.516130957462833,0.9738399152701417,"[106.15772847766041, 96.1282411844301, 87.16777994516517, 79.15706439338952, 71.9891133968253, 65.46861920922521, 59.604953942880115, 54.36555423019646, 49.677242551600415, 45.465411791876946, 41.77028366801706, 38.44509137189857, 35.50022924386911, 32.85453923049415, 30.53055726144056, 28.42265727101879, 26.620172561926374, 25.01789830940674, 23.57004778067849, 22.36244867488146, 21.294305114669182, 20.366447152952947, 19.533224127278732, 18.85123553193394, 18.24064075663627, 17.709114396591794, 17.21429662688961, 16.799897585787537, 16.43474759936275, 16.106028783729027, 15.825937901958024, 15.562577725600566, 15.335772140489262, 15.147112870885486, 14.93152288251051, 14.76297209170854, 14.60010819994164, 14.483294870477163, 14.362649798283886, 14.251303496199776, 14.132155394529988, 14.002574252926312, 13.896524672585112, 13.756612860367087, 13.671759982109613, 13.587499279212064, 13.487455385869065, 13.366870639564691, 13.308304391706024, 13.183912235418681, 13.078698453055134, 12.972415919238632, 12.87473314326354, 12.817311501140003, 12.729616250969848, 12.626111922732902, 12.562554279654377, 12.453924174246541, 12.382276250446415, 12.326250098610958, 12.234338074033591, 12.179225829980814, 12.067357495619984, 11.975618806139444, 11.907112565638688, 11.843977908901184, 11.79530933592684, 11.726102959790316, 11.608060923100311, 11.537039448505096, 11.493808364886391, 11.406067718382953, 11.340718821535654, 11.29210257878724, 11.206410154094321, 11.155899575569467, 11.081867474830087, 11.038076256921844, 10.998678847533846, 10.910544360151414, 10.839892559030812, 10.789667415971731, 10.730813527262567, 10.6852567120229, 10.618945017820845, 10.593952168447489, 10.501854804306259, 10.4530374343044, 10.351910274644087, 10.298493465191463, 10.282052485365384, 10.224724229138843, 10.198804297379159, 10.156529001687922, 10.091706351807721, 10.01899474708662, 9.94770824444453, 9.8956549543611, 9.812647601563945, 9.784069873820934]","[99.48523027809645, 90.24851629053525, 82.11490627815844, 74.76312843570338, 68.29903940616933, 62.34455281154512, 56.97701789892188, 52.29079172303613, 48.19111769426419, 44.39520397564753, 41.114157570677726, 38.275741936444334, 35.7776978145794, 33.51363454212481, 31.48578387190047, 29.784075512618134, 28.3299522886986, 27.052221166679256, 25.96430658493117, 24.973794399456732, 24.09415752318565, 23.44395762177054, 22.87173885216578, 22.36958140977227, 21.961045755050826, 21.61982140637139, 21.300290389767436, 21.04816718478543, 20.850157085079402, 20.6204134617111, 20.46556404396908, 20.320345948591967, 20.204595868094692, 20.112928807360536, 20.050477869669596, 19.978840754472685, 19.950748421059785, 19.878893783499077, 19.804758335364397, 19.74281513437378, 19.75031493957872, 19.749691516621876, 19.715738219720077, 19.714952159616626, 19.683145930128106, 19.69302257051717, 19.66023711571941, 19.67360237841586, 19.66543357109682, 19.675484593185825, 19.704421962585112, 19.693693898088817, 19.67662905078996, 19.65689934737401, 19.65340001067909, 19.671526052029744, 19.662709949356536, 19.654858533559004, 19.643980834176737, 19.624811860100394, 19.606042991940974, 19.58877254878185, 19.552262469814952, 19.544624010288562, 19.53022515831026, 19.522238852924882, 19.51792548521632, 19.51550861083558, 19.473544024671416, 19.490847010610434, 19.47584730454512, 19.439836968036353, 19.44214327627644, 19.43845724721122, 19.46427341403116, 19.43779416837989, 19.41217587615848, 19.424177405282, 19.42299164054648, 19.42341851832394, 19.41311049567912, 19.435347408370106, 19.41678438549282, 19.414359422063253, 19.416756276359543, 19.43418475368093, 19.439982492538828, 19.45834840874818, 19.402563162064382, 19.373334433469523, 19.372248606944165, 19.372163911031432, 19.388475953902734, 19.38661752890724, 19.396907372126464, 19.38029238582268, 19.348579365680997, 19.37019399646435, 19.332645049734673, 19.33139443811652]"
3127__CANTERBURY_RD W of BALWYN_RD,323.56536652089386,17.98792279616782,12.587228745621587,0.9737282024232494,"[101.83693145924632, 92.19179001019954, 83.50568897543447, 75.70332367098042, 68.83021567424488, 62.5172338737463, 56.84407792869072, 51.73691257037923, 47.19826686847539, 43.09597670098248, 39.484334652413544, 36.29187147827191, 33.405971288195616, 30.85835418746531, 28.638678430165335, 26.59627072665534, 24.865049460309134, 23.308939003262015, 21.948419282008118, 20.80858508387267, 19.75388274623994, 18.832638070256557, 18.059858833037104, 17.366461330025476, 16.7237271376977, 16.199334542696402, 15.748143242068409, 15.372493255675982, 15.03600674372103, 14.74307322163769, 14.475749320116925, 14.188985231571921, 13.995942934569998, 13.78731183260816, 13.608873774374354, 13.472125479360088, 13.25595180162948, 13.079836579936297, 12.934339318772624, 12.816688074566743, 12.661386328394336, 12.578699888216644, 12.479357057151446, 12.412741051469968, 12.33268528799139, 12.232597430485491, 12.099301813005194, 12.046465540338406, 11.948153013472826, 11.874033066443708, 11.811274608673193, 11.697686401409678, 11.645410929678258, 11.51204884000484, 11.455715330249777, 11.38389441742449, 11.310049519947944, 11.167926776770488, 11.115828850106498, 11.080624030935185, 10.990184068642291, 10.945981475455925, 10.893454443550871, 10.838362376990457, 10.730477192811025, 10.615873933487586, 10.593595335976426, 10.532539925086507, 10.414280101036715, 10.306007328991942, 10.221206550128022, 10.19500600028523, 10.127876789386688, 10.1086928234953, 10.05831659194877, 10.007674675201509, 9.958188687869557, 9.914023005095995, 9.827549022714608, 9.79274773077264, 9.690598251544623, 9.626337063966869, 9.530079948162681, 9.46497610941591, 9.427602071517931, 9.366256212494983, 9.348283256621018, 9.311364935415753, 9.254816826810204, 9.212845626141688, 9.163001391005947, 9.135172524073228, 9.047739349100432, 9.008450799085965, 8.969362424727237, 8.894102833081888, 8.83330248199433, 8.746932145885939, 8.71700691115903, 8.643305590247895]","[94.02320349996641, 85.26476643985674, 77.38589259050518, 70.27240117336586, 63.95661459179807, 58.281560108136034, 53.1394899761033, 48.64666612155956, 44.583939203529695, 41.088504352514306, 37.97952941761731, 35.265209262248106, 32.847862214059866, 30.729932943734287, 28.950873670735323, 27.31531801887816, 26.001097121640786, 24.91591311856217, 23.894988632278025, 23.075073450176987, 22.35092680093919, 21.749661019691846, 21.266572539157035, 20.809234446409043, 20.45047498067475, 20.11071871021747, 19.876274299005395, 19.6474360599645, 19.463310485473603, 19.37301823647101, 19.20752431379692, 19.125791083741124, 19.017935353210483, 18.959509590105004, 18.873398723461644, 18.83155382701537, 18.759781199047815, 18.746387547625506, 18.739286434683954, 18.73589775271802, 18.801992259519952, 18.794632118901387, 18.805692722796117, 18.79005463497272, 18.76037825559824, 18.73309743469558, 18.741037169471085, 18.72367303327486, 18.68115786866706, 18.67270650231352, 18.66854987055342, 18.631122756205702, 18.610088298483994, 18.632612380868775, 18.613223718855544, 18.624132777502318, 18.646780800023894, 18.637681822663975, 18.661690752806045, 18.645525707394448, 18.688491973819044, 18.6567557656612, 18.66279277110114, 18.686540305978575, 18.70929427943483, 18.68119791877026, 18.700082027783555, 18.715163082269026, 18.704687013850783, 18.724506380658116, 18.731825000907563, 18.731519641841853, 18.714934632202176, 18.714884842371603, 18.705191365342664, 18.716279531244663, 18.729248260260686, 18.729813670758038, 18.72298075293417, 18.733293756097712, 18.728336838234036, 18.736711842721856, 18.738032426958263, 18.72373559170533, 18.74033158551193, 18.730171511032236, 18.72668295190904, 18.71929730393317, 18.72756197520147, 18.73042594895821, 18.735436082378705, 18.750234060918, 18.74491074232903, 18.769334302991087, 18.759592727322094, 18.744739048123428, 18.746986431997097, 18.752936026183107, 18.774356709150673, 18.757860475635386]"
3180__BALWYN_RD S of DONCASTER_RD,161.5694755220072,12.710998211077177,8.676746892393306,0.952379551233503,"[54.81210631774719, 49.76248344411597, 45.22613539300025, 41.22401201246974, 37.550951528061574, 34.270386966424965, 31.33745625213873, 28.75708829891035, 26.442873792383015, 24.347582980200077, 22.510957506042093, 20.86354884458324, 19.426077475766846, 18.134520530962018, 17.007148289436618, 15.985699272753205, 15.125909988698094, 14.33351694522628, 13.653437779970156, 13.061623513399454, 12.565550077784858, 12.116130941798223, 11.761653197827929, 11.395966505714359, 11.121518901971921, 10.834963560377563, 10.598005834782802, 10.406378678474438, 10.25175366404765, 10.05796651333149, 9.895889458817635, 9.722305359348656, 9.582971357088045, 9.486487282858292, 9.365259419458225, 9.252550076727745, 9.176021349010782, 9.065404963238635, 8.958428406533171, 8.893240704423507, 8.846184077108374, 8.779848015804221, 8.706114522284608, 8.64841194997725, 8.592250771376351, 8.517153024707884, 8.477566439458668, 8.377486168771995, 8.315759472349875, 8.247632866028814, 8.232059564402196, 8.159188275435666, 8.134470788984057, 8.09459260916862, 8.036988584748403, 7.969353892898779, 7.929046787731603, 7.889336461912369, 7.867998436674157, 7.844741536822375, 7.797245504938316, 7.7225043340318065, 7.662146130643933, 7.634228523921855, 7.592936954873667, 7.544758793278933, 7.511296822927339, 7.487880376365001, 7.4654315780758305, 7.432112570348398, 7.419342737494003, 7.371033625733255, 7.311579230727454, 7.28954000451455, 7.27259672635014, 7.230443423802142, 7.182254357593764, 7.146449487443702, 7.112311771253908, 7.074436103606455, 7.043468237674206, 7.029819319334659, 6.994848136909963, 6.9573059123117, 6.925806884053612, 6.8741835897126204, 6.849500565356396, 6.833983687913196, 6.807709813237026, 6.7752842327148315, 6.748029372861856, 6.7374344817230885, 6.685974303734807, 6.6639441564632715, 6.646536443624442, 6.63409776404263, 6.599855707984616, 6.576265678252767, 6.5406086748744645, 6.5164267913583345]","[57.49643117238328, 52.18424147653005, 47.413887906522966, 43.264867378285274, 39.333601703515015, 35.86519768309721, 32.824027819448865, 30.137572726587695, 27.73591096994955, 25.509940977199626, 23.62205270713212, 21.916738206425855, 20.465450825719756, 19.112718418707477, 17.981080429281608, 16.90022873642813, 16.043005921780566, 15.258147355492891, 14.598619336376938, 14.021586889762485, 13.573462676136149, 13.165704195907631, 12.878329491626676, 12.608816583173297, 12.372759464641694, 12.166667564390515, 11.96586649826311, 11.81109357546523, 11.710816441693115, 11.568329887109797, 11.474727938129353, 11.355424378323487, 11.328961588700214, 11.285502380707744, 11.225510277460264, 11.176107445757632, 11.136136004077642, 11.048961303522793, 11.031143326051197, 11.005202588084318, 10.99190028917267, 10.974702669221493, 10.939775543880833, 10.927456330793412, 10.94013896532373, 10.925783473262156, 10.918902050843963, 10.850691649931228, 10.845022147124638, 10.838847810264443, 10.839704536556944, 10.839060957422204, 10.820636013997706, 10.824510507353551, 10.807953315555945, 10.788524317007816, 10.793908171776339, 10.79213232431696, 10.79123414899594, 10.780036906184002, 10.772708401319484, 10.752741841654043, 10.757680512217785, 10.747500133436198, 10.754039277979278, 10.7307014799946, 10.719326707485575, 10.723620828611452, 10.721406682772798, 10.711328489447395, 10.708562679552825, 10.699139727722795, 10.697686941630945, 10.7075572189728, 10.702129429728386, 10.704697036252266, 10.676215936772742, 10.686832009911582, 10.704826189522349, 10.668705251540318, 10.664794384850477, 10.662450073896567, 10.674447933927384, 10.658547811325366, 10.664173971140206, 10.685864533827418, 10.693902163097905, 10.699683455068826, 10.711071993762578, 10.707925139763933, 10.71536000545622, 10.718558775054127, 10.719336260800675, 10.723819589662764, 10.728615857685124, 10.725004072554489, 10.720707354212628, 10.716892206003447, 10.710503441808495, 10.708918768634966]"
3180__DONCASTER_RD E of BALWYN_RD,184.38796351965513,13.5789529610959,10.02559056389198,0.9625889363536402,"[69.21444539276538, 62.75205490061, 56.89863379280328, 51.63480841853647, 47.019804813548205, 42.78449662227047, 39.0216490941176, 35.659906601907686, 32.64904097555888, 29.93761849837281, 27.576689202965696, 25.445105402684785, 23.554687342674654, 21.890844868179617, 20.40956438957242, 19.091254285495108, 17.9579459610158, 16.947251273933624, 16.07099960471376, 15.322476193857103, 14.670187266524472, 14.088283625163806, 13.59822194252086, 13.197345152338304, 12.776793772038642, 12.469342912090486, 12.160567021471028, 11.884097367545463, 11.668619252042857, 11.478506538198857, 11.285409558840785, 11.141249195664006, 11.017124357654533, 10.881810356397338, 10.767045692431072, 10.62187935178041, 10.539362599911769, 10.434345281108904, 10.345440269611295, 10.271495581335197, 10.147281657145324, 10.033809571918052, 9.99279058184799, 9.895531292528856, 9.81227529309625, 9.754200742885656, 9.706560645368162, 9.645383920643644, 9.6153410471225, 9.578625914591536, 9.50425733815364, 9.436483274506747, 9.350215867782666, 9.258280129815407, 9.192380006588557, 9.11559543789459, 9.054726737470435, 9.018191514248151, 8.974443271502725, 8.883917954870205, 8.79348463992432, 8.757902499466553, 8.731092300980162, 8.646421510936936, 8.596124926560336, 8.556818751577715, 8.49134650242634, 8.432115308554028, 8.397585473576418, 8.360148580391964, 8.326673954934522, 8.292080243466577, 8.209557703317676, 8.185252960238207, 8.112675494770096, 8.080632644364377, 8.027658791967612, 8.007519728674191, 7.9570437272124455, 7.924235383612758, 7.885912074438921, 7.865025169515203, 7.840724396042952, 7.779024873980624, 7.763294541501417, 7.744400523480429, 7.6950889903411115, 7.671072058812686, 7.630118985208315, 7.616598093086921, 7.601488345951273, 7.537135692073257, 7.493875504094797, 7.48022769268927, 7.446302329266589, 7.427684412410011, 7.3754194298626015, 7.32562140488013, 7.292231596983607, 7.261767796483703]","[78.25661004517936, 70.95876439852626, 64.37208377308954, 58.388728868805906, 53.306204188455624, 48.525160670923064, 44.38244751941903, 40.64856092482901, 37.16576417578989, 34.072476539747406, 31.463964886152645, 29.113873922083226, 27.02996286474649, 25.179575023577463, 23.51805650782401, 22.034853465581794, 20.750401446499623, 19.654127668095658, 18.74624728113101, 17.963192964327067, 17.24791211666772, 16.650064469715794, 16.161157238539474, 15.771309481113972, 15.338235409785575, 15.027105965108682, 14.758979103750619, 14.532772085895513, 14.351679053088754, 14.188492989956675, 14.067310811669552, 13.998181324062475, 13.889084160298651, 13.832275326886608, 13.79969858948765, 13.747290821269937, 13.67871225978543, 13.631081541850111, 13.559189803430463, 13.498992662354324, 13.450409572427898, 13.385618438869043, 13.371940177976736, 13.37910104767844, 13.375999378585082, 13.361893938445293, 13.368489735522736, 13.354530306395674, 13.359059888091718, 13.356110159622274, 13.350735093858546, 13.321216557978692, 13.307702592319849, 13.28232332725069, 13.263584126537193, 13.259605513466983, 13.227710098539651, 13.207323270546425, 13.188654251123017, 13.1532080572894, 13.164577431280762, 13.163796552521815, 13.178091859702766, 13.178556827655994, 13.173472123206626, 13.176760860125944, 13.20097608556926, 13.196104560755444, 13.164753936016533, 13.149786612565721, 13.156391588939368, 13.127938008438884, 13.092101788845707, 13.080339947483294, 13.087070017131369, 13.088852170301982, 13.103003697722995, 13.096196201146526, 13.121436017823921, 13.132400868096418, 13.126128420174972, 13.105307172422062, 13.096494603655518, 13.080023154607273, 13.089379188892567, 13.082914335863858, 13.087033921761815, 13.071819147232517, 13.033435892651848, 13.027494900716952, 13.033564832758643, 13.030285876508847, 13.034367339314674, 13.01491690623419, 13.010754364421082, 13.009914077692386, 13.004206877358467, 12.989476969580032, 12.992946480426333, 12.99759150308972]"
3180__DONCASTER_RD W of BALWYN_RD,211.33879130824,14.537496046714509,10.242634564839053,0.9120149624206786,"[45.37860717384533, 41.33328019381238, 37.731164627546626, 34.53542843120917, 31.778168293400018, 29.211932158660602, 26.955150484518924, 24.971623329536268, 23.175452545745483, 21.624914954527853, 20.24825772919924, 19.015571088296017, 17.96834298534469, 17.048002071959015, 16.22849375114952, 15.49456503334644, 14.880293420971064, 14.360471070111885, 13.883036040191103, 13.478779777994774, 13.085218068490963, 12.790856958299797, 12.50937615606251, 12.24508139721077, 12.048407263671642, 11.84811050462643, 11.678596688006827, 11.546392910479435, 11.415211924632333, 11.301808408822602, 11.156193787876694, 11.028525557561128, 10.929713093961634, 10.813011000650707, 10.734498933315006, 10.651767037889972, 10.563204865408645, 10.488879058590827, 10.416673149834356, 10.332158058751187, 10.268327978078908, 10.210527911846995, 10.133229317137538, 10.07487623809256, 10.034831725903363, 10.003880132290961, 9.972616674619049, 9.895596846169047, 9.836030216777381, 9.792832373217353, 9.704714467694235, 9.625141225819446, 9.565182908852547, 9.482260000519641, 9.388435799193088, 9.342201077511653, 9.287001284505443, 9.27616933228856, 9.238324828719746, 9.189727765613306, 9.15620919816305, 9.127447184344355, 9.087716962882133, 9.063772895011363, 9.044773440160384, 9.012571719936458, 8.961306985656455, 8.925238708198744, 8.882953288348398, 8.84395112492094, 8.800150686142524, 8.788592398690067, 8.736767646642674, 8.693912031490804, 8.628030835044871, 8.613740714733535, 8.5598262540591, 8.53723903235823, 8.481634132905503, 8.45196861401396, 8.428523784921039, 8.373102396278897, 8.347095828982944, 8.333993744985834, 8.319258556138099, 8.273148682692497, 8.209112115669317, 8.170269163577828, 8.112046513030997, 8.082039233209711, 8.0587434264324, 8.035373250962804, 7.982096282367699, 7.958726657177298, 7.931506828805925, 7.895837148090122, 7.865242138459558, 7.83405898128672, 7.791643090643565, 7.7557670577716875]","[46.743925620698526, 42.52814129529002, 38.926341881338566, 35.74048382139278, 32.90210731022257, 30.359363294990178, 28.119298507702236, 26.19879610801291, 24.392102247154146, 22.89793700229292, 21.552426486136934, 20.403463771311444, 19.46261228563457, 18.60505512164245, 17.839130668635423, 17.13051041575094, 16.554784208365085, 16.050758457325916, 15.637757177671507, 15.339841239318108, 15.039865051358312, 14.784157067368854, 14.560338533939184, 14.379449397626393, 14.228308786875964, 14.100193317512618, 13.977067514597925, 13.88147263259314, 13.813548925377837, 13.749968118416389, 13.707746836912793, 13.641234910419548, 13.57622652994043, 13.546565015131064, 13.547225520020353, 13.5427683856272, 13.553784560197844, 13.524441859326261, 13.528872649643521, 13.520612959062944, 13.52025389464967, 13.506299745398925, 13.496928644796299, 13.47775086324923, 13.457596094165622, 13.447233728247113, 13.448439155761328, 13.439187078284135, 13.452128641444153, 13.44476461702859, 13.416721549403166, 13.388483113426547, 13.389605682998956, 13.384743785834688, 13.392455620260726, 13.397872686094459, 13.367386225477441, 13.363057531266778, 13.358931706636701, 13.349056348395951, 13.357917786141678, 13.364764345495253, 13.33961827391935, 13.339752817763127, 13.3431718399917, 13.35007968292248, 13.34521557225488, 13.348620208278364, 13.333845838296547, 13.350645534960615, 13.345658640659735, 13.356513256662389, 13.367164110629652, 13.396387128975073, 13.390017075988794, 13.39597462001347, 13.383815447324885, 13.382937167387984, 13.39443329885353, 13.38734771393117, 13.385957070885047, 13.402790503309536, 13.395916356720123, 13.379644855818928, 13.38110649122527, 13.3752346113336, 13.387437109706081, 13.389771320096626, 13.381697463797, 13.387594780079652, 13.384407971422846, 13.36985270284969, 13.35152974500158, 13.35592712439062, 13.334086163026122, 13.334773922889134, 13.331704409725491, 13.333027645877014, 13.345826019610056, 13.350426305093677]"
3662__HIGH_ST NE of PRINCESS_ST,247.8914833281757,15.74456996326593,11.20820434120264,0.9583915767078833,"[74.898960390105, 68.01706818628199, 61.78569417398706, 56.24390894750458, 51.39731578020167, 46.95840896840679, 42.95864949315447, 39.3782927141859, 36.18372604035408, 33.336265588856556, 30.85813103846837, 28.65079107586583, 26.668177462739997, 24.896676357420187, 23.353397948660888, 22.02744641217396, 20.857830648269346, 19.814950576017814, 18.927676603715177, 18.14013401646261, 17.48278363771969, 16.892278930092022, 16.380073312078295, 15.888303256363656, 15.499604152821593, 15.187929320365354, 14.899920033022637, 14.632266997697869, 14.395887707107017, 14.1675568295511, 13.941202888036532, 13.799277923834184, 13.63155165855041, 13.509430462547297, 13.400626566682567, 13.256418553888013, 13.124740576454382, 13.019429568215203, 12.914591260716959, 12.843377515407683, 12.737470079815674, 12.641232131334482, 12.569090058609271, 12.483974134365235, 12.378366302174527, 12.292879976275328, 12.219373977435271, 12.122176715057755, 12.056391469034745, 11.97210369662734, 11.920201728142528, 11.879131051640645, 11.79072561171564, 11.69982769899552, 11.64193618977598, 11.579501091014906, 11.52729882625467, 11.463599732128005, 11.399768627386697, 11.317176868746929, 11.284329871511583, 11.228409991430363, 11.165350334386927, 11.10868109284349, 11.058799465388201, 11.033569685037952, 10.96793678538621, 10.910725224594076, 10.875804906590556, 10.837710022828919, 10.781747496958687, 10.76609117341949, 10.734454486595435, 10.67809240975125, 10.659689587997208, 10.592177696277735, 10.56257630835992, 10.507256575720989, 10.460444742503975, 10.388402856560983, 10.292507741798296, 10.239786920533057, 10.202051677760357, 10.166209441040124, 10.124297675826513, 10.048389943806182, 10.037505491568659, 9.988659797810653, 9.939131519512665, 9.896325061353195, 9.868829494497025, 9.822285708198606, 9.766066153754812, 9.714808151677795, 9.7045441141756, 9.679307040620586, 9.659066473063566, 9.637161430887375, 9.575368712391908, 9.519307885855614]","[87.74659918099708, 80.05230034764935, 72.91274603774075, 66.48353539694105, 61.10359695549105, 56.06698879818344, 51.468432453585606, 47.47448046421632, 43.77029258728147, 40.55231225592765, 37.590728980875305, 34.93779651714307, 32.61136006127177, 30.494404933107294, 28.665125358835628, 27.16744233354079, 25.73336925754181, 24.440480252946852, 23.354442820718795, 22.578761345009738, 21.84963862225209, 21.296582974012544, 20.70534227363597, 20.23270662738061, 19.70844665001709, 19.36285851398014, 19.031396989080125, 18.734022254359747, 18.445979121112106, 18.256394916104384, 18.086012412720027, 17.978220618186725, 17.86387264064429, 17.787669900608538, 17.73262807109397, 17.73403357865561, 17.658503330032943, 17.587351463447312, 17.518426920499966, 17.47928473109269, 17.391061052152647, 17.362136182797233, 17.287258140612867, 17.276372488474188, 17.24447137865274, 17.198272424414697, 17.241358545630266, 17.24855854144158, 17.308553608370055, 17.309348650169095, 17.30182619876093, 17.303826370298626, 17.31725489858574, 17.294386900166074, 17.30012020377337, 17.298165328233615, 17.361267109928093, 17.36744249574398, 17.334538913247997, 17.36500727299599, 17.371175773199653, 17.386453886414824, 17.388230748475433, 17.398661798825405, 17.43343665482473, 17.436772383129306, 17.41616598320774, 17.419517420305432, 17.395396069223427, 17.379685393510375, 17.436818159165792, 17.446867292779284, 17.464555297587673, 17.497272153974833, 17.51275229145405, 17.52452693849853, 17.55214497504057, 17.533186360537044, 17.55840237639084, 17.539958700065235, 17.548803210190428, 17.54417537342448, 17.564000212259472, 17.597945036738754, 17.585304907685895, 17.61514527505628, 17.62325118265152, 17.648165177311693, 17.611909311663542, 17.601302679339792, 17.548350779458886, 17.528150397181175, 17.533330475804775, 17.552951009218216, 17.571721229525995, 17.578413224160833, 17.577620343913043, 17.599371798202398, 17.620077566814626, 17.632039891616774]"
3662__HIGH_ST SW of DENMARK_ST,409.6616517443317,20.24010009225082,15.13374466628171,0.8892068115007736,"[57.06194906666529, 52.27185531795757, 47.973116534304765, 44.197479635188955, 40.716092347625754, 37.70348196363525, 35.07854288923731, 32.70101172213146, 30.572813114163594, 28.666952429570173, 27.03257155000475, 25.61199029971508, 24.369892544684365, 23.301342454616613, 22.35438107546227, 21.545414011722425, 20.823104007030434, 20.174542028086, 19.579778153989896, 19.11831878990457, 18.701163213415615, 18.33269502366055, 17.987040044706198, 17.639018186219527, 17.393360665786982, 17.172885793822953, 16.956188836600948, 16.75982504513063, 16.543404349336598, 16.365005440313784, 16.20997729577543, 16.038348854200986, 15.912935830292726, 15.769126950638473, 15.661858020125157, 15.535839217195205, 15.420989954176642, 15.297144159450747, 15.167917277486678, 15.052578611576878, 14.928621686484508, 14.806755300678194, 14.719188553881185, 14.62944797849257, 14.567241650578055, 14.464563628236702, 14.378558301344329, 14.332943728691774, 14.264030574887048, 14.203987957436784, 14.141742107180447, 14.043770835609083, 13.94042040751455, 13.848559271138486, 13.775894004170095, 13.726546607034866, 13.686433655003173, 13.621072329873458, 13.547900583927284, 13.51116430928485, 13.4681387439224, 13.431851411502713, 13.383439215399106, 13.324486126544357, 13.259907097551261, 13.181918381494446, 13.113949940922065, 13.003531689467772, 12.931586769970838, 12.870086211396991, 12.769044909933324, 12.716339849730247, 12.653340117373553, 12.573488782489859, 12.494087831858549, 12.407982989014242, 12.343096276456356, 12.284298840530374, 12.194700507817563, 12.111813683638763, 12.076320961965845, 12.018076375887533, 11.955978554583384, 11.93025213319261, 11.859904181256459, 11.784850859837972, 11.699351419771487, 11.672607150117523, 11.62258069607747, 11.551689043264927, 11.505262506580625, 11.439525336465296, 11.412065503651531, 11.341297425241292, 11.284216057355044, 11.226291269679097, 11.173439620476186, 11.12309113247063, 11.050265731114942, 10.974260947916436]","[60.499580403421504, 55.40136422963598, 50.78758636863979, 46.765999209388674, 43.072725126384505, 39.91960763772016, 37.146303454493015, 34.61699584041984, 32.377295332374175, 30.307065063580332, 28.641791641857427, 27.17424151214236, 25.860371277717284, 24.76223072563725, 23.836988244502546, 23.05635858002455, 22.33994987777838, 21.762587389141505, 21.170612282002438, 20.808403717287057, 20.415714324631864, 20.119891438429704, 19.810120519891925, 19.56192887843067, 19.39712205154394, 19.295794497995868, 19.13564906781449, 19.030868088444212, 18.9506888564118, 18.86407365252483, 18.7743863957696, 18.73317665933942, 18.69149217075191, 18.623240308434127, 18.582797345443034, 18.53173843379877, 18.517416538679058, 18.486496185791797, 18.425559769186417, 18.393777058433873, 18.32279747492406, 18.41130893715705, 18.440300283947973, 18.397733907310162, 18.387175063497818, 18.38077858186261, 18.3266242367403, 18.30475759171738, 18.3012177340889, 18.34513709103093, 18.34294884714336, 18.386059239779282, 18.388124622501355, 18.430057737457915, 18.41819939402859, 18.413547637494148, 18.40011655835241, 18.379765538345293, 18.416738709395393, 18.396103454488227, 18.376100462409003, 18.381993967774996, 18.38125786201623, 18.393616438871838, 18.411544556807442, 18.403382864115727, 18.390782280750855, 18.38076904676638, 18.386620245138683, 18.39713432672928, 18.413177715573866, 18.405001321594067, 18.386453019558996, 18.385263630772023, 18.397563547195706, 18.35074448825143, 18.35090181265834, 18.329958631241816, 18.316183273758636, 18.345881917395825, 18.37123566011161, 18.36049252645617, 18.380045460982913, 18.383366170907248, 18.411648607765745, 18.42311041416574, 18.423813239135995, 18.437674069369535, 18.443527657242118, 18.423492264288996, 18.428519435910218, 18.448450300000825, 18.445384389303353, 18.46512439847296, 18.460130092281517, 18.470025684167627, 18.489623582655625, 18.532968848312663, 18.55461213759631, 18.555568842994287]"
3662__PRINCESS_ST N of HIGH_ST,299.82510942252384,17.315458683573006,12.834952991999938,0.9697467629415476,"[95.77596515500323, 86.71724355822899, 78.53553250922482, 71.28415837017718, 64.82640130575554, 58.95088197410664, 53.73673879483952, 49.067646365288965, 44.881713565157355, 41.09582279190589, 37.7704321828147, 34.79254081261183, 32.2066621191886, 29.88092761527894, 27.872627817602684, 26.096985228574734, 24.563264454481537, 23.1871676209234, 21.998179124312657, 20.973114904420257, 20.088598963015176, 19.331477735176097, 18.667516952948283, 18.07631654686977, 17.557424006431685, 17.150367021609767, 16.768955776752147, 16.430128441501875, 16.14649890198895, 15.8912347072324, 15.673989766223759, 15.494252579733704, 15.337363790670679, 15.160763268562794, 14.976119035016913, 14.82999553224198, 14.703252371205629, 14.58686576117415, 14.455827625680772, 14.369965571840405, 14.276823858432788, 14.140699749100433, 14.002125939278054, 13.902063141642396, 13.826985664043072, 13.771128042209735, 13.668479753719192, 13.517917926252855, 13.437070427048942, 13.331352383478308, 13.274216645531165, 13.220489874647418, 13.152760425036357, 13.079571672577728, 13.003830510198545, 12.907091086940293, 12.816104554604582, 12.77819760846273, 12.667720383400363, 12.615740385380237, 12.51816395820013, 12.47569305671749, 12.428522407453878, 12.351424227089426, 12.240780666607673, 12.158795690948981, 12.105573424005566, 12.068097791896028, 12.037112278597238, 11.929082620428796, 11.886401166816606, 11.849986766862905, 11.80424003543239, 11.723595959326438, 11.66684193502557, 11.62909035521294, 11.539484638896742, 11.417175853767844, 11.309373959502688, 11.272682718699102, 11.219645422971263, 11.12608431050367, 11.046685792686821, 10.980554783975768, 10.88687678042308, 10.806921255558944, 10.776532578431851, 10.748451847027031, 10.698958173014283, 10.628869883267983, 10.57352237975218, 10.522101469140503, 10.479684498452801, 10.460000938574598, 10.408827202934548, 10.370433226606947, 10.35298379873598, 10.305003214635818, 10.270558090358907, 10.227089870389191]","[103.09514384531319, 93.27125253234784, 84.32634736045493, 76.40998108791644, 69.30917192919523, 62.922032687401405, 57.20139954986478, 52.12008587162978, 47.53256088072384, 43.37342012057175, 39.76304858580297, 36.49825564008003, 33.65012494765787, 31.114363475843238, 28.91130147286477, 26.973163685750226, 25.27967177938167, 23.79537184872876, 22.533084129124774, 21.47558953318651, 20.54395088871004, 19.79590982090206, 19.157700884889845, 18.607463622731633, 18.089646222788957, 17.757799582913297, 17.379683178277347, 17.100439472011697, 16.923704709462623, 16.72407399655538, 16.582472432538555, 16.48765008250468, 16.44037928368739, 16.348188812681368, 16.297641700902616, 16.263226042119296, 16.22601176555127, 16.178000306849835, 16.127073692907985, 16.085344300753967, 16.093401819287887, 16.073107242749053, 16.10205628991869, 16.057394222770377, 16.075046059808425, 16.04709304426197, 16.02297499006197, 16.021924645836037, 16.070433075971604, 16.063127769245746, 16.09435576790223, 16.110697481171304, 16.11894359278821, 16.127514921873754, 16.115535416105796, 16.061141619876423, 16.024724633414447, 16.032801190842555, 16.030341687120927, 16.050664482453026, 16.03722926660985, 16.04218495689267, 16.051945097744913, 16.07887187600766, 16.077322486602235, 16.069679782710416, 16.090251240467307, 16.088310617104643, 16.08636769429597, 16.100980511617134, 16.114372616158718, 16.127388746124577, 16.142187680764295, 16.162209468096933, 16.145392599696635, 16.149421063757554, 16.174276470804898, 16.21091215545835, 16.214609481924363, 16.22227178947344, 16.213277241819007, 16.255417816869397, 16.219700933973645, 16.22488165298106, 16.20820558282904, 16.240393533411993, 16.238324888453324, 16.268527719315127, 16.28937636971302, 16.30132316712303, 16.308932710312035, 16.30025263639873, 16.27987400870469, 16.290607890754686, 16.308930165850132, 16.317645396101344, 16.312325641101385, 16.31926910113671, 16.31101721600683, 16.287211854801765]"
3662__STUDLEY PARK_RD W of PRINCESS_ST,172.62497960337956,13.138682567266002,8.887705860780866,0.9521583889437049,"[56.22783683364147, 51.08814438344636, 46.47435335734096, 42.39333886801454, 38.67865385542527, 35.33231577292301, 32.38420762872602, 29.749836298020274, 27.35478209523766, 25.254087198949975, 23.334370086044952, 21.6652041606619, 20.200788425965246, 18.89788633350469, 17.766344294260936, 16.758850764636964, 15.849667078968004, 15.063372720842457, 14.395985010303438, 13.767567538826475, 13.204700126685692, 12.745067733048225, 12.353867200011376, 12.002130682049826, 11.716156565776625, 11.456397505660043, 11.202106229892582, 11.017352940770255, 10.845586154141648, 10.673558948593495, 10.525193875518438, 10.345607459251559, 10.229428434455803, 10.107957719991989, 9.986691896397334, 9.918790763828486, 9.850957978005283, 9.752216257996968, 9.659575671442395, 9.605932400533458, 9.506010229119523, 9.406282869389079, 9.324049053702796, 9.25105188226764, 9.170023439397974, 9.114770314719186, 9.022696108682627, 8.978390405650849, 8.936178956250524, 8.845714848222118, 8.780742121493018, 8.714624122966365, 8.658918820287392, 8.63051318090302, 8.555819646718545, 8.50783983222218, 8.433298338822722, 8.362331637121432, 8.323957825477674, 8.27022936167395, 8.19085998500753, 8.149195867091107, 8.12112255482224, 8.094842770586407, 8.084707967232367, 8.02630119922027, 7.956792170869367, 7.897067351993741, 7.86278696039258, 7.831275319840067, 7.783638990940549, 7.768134478585319, 7.725036215948441, 7.696369422879596, 7.670425881024746, 7.6363260812624345, 7.601292448525322, 7.5649479041713645, 7.534079325830053, 7.516760807814759, 7.451527315140222, 7.425741774744613, 7.371190796576602, 7.315325501330648, 7.296846025473365, 7.2482158892767945, 7.205767520023784, 7.181268551448296, 7.13905728950173, 7.088258095751782, 7.051165081634364, 7.02821173537294, 7.004863458112363, 6.972942902227352, 6.941295915248568, 6.892939840528699, 6.840942773179527, 6.782690455159644, 6.770747657653423, 6.731903236660603]","[61.7524943940481, 56.096539484549155, 50.99062636046725, 46.470584613814445, 42.44893221771292, 38.792170933212674, 35.54766643734977, 32.68445993661521, 30.00546936031408, 27.706268316173485, 25.64113710278666, 23.819008023473486, 22.238764447172223, 20.852989213782102, 19.65556132483063, 18.596663732353324, 17.621784904835437, 16.833960165039873, 16.159434790513295, 15.549869356286559, 15.029053068543181, 14.567997511762902, 14.188364503129174, 13.809700523238407, 13.562957359532463, 13.359609594298288, 13.200297105775867, 13.069579995721286, 12.998883802494852, 12.853654618401956, 12.766870296038618, 12.705004104616112, 12.645429298000085, 12.589092398174284, 12.538447091569049, 12.514692990296346, 12.504305030933661, 12.479373000134201, 12.454581002361866, 12.44746537680805, 12.410162904961778, 12.383153769736383, 12.38508415327464, 12.395177586024507, 12.385602763384211, 12.36109377547275, 12.332519822360485, 12.332625687522347, 12.366340028908148, 12.362623293580471, 12.365643688165903, 12.365732511107442, 12.378592982269062, 12.402351737045098, 12.407591657488652, 12.40829697747393, 12.395875812754674, 12.40946018502084, 12.40977767396064, 12.438023869336222, 12.45653503747111, 12.444580975430705, 12.47111677932647, 12.481635453948462, 12.481551427567835, 12.493478054968975, 12.508421370115268, 12.53901525837077, 12.516041068304762, 12.517086394631033, 12.529312671643659, 12.526466556471586, 12.518347184357799, 12.53071207286768, 12.527334070518203, 12.522047619564415, 12.51600152756654, 12.51904597560547, 12.50171451377762, 12.499422640990003, 12.488291424955104, 12.500241576544507, 12.494667140442537, 12.479504720376738, 12.48224117334204, 12.490368789513118, 12.493762278632563, 12.522071053337042, 12.530480312628233, 12.53490431819437, 12.555480910146144, 12.520587635806141, 12.49444788120272, 12.494313920488967, 12.496028069427297, 12.501052469052995, 12.50106613498645, 12.517835929267111, 12.51371406587069, 12.494485508758439]"
3682__RIVERSDALE_RD E OF WARRIGAL_RD,124.0589144255737,11.138173747323828,7.8489424746770124,0.9643190159419186,"[58.277886131977944, 52.90693072743369, 48.055355413468654, 43.74305746102211, 39.914714918515344, 36.36663701122852, 33.23886074644161, 30.464597513735026, 27.90779165754588, 25.619486659559296, 23.644742424632447, 21.84148743756725, 20.285983642085093, 18.894573729645188, 17.67560975183439, 16.575379882032944, 15.597948644601711, 14.744486047424088, 14.000313494736906, 13.327467361995833, 12.749342177632489, 12.252686325108419, 11.85111938857884, 11.475086318947286, 11.135972563004646, 10.87888120184107, 10.620198356848954, 10.37806159004024, 10.180713192957507, 10.024959070630784, 9.87397630410332, 9.74348206913797, 9.572026943841479, 9.408533696712, 9.31525706728708, 9.208315024163449, 9.109103683292137, 8.99203952002606, 8.900544668720766, 8.823357415695646, 8.734698472614644, 8.675944202832877, 8.627177340667814, 8.55237336843241, 8.446550773967214, 8.384770117481299, 8.305072120392234, 8.246598136696097, 8.208903162317423, 8.182911648747247, 8.118761458950079, 8.093190471529041, 8.020085153841618, 7.9543462144076935, 7.915646883988374, 7.83082654816669, 7.760046886807723, 7.708377875297255, 7.6197625994372205, 7.576572287398706, 7.53023422626252, 7.4765986647417595, 7.4217165525533755, 7.391260341218697, 7.329649325945551, 7.2665890715836605, 7.211454223382135, 7.149647650987767, 7.1156796599920416, 7.103875774372301, 7.080017120599433, 7.062927822000308, 6.982658135710869, 6.969161420343283, 6.937123931385266, 6.896677792804016, 6.866400375593361, 6.822995795437656, 6.7958988305748, 6.748688929706778, 6.728160262963564, 6.693879679689497, 6.628970846113769, 6.575413271305823, 6.565858424892928, 6.520663339892984, 6.482709668615305, 6.471548723336864, 6.424220029609399, 6.375885641424543, 6.364908858119286, 6.339071434203765, 6.325758400819143, 6.276050640739461, 6.2661370566386285, 6.203174864924561, 6.176336386077526, 6.154717074652271, 6.138001330086253, 6.098343901570552]","[63.65821821114483, 57.903876688162285, 52.709630665744555, 48.082008202297956, 43.86246145109824, 39.91856132143046, 36.602882581322476, 33.623316742366555, 30.955000433287474, 28.41934360802711, 26.384316671244008, 24.42965179416526, 22.77806967056213, 21.26973480264329, 20.020947128136157, 18.873944900004766, 17.871419739959965, 17.1313155093578, 16.368686438179523, 15.756828771964692, 15.190984284921841, 14.73414029563396, 14.411579797856234, 14.10876240033936, 13.840747074212857, 13.636456133207234, 13.439785991310162, 13.255511847415537, 13.12329968351942, 13.013681600327088, 12.888009182662687, 12.82656181627906, 12.78991518225695, 12.762578206915055, 12.705072950595639, 12.727032283066178, 12.716441968052733, 12.719064832532377, 12.714584579340265, 12.704524475932311, 12.690666377580033, 12.692386393876745, 12.6424262414197, 12.60977773978321, 12.655636801621421, 12.643049035061537, 12.632407418024219, 12.632386059361824, 12.634762504209794, 12.635443671078042, 12.640108071330344, 12.654050868165262, 12.613056501907408, 12.615489661111873, 12.630049035393835, 12.64672701027198, 12.6679177186174, 12.68578702681919, 12.673322788099068, 12.663994698041853, 12.627337390309659, 12.632560447684813, 12.630729381386029, 12.620926769187626, 12.63258693215984, 12.659452745055084, 12.626233928648235, 12.624169526298889, 12.631309722651979, 12.62785047238598, 12.64141169010059, 12.637931025406319, 12.606397394658385, 12.605020916266144, 12.595650482192474, 12.613879661608264, 12.632094734666804, 12.641372037159277, 12.642804966939014, 12.648357706970978, 12.660667513784976, 12.649083436609507, 12.634851899735242, 12.637886623887777, 12.649078185542383, 12.653137229145296, 12.65643624671015, 12.657149571894674, 12.657076164074914, 12.645968931231511, 12.669136446039253, 12.660440924603481, 12.65400597979964, 12.645357052583561, 12.648181200836584, 12.630114278836148, 12.665840759543663, 12.66187975174624, 12.647982475645783, 12.65255290440776]"
3682__RIVERSDALE_RD W OF WARRIGAL_RD,192.23304758639551,13.864813290715295,9.829261066821905,0.9642606274271165,"[65.04234313738505, 59.08678345434409, 53.71038797548696, 48.88254726069968, 44.52906599232724, 40.67326023516613, 37.17836012965931, 34.071789171543, 31.256520797343107, 28.755834606310856, 26.53719503448496, 24.58072454306685, 22.82297883978424, 21.24920778488976, 19.888707886101553, 18.646844811798847, 17.59335912829576, 16.637860846096736, 15.784590296841523, 15.064156401369742, 14.415488775623368, 13.850002574061845, 13.396509852369624, 12.954094197738668, 12.594377288973265, 12.260700931427944, 11.964567510038655, 11.736126365092163, 11.505031398501139, 11.282788889499143, 11.06666813648616, 10.916683455260646, 10.755796918125471, 10.620073741305966, 10.505224864797693, 10.384665642355836, 10.283553178597678, 10.192619334257483, 10.08147666123138, 10.008270953686724, 9.88778899702537, 9.791742472844287, 9.720309676048899, 9.656166645030773, 9.553620936305315, 9.477808234849094, 9.402878420686136, 9.326451072983938, 9.242254813257777, 9.209814294948911, 9.127846648196302, 9.076545106775226, 9.007596942060765, 8.965005920042763, 8.911354104101441, 8.843080292377234, 8.822946128553637, 8.750826507209524, 8.694709857975315, 8.624446157773413, 8.583258701179462, 8.550794768140491, 8.475289065247011, 8.429655984109212, 8.404326500140968, 8.362250329867148, 8.342025868822404, 8.259170609674516, 8.207965085424211, 8.165241398286154, 8.094223519234594, 8.075890432903366, 8.061783426195648, 7.99016537963966, 7.970602333822854, 7.93922237044603, 7.876945421339307, 7.822780230256543, 7.788770977527809, 7.732559334042692, 7.695344591979547, 7.662711055960073, 7.625232750827279, 7.609094154607991, 7.57827830260169, 7.540790628894434, 7.5124304660258625, 7.495852825096331, 7.456778240319571, 7.409949276174676, 7.361659025746234, 7.321010585483872, 7.267047220484914, 7.247086570698022, 7.205145425829137, 7.148464327973508, 7.114696484512368, 7.101385444576972, 7.045300579986696, 7.023318239558914]","[70.21459763053929, 63.843757580052326, 57.969414398133544, 52.69225055501218, 47.93225397472756, 43.76246404056427, 40.03877511221171, 36.759794925205895, 33.741022206504844, 31.07993243649688, 28.739507778400238, 26.689583996904076, 24.895859968007823, 23.3179134694743, 21.956887303941713, 20.693761251861233, 19.702814850874727, 18.826623662130775, 18.06870847654237, 17.476283434534768, 16.975080353789274, 16.49019774649616, 16.099472649350336, 15.741600444704346, 15.487896790863958, 15.312789404759549, 15.145446836719758, 15.040062638808807, 14.913704233397317, 14.85427965908119, 14.816496981024171, 14.762463281930646, 14.650362036463514, 14.592746611487284, 14.555098796661605, 14.539239006147767, 14.525606667301174, 14.530175094986133, 14.543943177674219, 14.541515366018707, 14.487563612126035, 14.489165154256085, 14.52939369582217, 14.53817045392364, 14.551687473996962, 14.559332266455414, 14.52038725291283, 14.531521492575703, 14.539551306767693, 14.539101552266109, 14.529320832042112, 14.545919886529333, 14.539776714418084, 14.57298214520177, 14.552036785106758, 14.55191990062916, 14.56120879718027, 14.57202016498567, 14.560250179641157, 14.564750570932022, 14.58244012881815, 14.594551755372976, 14.560556324486118, 14.582548003978442, 14.578708442090177, 14.539845896936894, 14.526825057042931, 14.514026837373603, 14.502421621218861, 14.511129152364804, 14.517662010096984, 14.513365544831668, 14.505011739868934, 14.487215967099013, 14.487384789954918, 14.489279038169194, 14.507711126274316, 14.562407492603953, 14.56108545420252, 14.542480112333745, 14.5430415845312, 14.524772054570063, 14.538049457188087, 14.562082808113917, 14.537677391835924, 14.548559534512442, 14.562551579387984, 14.573511851232894, 14.573136842319434, 14.594587919163263, 14.596299507746407, 14.586233199799619, 14.600888529714815, 14.597573346210892, 14.602095171065747, 14.587567061325354, 14.59693035472968, 14.59788583805475, 14.594574700705248, 14.591746778026934]"
3682__WARRIGAL_RD N OF RIVERSDALE_RD,171.2634311783851,13.086765497187802,9.59982941700862,0.9616721307014444,"[63.70695321507711, 57.73702403364086, 52.40681172550079, 47.60594476436941, 43.37493158075956, 39.47512088852932, 36.044761158037595, 32.943882160056845, 30.1952356270537, 27.720892345225746, 25.570497699838718, 23.615236592119153, 21.91255408506456, 20.402732650019093, 19.060305169640518, 17.862233038700584, 16.85389481004752, 15.906489240747272, 15.113914003704634, 14.412455663170837, 13.819480802457319, 13.294227905356308, 12.831147280874244, 12.441549486439577, 12.089829745875806, 11.770980634858738, 11.51419556769608, 11.280595264885433, 11.088877466320623, 10.906372325576331, 10.716669162607076, 10.556272585773177, 10.436649615641604, 10.302689313296757, 10.172460243790848, 10.066969013989773, 9.973873855502196, 9.87151520615793, 9.778244246482064, 9.70965593450586, 9.622851478139767, 9.531649848198066, 9.481558532221294, 9.387900546985078, 9.302701660303358, 9.24424021613421, 9.168744932441772, 9.097955976893797, 9.000313444071287, 8.928631017709694, 8.85736614246553, 8.780260810045503, 8.719938894767848, 8.643925543053644, 8.602056115177092, 8.563975878259248, 8.520798116097007, 8.45321902465767, 8.39099089191612, 8.360095968426696, 8.310334666028556, 8.282570543069633, 8.200934057788677, 8.162594043884527, 8.104527830007365, 8.048811127061969, 8.008809341791387, 7.980090164407826, 7.947628636415999, 7.916351367361769, 7.8445874029018725, 7.794726602806702, 7.753026733654556, 7.688236160300395, 7.654602904080908, 7.6100032256294, 7.5772902391419015, 7.545216711742271, 7.5253226012999095, 7.496425055472232, 7.459000527113147, 7.44948059331907, 7.409818575840092, 7.394260257645947, 7.380148515530114, 7.329246530068178, 7.283286213304414, 7.228658244033166, 7.1748268096068974, 7.151178673471482, 7.108463957634054, 7.068040263938328, 7.032071300997281, 6.999241868765561, 6.974651164227681, 6.964758880624813, 6.941582139933834, 6.914078080108395, 6.877939598352155, 6.8267871756374685]","[66.52423064722649, 60.34656434301338, 54.858341169836386, 49.92720061872329, 45.52318517884606, 41.55705404338614, 38.0785851265803, 34.919109051037516, 32.161157387185675, 29.710030599976584, 27.56560263361203, 25.658271345923488, 24.02469878681116, 22.56263361025343, 21.30764611863682, 20.184307526026604, 19.24921082197389, 18.42745580104126, 17.74204164303051, 17.17073280872088, 16.669367902330883, 16.241683701531894, 15.8904180308529, 15.610002404401106, 15.306497017732967, 15.099792515120427, 14.918895809211001, 14.747067737540284, 14.652777162775623, 14.538065511738521, 14.436310689635494, 14.337136907105593, 14.29531562986657, 14.262657161230038, 14.260037297514975, 14.240940398764636, 14.19716715940912, 14.155098038195561, 14.197191307963203, 14.188846219087083, 14.177941420122153, 14.181306365612505, 14.152908014308016, 14.125592556304003, 14.106935887675926, 14.074912924286213, 14.096840435664573, 14.090164167218505, 14.08750329467134, 14.069639625283127, 14.071967965334766, 14.062740395754357, 14.057721684559688, 14.08582699268708, 14.062734133185346, 14.071547361417432, 14.087819064682437, 14.080847329019731, 14.059006366221066, 14.053522769882406, 14.042436874319666, 14.018753669375384, 14.006821189446793, 14.019644501722425, 14.060596528529704, 14.054498990298937, 14.050607635773412, 14.058117994501396, 14.061894034972404, 14.05635705161706, 14.04460850199676, 14.049916439104805, 14.028009085235688, 14.001188878277105, 14.004108086435624, 13.996036366686413, 14.00402308191933, 14.003553085246311, 14.012339577204886, 14.017817258798, 14.008833466495998, 14.007581014527283, 13.992833865969587, 13.99989478284833, 13.990681362672804, 14.006663452117525, 14.026272036360838, 14.028919290168018, 14.026741852787158, 14.033978957953504, 14.057480465784947, 14.057248098052998, 14.054971048641407, 14.048376528479498, 14.034393855444833, 14.0313144240855, 14.039986763968743, 14.04645150682537, 14.04763645221962, 14.0409323361459]"
3682__WARRIGAL_RD S OF RIVERSDALE_RD,283.7461642563677,16.844766672660317,12.068127563366524,0.9660555270947438,"[85.01436388507102, 77.0003355171048, 69.88661637331624, 63.43471148365991, 57.79300362931557, 52.612598904034655, 48.035721325259246, 43.91805734792426, 40.253580509824985, 36.95810145059531, 34.01592184627752, 31.42429839560076, 29.160594479381643, 27.134977314346592, 25.390518566884108, 23.82676588828282, 22.434205524775162, 21.234411510791087, 20.216213622779474, 19.322836916835485, 18.530244818003826, 17.87151121709742, 17.27491754436105, 16.75803835172963, 16.292142206654393, 15.908062770796919, 15.54629091978434, 15.264216084533443, 14.96727122396827, 14.71710821209346, 14.474922992482107, 14.21276893790685, 14.003540273838455, 13.83099220985813, 13.686422615641078, 13.57362728559066, 13.452866319601748, 13.332754605531603, 13.22688258690675, 13.0680805803314, 12.950930765138825, 12.85223515823905, 12.745160225934743, 12.629312465335843, 12.502034698144504, 12.436522135908277, 12.325440416840298, 12.23139291869297, 12.122309669990818, 12.02134394199528, 11.937721350791433, 11.828362283091424, 11.764011608868746, 11.716867898628658, 11.640998998955144, 11.611269945079409, 11.544789322703622, 11.501811187946249, 11.435725734507615, 11.34453307947378, 11.244387463256235, 11.213414083673456, 11.18500943587304, 11.13174145767493, 11.034829991700002, 10.975924590922554, 10.89637662622924, 10.862804056192054, 10.765481512202095, 10.751178223424104, 10.700434143101049, 10.673003837071246, 10.632548059082055, 10.593309706317669, 10.51117342160971, 10.451110027178386, 10.424949892561655, 10.34604214404148, 10.246140963443963, 10.198084957601218, 10.144952025717012, 10.085804175112935, 10.011249000457385, 9.975269124851575, 9.941166803926134, 9.894713149518225, 9.855486025835782, 9.828962613540037, 9.788965976182789, 9.706146799372135, 9.650252435032403, 9.602340752319568, 9.551400850463608, 9.517663613187107, 9.483050222685113, 9.426699597981935, 9.393366197067644, 9.33972000356126, 9.28777207003733, 9.242886693607854]","[86.37043932725047, 78.1792364063118, 71.00197261936164, 64.44377950641699, 58.58781271354888, 53.358668536414264, 48.64751449150795, 44.569719728148755, 40.87653437863009, 37.58583484112605, 34.643281905001466, 32.025255576628794, 29.78297612267267, 27.787242912700467, 26.098948163777443, 24.581651097697822, 23.306925084235655, 22.231183766073663, 21.338656749557398, 20.56308618744585, 19.90079451751878, 19.30506451795679, 18.81861039829735, 18.432656743000134, 18.12927029817858, 17.826048294675974, 17.586836936292464, 17.43134036617181, 17.275693548437385, 17.122120874536176, 17.01908587104623, 16.94831156108943, 16.88821811665382, 16.79727169801565, 16.745474446248785, 16.759971668814995, 16.754371329116605, 16.691592664003885, 16.66152349186908, 16.63845481611095, 16.589085324699823, 16.60476115043083, 16.63228297373016, 16.63992182021004, 16.67084389850402, 16.63206207870702, 16.610673417615722, 16.598690030244956, 16.607146276293886, 16.6204892467269, 16.625021444031614, 16.6762944826986, 16.68643615118559, 16.71993748792296, 16.731874731018138, 16.741366421447506, 16.735232887933595, 16.75438548179714, 16.758893989366108, 16.74338757741494, 16.72531825207688, 16.77273423703462, 16.7865783133751, 16.774462382895884, 16.807926626808374, 16.800297537399803, 16.80039738558447, 16.805247390495744, 16.826888302496492, 16.819808655307927, 16.836923423004496, 16.82886656516701, 16.859862776922718, 16.873596768628623, 16.85730168103106, 16.870417861693568, 16.858782583480615, 16.84144365459542, 16.831441895347986, 16.83095950343954, 16.79483300323909, 16.76597271978151, 16.792430050931184, 16.8150200349136, 16.820686241967326, 16.841774021604692, 16.84159743663451, 16.82216674404274, 16.823664426680384, 16.81872781404646, 16.859261557350635, 16.855335699461342, 16.87950371858633, 16.879214497247837, 16.89268109478752, 16.886001577638627, 16.86824247490067, 16.89073998682155, 16.896451400195698, 16.91144429587089]"
3685__HIGHBURY_RD E of WARRIGAL_RD,116.1731709571142,10.77836587600895,7.666602820088857,0.9627736018194846,"[54.51268116034641, 49.45018806980022, 44.95346952792605, 40.953962850562206, 37.37757862959869, 34.07208654697928, 31.18913274853505, 28.57533438827653, 26.233548713830544, 24.15683311466915, 22.315282157521747, 20.679486207901256, 19.25134479740446, 18.001741445483958, 16.88284684028879, 15.876956664265446, 14.985893409522129, 14.21092647027769, 13.537258230494189, 12.939517524272686, 12.426581432683744, 12.001761461939482, 11.625602275266148, 11.268814155171844, 10.955878233490902, 10.706785861036368, 10.48722811471514, 10.297032230444593, 10.131791988420133, 9.970778188312854, 9.816727538269879, 9.639904695902816, 9.500683619952817, 9.374077256297241, 9.277533378156631, 9.162482104251986, 9.05056096271035, 8.975749067935181, 8.9222943448069, 8.825391449097632, 8.738248115388222, 8.669718192287238, 8.584638158829073, 8.513240382830414, 8.439303721732465, 8.40943283890325, 8.31468588357115, 8.235671804511469, 8.208789068169281, 8.144997077928705, 8.13092706361112, 8.061959774955259, 8.024021252973434, 7.997249120353736, 7.9311435960028644, 7.88417240141503, 7.847338852624545, 7.7935834586590795, 7.752599857549283, 7.724117185432011, 7.658628842905925, 7.634699695370795, 7.560549045986352, 7.537699987952373, 7.487330385456769, 7.4351750234710545, 7.41671990351383, 7.344710508874794, 7.318225034617576, 7.283460467652388, 7.250789775198788, 7.186386597303529, 7.17256423239159, 7.140219162048508, 7.082402817507236, 7.030003221677595, 6.949034394358742, 6.924378194033756, 6.879245644854101, 6.813308890972991, 6.75249937989349, 6.7343654273754066, 6.687529008780468, 6.649463621969549, 6.617497009180345, 6.58713123811788, 6.558836651928148, 6.554566346985561, 6.508232859807493, 6.473558536284826, 6.440554063095603, 6.403779644199105, 6.364488776029695, 6.329582468351091, 6.318185845525727, 6.2887663033231105, 6.254408085643945, 6.234908749072167, 6.190573555379116, 6.168774398376444]","[60.097151923015794, 54.48060921484422, 49.48583534869725, 45.0539250696109, 41.049259029105826, 37.411161147953486, 34.234833471324976, 31.327517402462913, 28.74266405343051, 26.442655669156448, 24.430941202630034, 22.622460196013467, 21.098432511493144, 19.829841822173538, 18.60783133064548, 17.55016033330647, 16.620317888727623, 15.828630594232274, 15.169736528872718, 14.6021364638357, 14.09546720746767, 13.729090156969123, 13.353589083648965, 13.055685297591104, 12.782107284951554, 12.635554982473238, 12.492623262133726, 12.383270411261353, 12.24664309526571, 12.097348447205405, 12.016633602097864, 11.919119980896582, 11.895658695113063, 11.860853286601635, 11.836576345289151, 11.826355566831678, 11.84318885340872, 11.835396206767419, 11.798938661455042, 11.787841842100132, 11.77221394696462, 11.767780901714309, 11.796374276536504, 11.821145949228764, 11.81140756239426, 11.802570896705479, 11.831452205093187, 11.838307998062213, 11.828288039893856, 11.844415740765818, 11.865898300281037, 11.862789119768376, 11.842872816611566, 11.849020588964265, 11.835833551399235, 11.834544335768786, 11.821058436957397, 11.835134266519047, 11.824941586966636, 11.842516160279338, 11.863773637469418, 11.876887028525305, 11.88345256997565, 11.880928451505767, 11.902143431691004, 11.917333358762004, 11.917048958350653, 11.903948499322587, 11.909553309726716, 11.917208284234189, 11.908542460113367, 11.880704610986847, 11.882988890529809, 11.879254605159016, 11.877499732340505, 11.896176261724884, 11.942202899831948, 11.94081669142821, 11.957793342240922, 11.966764003262897, 11.945798678810716, 11.933175293956221, 11.918224476337059, 11.91420386465175, 11.91458904729407, 11.913687247455062, 11.911165154924758, 11.90581402085739, 11.904618211985666, 11.906360437897712, 11.954883712621378, 11.947762760144187, 11.955422413006314, 11.943764653195307, 11.959932784093747, 11.943049439019177, 11.935488379629906, 11.94205455235999, 11.960318760969951, 11.963655864578463]"
3685__WARRIGAL_RD N of HIGHBURY_RD,416.9919217784705,20.42038005959905,15.032911232080352,0.9678451772173917,"[105.60562389298984, 95.6973642807947, 86.81128742214655, 78.82310378881097, 71.85639193473591, 65.44446775082781, 59.752402732674234, 54.66227688551704, 50.144464318996874, 46.04747128323739, 42.43896750515273, 39.27628770007717, 36.45560054719455, 33.968211253822886, 31.766705947654597, 29.820646293559065, 28.146975053787646, 26.6781635010904, 25.37500333833911, 24.240126044002114, 23.246690364378484, 22.432571259402618, 21.729805127011034, 21.096351000866033, 20.529655272947224, 20.10185678698424, 19.67517775709159, 19.26976293012112, 18.92954212101715, 18.650661192353304, 18.353687910681355, 18.15119807753053, 17.960417384270997, 17.77557947997513, 17.625702085416425, 17.50073510209985, 17.338159474591087, 17.21304688998234, 17.01489666401594, 16.88933818459097, 16.752582581764994, 16.615089261824867, 16.46539593680242, 16.39617683958456, 16.323963695398316, 16.203526389613597, 16.06662948560801, 15.953372813743384, 15.795820495810942, 15.655907369192706, 15.545592349483265, 15.414741169544628, 15.329659187028854, 15.25615090791849, 15.193164174607135, 15.116873709924521, 15.045854813642128, 14.981821225532627, 14.868604285126917, 14.71088638222533, 14.607907732568691, 14.577390937523477, 14.531524584611189, 14.485719729618573, 14.418142765896127, 14.29901648634947, 14.156731043757592, 14.042002089785244, 13.892658042405143, 13.859275815046777, 13.773302423425248, 13.719930405822911, 13.662440676982119, 13.623308161582809, 13.517426164492816, 13.434037800268293, 13.375022675100457, 13.318725487800378, 13.206015698357294, 13.147748021834758, 13.085913026390251, 13.00608708757698, 12.923812198281054, 12.855603710253165, 12.77481579362107, 12.677716780208108, 12.61625258422947, 12.555421255514627, 12.510397217604174, 12.438826590085739, 12.394900676277715, 12.28322944437679, 12.257271172605993, 12.214052042217544, 12.132646581235855, 12.048945123669123, 12.005773205297102, 11.978006375468247, 11.889514376361797, 11.84026559192509]","[107.3550433426633, 97.26304168866876, 88.2343514761324, 80.11171759943079, 73.0233548633872, 66.49912720525874, 60.81763701488183, 55.7550248235164, 51.26721231698746, 47.140596751663615, 43.520360369553984, 40.40498593658409, 37.630195174048865, 35.176865598271036, 33.133140480611566, 31.238556188969415, 29.702898835428904, 28.374227563395486, 27.22388182697092, 26.256301704046066, 25.370182501261652, 24.634963386456523, 24.045546034360296, 23.4323147531951, 22.917702809589112, 22.58516931155469, 22.31601080461251, 22.00206919379024, 21.772957205636647, 21.56768284335484, 21.429807352282218, 21.2943199660812, 21.18185178172036, 21.08819643638541, 21.030114529961743, 21.00066107860944, 20.943980187431336, 20.89014860304142, 20.899881000850836, 20.897073292068324, 20.877812012652274, 20.837655760636995, 20.868267823428415, 20.833414797442288, 20.81507465256566, 20.818554772048607, 20.76898203125979, 20.711043712136878, 20.73299043964006, 20.758213257641515, 20.76499425183969, 20.719202647364185, 20.728131114950468, 20.739636820243362, 20.731205079987873, 20.71095724391885, 20.69518964550843, 20.671693265739776, 20.666024052552178, 20.645612876865343, 20.66500017758734, 20.653392111508104, 20.650838742380703, 20.661806280095952, 20.643966457736983, 20.59689969478266, 20.565785354011748, 20.531104782058655, 20.523978249588076, 20.566853847401948, 20.595312375244244, 20.597809187616182, 20.613155342609, 20.63620268530958, 20.646996616444433, 20.684429962611866, 20.673281011521883, 20.68944697316923, 20.674866762159446, 20.684513861770405, 20.678511751544725, 20.667052017329773, 20.669929125352066, 20.676270711900646, 20.643196454823922, 20.668295139078285, 20.63968549303488, 20.636137128784124, 20.641083319777437, 20.68261367709767, 20.689262458679845, 20.65026738145394, 20.62387952533575, 20.634919665525363, 20.64670482092504, 20.62722959895244, 20.610260038637605, 20.615902538182667, 20.623080062081574, 20.64768849949958]"
3685__WARRIGAL_RD S of HIGHBURY_RD,898.8910597466302,29.981511965653603,22.040406423901754,0.9680978187154891,"[159.63143627951018, 144.50917421698801, 131.027794139024, 118.88818879901493, 107.9928534511834, 98.16467353795313, 89.36177085905477, 81.5030943752851, 74.39936229753718, 67.99366541295937, 62.352770468512155, 57.40251719816232, 52.861006545562375, 48.89526791554009, 45.36290600620337, 42.175228885636464, 39.3296794993907, 36.90842272515626, 34.77399686764465, 32.945287345256226, 31.335883276295608, 29.931298183505312, 28.718178952043004, 27.650691250156395, 26.707878116854673, 25.830417737269084, 25.140554498103658, 24.56674107482311, 23.929598858806976, 23.3576657926287, 22.901592128242, 22.471461071356895, 22.145708672140266, 21.841635074668616, 21.556697109814067, 21.252836600676186, 20.982451897390547, 20.713803150247305, 20.487077452710867, 20.259206208596726, 20.073424027315298, 19.837035510838216, 19.70897233449958, 19.502390394544026, 19.252815624140798, 19.12520731735729, 18.886642902447484, 18.748627899764763, 18.55641970738974, 18.453360940371663, 18.341319653038067, 18.166295298319977, 18.026903429468486, 17.939811393151754, 17.78557688426374, 17.710362718261006, 17.629954282298392, 17.55109080929599, 17.50261660794047, 17.3887872624682, 17.282042548160803, 17.130265577787064, 16.9084490071458, 16.80320399259432, 16.641658690496715, 16.492023454970568, 16.35411409793804, 16.275404641172013, 16.148225555055394, 16.100607706872808, 16.01302053206142, 15.965566276579274, 15.876310027998908, 15.756102830040492, 15.60028554488542, 15.462827626143952, 15.414883504364173, 15.253176844936664, 15.123418610910234, 15.002340117576916, 14.909479314348637, 14.8260057857696, 14.72351096814697, 14.59531450065995, 14.465935074414249, 14.406795525500344, 14.364062670952041, 14.232399301340589, 14.15840481400164, 14.108631197436743, 14.016424738781696, 13.877023481488866, 13.76668717280738, 13.716198913059912, 13.632330940088222, 13.594237055674126, 13.497294233804745, 13.427856772879707, 13.305515796064558, 13.209959605578756]","[165.3297272910529, 149.7718623634367, 135.99042251080976, 123.50331474721823, 111.95045120886279, 101.9910833040967, 92.95725488099224, 84.88922762353268, 77.46980803480523, 71.0213687708294, 65.19121294144287, 60.20555883901226, 55.46638488814475, 51.48485887413098, 47.71838553465595, 44.50292612693876, 41.63832023837199, 39.27238170214636, 37.16281113767207, 35.50377631645283, 34.000275867764, 32.70626781458919, 31.711226151212056, 30.702840390545816, 29.887221794739002, 29.155560850029154, 28.619882620426154, 28.052405383409702, 27.64603428154855, 27.281794266481583, 26.984781618495607, 26.74079939726545, 26.635457603216533, 26.44339247046086, 26.293970888628273, 26.14069936982162, 26.016569912829173, 25.934445095928943, 25.88081317084974, 25.798133281475828, 25.670075096643767, 25.65820560452744, 25.672372385307224, 25.724092086935155, 25.734695489634028, 25.702180725525754, 25.649120474955016, 25.600603352316636, 25.636190289171473, 25.64476563457162, 25.6673372633338, 25.603817041365314, 25.556560227503606, 25.571438878756314, 25.57202263448746, 25.563140114216356, 25.556012739491926, 25.553202022601326, 25.55479693719744, 25.609809236644306, 25.589258974503753, 25.564668428031656, 25.54003973118818, 25.48285628462821, 25.4817470848453, 25.528302503463596, 25.497899161659998, 25.48923124227502, 25.49384760086095, 25.49440847554247, 25.47118577952543, 25.495741534151627, 25.478789407509566, 25.446553531014633, 25.45272739962906, 25.396260742528707, 25.40864269832014, 25.40845368836927, 25.35861063720126, 25.326399196788547, 25.32648393268747, 25.380388393393776, 25.41813103066817, 25.449948911690996, 25.432380750592493, 25.430198187130983, 25.42990776427353, 25.44855197524813, 25.44836992614601, 25.44409793842172, 25.468217018243084, 25.402300846083598, 25.38545115907188, 25.333434704893442, 25.37329880304754, 25.374482052956672, 25.402264548821133, 25.438060931767907, 25.467481040880344, 25.50900834392098]"
3804__RIVERSDALE_RD E of TRAFALGAR_RD,318.0649630003956,17.83437587919453,13.175686694263073,0.9365720741524887,"[70.17277036824888, 63.865528868886464, 58.24439384012607, 53.12739084124947, 48.55049260595552, 44.4998798112811, 40.908900905474276, 37.7147701307925, 34.91861959184968, 32.33197593390613, 30.118861561095805, 28.148028675818914, 26.43418513880995, 24.89303648445766, 23.595945092158022, 22.407778220883515, 21.455318269907718, 20.556903729739133, 19.747539209925648, 19.08568720251315, 18.500875824969324, 17.97942643328789, 17.550815987708834, 17.181860905395045, 16.837449222159258, 16.558106317099394, 16.262835785705185, 16.030682878547406, 15.803322141076508, 15.636429811434715, 15.432980818097501, 15.29155047388493, 15.121848715622404, 14.937392845492527, 14.81292233790663, 14.637715520590286, 14.526068929346087, 14.411088507617146, 14.329797245964594, 14.209709298116133, 14.07517050279791, 13.924294458164125, 13.811394562799368, 13.716001093841797, 13.641429790338654, 13.557714400127235, 13.449563437152879, 13.332573965897792, 13.264059713757307, 13.161248657635767, 13.072103374419722, 13.021271494305212, 12.944649154354273, 12.848308973575044, 12.795109457590295, 12.71729648868385, 12.642244444859529, 12.584249860580503, 12.527852078163363, 12.442457106529053, 12.404858707241534, 12.31143268491268, 12.282328766248407, 12.231818726730168, 12.134405397218025, 12.116108185257664, 12.074873622132412, 11.961644862535888, 11.891594366871407, 11.818794875369266, 11.704511717244674, 11.646804385186504, 11.631282999818392, 11.55551909321277, 11.51568830166455, 11.439120502300051, 11.403249461661396, 11.370815946310476, 11.320241696181261, 11.266507770896178, 11.179685352615163, 11.118650408803973, 11.100864342679335, 11.02983893986145, 10.93701744844865, 10.89103406350525, 10.842976919371306, 10.817730687449112, 10.779455789497597, 10.696125446107486, 10.65638963322061, 10.575474192512186, 10.557289751079555, 10.513035238582367, 10.450673810633427, 10.36304224649746, 10.331796408982656, 10.308192499121445, 10.242027011924318, 10.214601292532041]","[78.33102164865466, 71.31924450546339, 65.02873752974921, 59.21170960751821, 54.04364859120425, 49.51846274539996, 45.56813392564522, 42.00097403248773, 38.827141918233714, 35.951367646529164, 33.47564680557997, 31.299886588090036, 29.4003907724152, 27.760928562633072, 26.412719758119273, 25.113935462773572, 24.02706181537284, 23.123613326043916, 22.328364427032323, 21.6477111479778, 21.12562377861388, 20.661298489959243, 20.258234830015308, 19.94821780800992, 19.64812875168722, 19.479728943239955, 19.255745630869537, 19.097486251151963, 18.951337426013637, 18.859600869618607, 18.764794359635733, 18.663240284725944, 18.559829134008332, 18.51051146182602, 18.46983816642441, 18.437222880554053, 18.418145423177563, 18.424559358524405, 18.401592438705787, 18.37973766526352, 18.33750266989969, 18.324347352942397, 18.354842012969026, 18.353833094233167, 18.320573081606312, 18.29325998369563, 18.282914492231516, 18.283297724764303, 18.284270814211734, 18.26006180382055, 18.26078018130164, 18.233478613847556, 18.229890322091556, 18.229594323086424, 18.227970902614715, 18.255131620687916, 18.23945473766177, 18.23559145604847, 18.235480133566142, 18.2559911342509, 18.23931689429462, 18.26079336167686, 18.24919595742712, 18.230866183726803, 18.200106500459817, 18.206135791881547, 18.203193039491385, 18.24950140372553, 18.206030628514064, 18.19461754833531, 18.164242638560864, 18.170170404379807, 18.14749574635611, 18.179533942799527, 18.206858317603135, 18.194837315964673, 18.20899158219893, 18.210809540720778, 18.207062053826945, 18.214512505540544, 18.18167944492559, 18.19210673504869, 18.186560461522525, 18.19705889680906, 18.21334518111069, 18.225588484806412, 18.243938451871323, 18.25573017840081, 18.26770048888394, 18.241410234602704, 18.249682519875677, 18.23767390807941, 18.234487059882255, 18.240822606678094, 18.24270665808877, 18.232150826394815, 18.263115657147882, 18.259889043185236, 18.294157261512968, 18.288998577768304]"
3804__RIVERSDALE_RD W of TRAFALGAR_RD,486.8518013966768,22.064718475355104,16.126937292934805,0.9093530984522081,"[68.75601734470045, 62.90556934278156, 57.633138829955165, 52.95512067283489, 48.633785189462586, 44.860404781083005, 41.58642146908142, 38.67432737898206, 36.07401951152918, 33.69315171617388, 31.655001314853788, 29.852548856595902, 28.32028018973646, 26.95194478832764, 25.765371801336116, 24.707036061043816, 23.796831142824963, 23.020126549933096, 22.299704539024994, 21.703361241708226, 21.154604798258404, 20.684312869194247, 20.295112157955117, 19.932984617334405, 19.594919077082412, 19.28287708761621, 19.01359983957511, 18.758061029452524, 18.540380020386813, 18.326514729916827, 18.10003178067091, 17.933983301737115, 17.775160745754814, 17.62330864045115, 17.48213241023462, 17.373598750767556, 17.261587872452584, 17.103825248387146, 16.949746685873645, 16.81539839585348, 16.666671345443387, 16.533913573009148, 16.408544567691614, 16.330234549237527, 16.260955237704216, 16.14213380861254, 16.021953414000755, 15.921234971518054, 15.791790666675416, 15.714478203714593, 15.611434172245962, 15.538984038297771, 15.507815228177456, 15.413851249182487, 15.332220077188486, 15.257435061978498, 15.177647038438955, 15.124924652697752, 15.040652344447219, 14.930439306937615, 14.915313972227102, 14.825464133932371, 14.731928077480237, 14.690313388901295, 14.624358747420814, 14.588475837079395, 14.505701667301414, 14.477334991209654, 14.438305779217878, 14.372200591823011, 14.256096595587163, 14.155293291937205, 14.060469210611666, 13.994851919955604, 13.917783377483692, 13.844654460760433, 13.820225383452385, 13.71580669687212, 13.691928805178744, 13.625962147779028, 13.604702352569811, 13.560558712052291, 13.499825224593252, 13.446062505749437, 13.365761681719144, 13.319236439789986, 13.2804926499369, 13.212674230463843, 13.13107125044816, 13.071084682679418, 13.030798901347385, 12.960743557290384, 12.921990716543883, 12.87156698369454, 12.84461190385768, 12.774379185779894, 12.684912534388273, 12.632995715196087, 12.599498753125415, 12.551698364783698]","[71.38846694689684, 65.35826888080481, 59.99812378495491, 55.12632902282599, 50.700104005402515, 46.79299696518991, 43.559105111680225, 40.66272518838376, 38.09757220214434, 35.75460337231206, 33.74082734811976, 32.013090648479164, 30.564312461066706, 29.342581545564578, 28.259722715942992, 27.279878945455664, 26.4450365718648, 25.767427998557338, 25.154277346017377, 24.697260654176457, 24.283714243219535, 23.96166893330315, 23.701910729755102, 23.471854304609156, 23.20981202798365, 23.04691457491687, 22.86498284748252, 22.75862080079721, 22.64904720774549, 22.59118308457342, 22.53894572503816, 22.462995877746547, 22.381800865122088, 22.39206510457815, 22.39032353169449, 22.37986681747867, 22.371803341799176, 22.36411050168917, 22.447686044409107, 22.47366842149024, 22.476811789689, 22.450213750077218, 22.448408915062096, 22.46927515997234, 22.476835317594187, 22.4733850503027, 22.44960090522208, 22.483968428548582, 22.477465498874235, 22.46593090830834, 22.497367323158635, 22.513735718313814, 22.495997673217957, 22.4899422804088, 22.512497197391145, 22.51347551679476, 22.516956058217833, 22.487045218905383, 22.474186170135987, 22.462731345764126, 22.46663836335266, 22.48318493279791, 22.501491183498118, 22.522877440048614, 22.51209188508974, 22.523369339855744, 22.558321725292448, 22.566552834630137, 22.59763433466306, 22.62727024800772, 22.659017112206215, 22.672930864386647, 22.69234409720801, 22.695459981827426, 22.697951177048523, 22.670949828681074, 22.685504850041028, 22.70721942823742, 22.71611262525853, 22.712941311732145, 22.72110576737522, 22.69903131862561, 22.67326257962649, 22.67620128680764, 22.664980021778778, 22.653006955309458, 22.667981147718745, 22.648197678191735, 22.693420419390492, 22.68947989694241, 22.713021431439234, 22.710104941223832, 22.710185349274497, 22.732472395755273, 22.74759820346275, 22.74972987612379, 22.724260640933313, 22.722066635015995, 22.697031377428807, 22.69256348331511]"
3804__TRAFALGAR_RD N of RIVERSDALE_RD,151.31619225739072,12.301064679831203,8.603342922885766,0.9689783945276013,"[67.41536697966596, 61.084562036469556, 55.42947196080342, 50.37526263615417, 45.841264423734756, 41.747574232108725, 38.098851871384504, 34.81467102254315, 31.88715398398226, 29.234078615942163, 26.92501632479048, 24.87890136515909, 23.05160146814008, 21.429821416807954, 19.995566537319146, 18.7231288138438, 17.63761797341257, 16.65117467475942, 15.790430227922409, 15.04976383671401, 14.415066657152897, 13.875491523007915, 13.39570550281677, 12.97944066812671, 12.61825267254757, 12.293274438152785, 12.022872127027881, 11.741482602065343, 11.523334491570504, 11.319543231134283, 11.166394136697768, 11.026267050789528, 10.893025251918953, 10.755061417288166, 10.671088367905256, 10.560215335752261, 10.469892390435168, 10.372990828282909, 10.260245833817928, 10.151826151706704, 10.057616158352635, 9.980957550160994, 9.901057821388589, 9.844033391511028, 9.792157539291667, 9.707889232529059, 9.647013359195133, 9.587891378534055, 9.525340846900802, 9.452223420322436, 9.404437515727864, 9.334486731408258, 9.231117276720074, 9.170020696653271, 9.127500441658675, 9.067663067924803, 8.978892279699538, 8.91341072573401, 8.866346557381263, 8.768740567645418, 8.699458894966956, 8.662743415238715, 8.623780728171345, 8.579161364175803, 8.510209876806751, 8.436654967211412, 8.375570993492657, 8.333904019281338, 8.259615971178496, 8.238261078250314, 8.193729257997258, 8.16407317773923, 8.12135520508842, 8.076659109560199, 8.034716062884998, 8.000102938984245, 7.9352411484530565, 7.872657158284964, 7.8533383981354286, 7.82975910461551, 7.787815658591815, 7.748178324640656, 7.680513346332959, 7.642830167063951, 7.597209449544953, 7.569748994123025, 7.532927650169392, 7.505716901870605, 7.4609207296678095, 7.427350340483673, 7.392499889901386, 7.356962239347324, 7.320548777952087, 7.2845348768194595, 7.24270013018508, 7.201845831665444, 7.174732665329876, 7.1375841089955365, 7.123860085028833, 7.097473217162843]","[72.48932396771748, 65.7152728045863, 59.761549834611934, 54.31199242652431, 49.40889564707761, 45.01991955906445, 41.117423189935366, 37.58426215944578, 34.47296519481708, 31.639763240723745, 29.17430541079667, 26.996940724709006, 25.023888439528168, 23.31272298694209, 21.780013168684267, 20.436933402486538, 19.31504856117368, 18.271992376831676, 17.40557452936848, 16.637957806954123, 15.994456715195183, 15.487227248267045, 15.035798274570489, 14.650761116841558, 14.31911743803708, 14.04326854648783, 13.804928068460745, 13.540202538315036, 13.359371488556873, 13.221153673410925, 13.119400203813203, 13.031143319360845, 12.948454030235398, 12.87641781353317, 12.834443975685268, 12.793866572989776, 12.754457566757452, 12.712101291570637, 12.695231773253893, 12.670948806303842, 12.652812082438356, 12.60295443614254, 12.63914832672603, 12.630997471374247, 12.621392508571736, 12.61140193311405, 12.600740538185196, 12.616586214811148, 12.654148684042164, 12.636314027430904, 12.592371401801799, 12.53626423118649, 12.542948678037321, 12.546550743752075, 12.53007649673153, 12.512583562906368, 12.479914179329727, 12.4956550676366, 12.477612510522755, 12.427982443693395, 12.423010732394557, 12.434812286310985, 12.455852982138857, 12.456557205518747, 12.411799698782087, 12.452646418889717, 12.45400375072852, 12.44970747089591, 12.47203841378053, 12.462289236160869, 12.464262157615362, 12.463126511054483, 12.484600621748287, 12.477062511877898, 12.477294435974692, 12.472313312353524, 12.474642836233581, 12.468390744057661, 12.456267584340049, 12.455368915308886, 12.446259681613665, 12.460098719967899, 12.445559159746004, 12.455925456363435, 12.48447285172047, 12.50231516874211, 12.504761217555277, 12.506805936425453, 12.527266501600314, 12.536758364810815, 12.52455673659585, 12.535323544412794, 12.524392911791438, 12.524936853472067, 12.500402636288626, 12.496648716772162, 12.492858582166368, 12.503586787084696, 12.483029270378447, 12.476876707270462]"
3804__TRAFALGAR_RD S of RIVERSDALE_RD,180.92040236717625,13.450665499044137,9.401915407716558,0.9725145808680419,"[75.43491165949723, 68.33206911149213, 61.940237532879436, 56.23807750254063, 51.1050179874733, 46.51209535001623, 42.39026230409869, 38.70552989976549, 35.41353912906149, 32.50801507250101, 29.893084723636544, 27.566902894416618, 25.530046506146316, 23.732178569363413, 22.146293506642497, 20.73813346676291, 19.47899476837703, 18.358895814072334, 17.39751349531432, 16.590342550689815, 15.85474941071667, 15.233618226549547, 14.71037117532651, 14.211728280541067, 13.826334966738296, 13.454316237959166, 13.129463932017913, 12.863745343422712, 12.617581314892231, 12.39532178534455, 12.184562968824585, 11.998186197694263, 11.836755958799396, 11.687537194705131, 11.557815340283193, 11.424131506321835, 11.322166777679506, 11.170572494791006, 11.041950967106997, 10.923535611364887, 10.816184821536826, 10.727170163147514, 10.647724834293028, 10.562243353555008, 10.490977091821623, 10.418522935269351, 10.344934825827796, 10.297780933199903, 10.200722943870325, 10.133394740309148, 10.079349356467663, 10.015051245368827, 9.948255780458158, 9.876954563587459, 9.847655339827378, 9.780591096078373, 9.65516771310479, 9.579745446175433, 9.524561294793404, 9.490049671211727, 9.426731185355564, 9.335707431823103, 9.24801935841042, 9.175870208118981, 9.119531200652789, 9.042432420056059, 8.982936457958882, 8.924251967161737, 8.893741067021828, 8.842342661218323, 8.800314714748806, 8.751534103971249, 8.725727095902492, 8.66715247410825, 8.606580159583581, 8.550430758178718, 8.483119595838675, 8.448765261856774, 8.414001893060076, 8.40168341409626, 8.3428806795468, 8.317024599160737, 8.284661518896048, 8.2245195214601, 8.1758326911233, 8.154303279112337, 8.122588752116801, 8.089168590917994, 8.025866426401347, 8.003090613092825, 7.969002811835601, 7.939951862255234, 7.8717304437213365, 7.851442382368877, 7.815575173942262, 7.744158175448092, 7.685240529150162, 7.64741246981979, 7.587040922424982, 7.561075686473558]","[79.73273771047343, 72.20688591736557, 65.41816764438691, 59.35929383071943, 53.789108672846574, 48.85413936905959, 44.398773560337006, 40.47249069761647, 36.93383536294428, 33.832669191057256, 30.968201192101432, 28.43475336741583, 26.209915353289297, 24.252695583203487, 22.550024764826066, 20.998211459296165, 19.69771664898578, 18.52758996815787, 17.505090339715682, 16.675037162119306, 15.90279890413873, 15.27970346745003, 14.72045355219467, 14.253494702687455, 13.890956758102375, 13.596728447497842, 13.322816191033242, 13.077747801620712, 12.908889936574056, 12.756029515894877, 12.591928399536965, 12.498574050256787, 12.439335405779799, 12.389252628960108, 12.29471336745692, 12.217170127360053, 12.185106738178593, 12.124254387774869, 12.08176143864817, 12.020383944622093, 12.000099371963412, 12.011519859137643, 11.967327297744193, 11.944465434498895, 11.94230685927549, 11.929252126636726, 11.932916972663207, 11.910227209172499, 11.890358934869694, 11.883140777906732, 11.852684976692949, 11.860072081855865, 11.876312556553332, 11.883050108116784, 11.897108923990558, 11.911155909549144, 11.86274863806945, 11.872985145732665, 11.838907139299678, 11.824744064525163, 11.838813876527023, 11.833176502002223, 11.8408529036765, 11.865992683071923, 11.850984453469202, 11.820199650026945, 11.821937777681663, 11.825122278613124, 11.865121488109246, 11.869187573527661, 11.868218046399747, 11.876215111330508, 11.88796482362522, 11.888594783363043, 11.88734001594629, 11.891658662381431, 11.868806042655581, 11.87954068697505, 11.890348041337885, 11.911791727065443, 11.919443191968174, 11.926965792787513, 11.946295138740425, 11.956797950843924, 11.95603222450751, 11.994207554179491, 12.004296069362983, 12.015195634082255, 12.00775227585792, 12.01430566957054, 12.017063260208479, 12.01831353242155, 12.002070849535823, 12.01035294975765, 12.025547595052238, 12.017955499517017, 12.019712512924057, 12.024727456341889, 12.029089734937813, 12.031398490455313]"
3812__CAMBERWELL_RD NW of TRAFALGAR_RD,1225.5643757030666,35.00806158162812,23.93533342018556,0.7666935753596755,"[67.13721542656077, 62.23158137196745, 57.66379381871643, 53.685608535597716, 50.105076693604786, 47.01087619868751, 44.3033259820763, 41.871322887656554, 39.813295067696494, 37.93413044431784, 36.37771421567301, 34.97095948615058, 33.705417431882935, 32.64083494753923, 31.722517893010174, 30.875318584974835, 30.106673441098557, 29.460204661093982, 28.784630560343285, 28.31245050090389, 27.811717879285457, 27.372352282873017, 26.925208950352857, 26.522013242204626, 26.165693430739438, 25.784672242775407, 25.41085194186838, 25.19450794034621, 24.9713975818454, 24.752041452035886, 24.500978766321786, 24.282636566516114, 24.031286162016272, 23.826473364446873, 23.693914282298884, 23.501951638793262, 23.372898250302264, 23.212373463422704, 23.100878234242707, 22.96984489330061, 22.76706338098957, 22.574648705413928, 22.341223937877878, 22.158733763901118, 22.048218875566867, 21.840702489132934, 21.75764144373152, 21.632709332789712, 21.550112464188402, 21.404508703479756, 21.314109563992066, 21.193311913483065, 21.122899581625518, 20.991992566387303, 20.809882806000015, 20.71253153732156, 20.597793042191004, 20.38143854805265, 20.288975198702914, 20.184407949444413, 20.013785715121593, 19.971713621195104, 19.925609765966946, 19.75636649702614, 19.607230703134107, 19.492272772744766, 19.305130625340936, 19.144059223427927, 19.01245837010164, 18.90736300715653, 18.85101779605124, 18.796464707079462, 18.734857294380607, 18.66816798229095, 18.59736373934908, 18.446739795891496, 18.393638139453596, 18.213339510537768, 18.059996492771763, 17.995782367199777, 17.91198644318559, 17.778794006846613, 17.63831140926179, 17.59468016957703, 17.545139589642524, 17.44717629316542, 17.297738340662697, 17.181237357538283, 17.045564191297956, 16.96093055789277, 16.940856164317402, 16.83246840147841, 16.687510182291955, 16.555101541221706, 16.45666932609658, 16.37823611848699, 16.2757400080175, 16.167661721229052, 16.067735562392432, 15.967408525281126]","[71.43531022881025, 66.30302036351021, 61.68299621012281, 57.89919876494258, 54.10143373525073, 51.075978774719026, 48.190717703206786, 45.553485707171085, 43.39338673592666, 41.40457685066282, 39.9082657397285, 38.652232466086, 37.40943497162847, 36.41872706193106, 35.510669581607395, 34.858571894153556, 34.10408679002724, 33.5056122561446, 32.92758624873529, 32.65209836294883, 32.25176728458798, 32.053647875556585, 31.831252602453173, 31.558129969730057, 31.16029856943891, 30.824847700863703, 30.6633505514929, 30.57636619978014, 30.530080111952042, 30.44953395580593, 30.369299680310753, 30.344546549198448, 30.208949317612035, 30.123018861705233, 30.079730527597917, 30.027444330724393, 30.062343340875838, 30.0023705039458, 29.97225686050072, 29.892134509598485, 29.845410937219935, 29.829305356338057, 29.73464488112448, 29.780564035862533, 29.774436138509145, 29.646470520116804, 29.63989489331052, 29.646783450117745, 29.63039151247486, 29.68648817603511, 29.665893478317965, 29.609740436071462, 29.563842779278495, 29.574727835904593, 29.622887864926135, 29.584435655448875, 29.507855366957525, 29.510777004775235, 29.497272814177144, 29.506771599912945, 29.507117384418155, 29.51336375633126, 29.502326438024273, 29.475602966425154, 29.49091863537432, 29.405946501389824, 29.371146460481125, 29.374608320840814, 29.375752668961777, 29.337481525953784, 29.32946252625615, 29.315342951857946, 29.379802484123758, 29.397920115647892, 29.381054729253005, 29.355569551078705, 29.357340320575865, 29.30960575734642, 29.309594752110165, 29.28302635249014, 29.344233637997732, 29.300352541756936, 29.28691751924371, 29.281784720043873, 29.23596888281206, 29.208445190477534, 29.193683754669202, 29.150791785475434, 29.178259381242125, 29.1869877079178, 29.172260628971333, 29.144522076221307, 29.133151117997723, 29.105539830127324, 29.088349893298584, 29.08639867529469, 29.06569348603086, 29.027361758809388, 28.99149308793631, 29.003186370060753]"
3812__CAMBERWELL_RD SE of TRAFALGAR_RD,1378.7070681614875,37.130944886462125,25.92624845076143,0.8245237355638301,"[85.05887053045359, 78.31901618766756, 72.3152206030706, 67.00966538002595, 62.27084533336173, 58.02244004570148, 54.32170147641681, 51.10574069240334, 48.313365243540986, 45.814563381490856, 43.618819952169076, 41.77358097892365, 40.10571887451393, 38.68979697376283, 37.49990492012028, 36.35272301222334, 35.416082081740896, 34.55301614524436, 33.77736441218058, 33.124621235937845, 32.53790997410899, 32.061491781510234, 31.551259066363535, 31.14101437837869, 30.701116222411734, 30.31918046446869, 29.94288872710317, 29.590955748302306, 29.306625304925355, 29.034708689116616, 28.84304251266696, 28.47861474077748, 28.23301319403055, 27.944021241251036, 27.770440950490897, 27.5402403350578, 27.392764241429155, 27.27153556279822, 27.0594321582316, 26.864369875333107, 26.761726934613684, 26.596219802383633, 26.340726583711938, 26.064213038666953, 25.844354658163, 25.590293656605844, 25.497871634018047, 25.30176945659046, 25.04509314924881, 24.95025128609506, 24.829693621187136, 24.59790720975878, 24.478790581740864, 24.41626902301081, 24.27167833773806, 24.140171964320228, 23.91964061848752, 23.843360864444513, 23.776860920811927, 23.554886576495083, 23.423842349518775, 23.220342975258117, 23.150840155620283, 23.02881506544267, 22.8848382015449, 22.712144226897045, 22.565517669755263, 22.436335485244758, 22.287593273566355, 22.180391575581947, 21.921320379960907, 21.826459213684082, 21.75887028723942, 21.657851085546245, 21.58257291602322, 21.395811591595272, 21.299555455297952, 21.261754736445344, 21.214779206708904, 21.03990098586061, 20.909128702081922, 20.84839964519831, 20.621537318034076, 20.505543411404993, 20.328873741363772, 20.22791649150818, 20.08578801684987, 19.947614509576148, 19.88001697634463, 19.749023527370337, 19.636003861437036, 19.4878310712108, 19.42401981360413, 19.27803340459214, 19.15461478776269, 18.968565672442775, 18.797193265566985, 18.672736194638222, 18.61442406096662, 18.5305002551583]","[90.1828075211619, 82.81035797624693, 76.14804862117299, 70.26278021710732, 64.92677044935415, 60.342425529315534, 56.28470439442864, 52.66636541983547, 49.61694442121334, 46.76173424501262, 44.407020508482454, 42.479478177798995, 40.72485358801842, 39.19898266378807, 37.92290825864058, 36.832692171751155, 35.87908798528617, 35.11802848467274, 34.43974510192888, 33.95533106722932, 33.58327962174133, 33.18094653460897, 32.907437916288835, 32.538697789782134, 32.277405989401956, 32.03609240012387, 31.81949121641009, 31.78338529879571, 31.68482874839865, 31.524240903720912, 31.49354088927303, 31.473202317349138, 31.413125399797337, 31.311767240675866, 31.382845507967343, 31.426145163161394, 31.387412345169093, 31.37036347896625, 31.425619899041752, 31.472444779115893, 31.481285048059636, 31.419761852104152, 31.42733523131551, 31.5039066146799, 31.411607880984423, 31.488524063454, 31.511632848954235, 31.508480278958373, 31.52238799338989, 31.546510689225553, 31.51782050126839, 31.4854397029836, 31.51428344684636, 31.55099283083465, 31.556627106551744, 31.59649465385526, 31.569394760144345, 31.584017339217638, 31.616509515753418, 31.6025515524312, 31.643557901094997, 31.627806065329885, 31.67035091657523, 31.665887632117855, 31.691894513886428, 31.676791714368516, 31.676062480327502, 31.699764946776348, 31.699475167798624, 31.705539371596263, 31.72775237977803, 31.72739587248623, 31.722905101021535, 31.69379214964305, 31.697517019932466, 31.698091715056627, 31.74719868350343, 31.804661192142227, 31.831418097598362, 31.878119664981952, 31.909621616737475, 31.91628264144102, 31.885390762778755, 31.844539830906527, 31.80707636867874, 31.766018375399778, 31.748159736975992, 31.73451459120508, 31.757464252219112, 31.81018996003959, 31.828392448079008, 31.849550805735223, 31.837944616417957, 31.87402056248032, 31.895563434582893, 31.909311409554306, 31.902452209173575, 31.922837093704562, 31.934559084299917, 31.928885927417827]"
3812__SEYMOUR_GV W of CAMBERWELL_RD,734.5469121625154,27.102525936940182,18.477171213707226,0.8540876545841497,"[70.02611131340899, 64.37616657490389, 59.31637685822301, 54.943581301153195, 50.90232684906322, 47.39964867850923, 44.36510091376161, 41.65680605865435, 39.2681830029703, 37.12799182795885, 35.25178159965534, 33.61190987687149, 32.16668278923456, 30.905980972623745, 29.789641613186664, 28.866530964044486, 28.068901363858792, 27.235174651113507, 26.51464700348133, 26.05120906402608, 25.513420917277106, 25.00832270526099, 24.524804270079926, 24.16006245445725, 23.7076453499588, 23.255580800568552, 22.870502037560662, 22.60862020297578, 22.339273784296395, 22.122833289335606, 21.891079563995334, 21.585464298508327, 21.376121276627202, 21.121802932143837, 20.916706030273815, 20.690938136403634, 20.530421423535135, 20.36070449745999, 20.184095250723175, 20.04802123397539, 19.8343109986959, 19.637480078549924, 19.52520622058048, 19.426769184750377, 19.293438582794195, 19.139267457508822, 19.056461706641283, 18.94601479418688, 18.798099848064354, 18.692025342479408, 18.54405234244731, 18.389286662002405, 18.287932518220178, 18.119996831572113, 17.972354882502415, 17.831436021354875, 17.76127022182852, 17.719191882775387, 17.62520006498805, 17.53602668558806, 17.440745490961046, 17.417606087350276, 17.305380205453456, 17.124827809456423, 16.993276328128587, 16.910510600459038, 16.815987051835506, 16.72410250969282, 16.623855041398894, 16.49225231269023, 16.375451098524795, 16.292819810221896, 16.20063825991436, 16.04793241867277, 15.981783220721743, 15.868555967156592, 15.757847537282798, 15.647418750830933, 15.519189049170725, 15.459503488675038, 15.413955234482215, 15.263452518450997, 15.14502682392998, 15.039611117966478, 14.93327031828214, 14.866687189013717, 14.749796492198692, 14.649529402556249, 14.588039332540063, 14.535986307599066, 14.435547962881616, 14.401185822358741, 14.339534050726325, 14.31417364980251, 14.215345007371887, 14.110032914953695, 14.028589834868134, 13.867377612599777, 13.795493367427234, 13.710349654351806]","[70.94652787954348, 64.89789919160457, 59.456465341675205, 54.80036906178074, 50.39211307237599, 46.701919637543874, 43.63855286073307, 40.76372169585125, 38.25188191883683, 36.07767038980298, 34.31034213894625, 32.58682966929161, 31.220494438535862, 30.16080497350636, 29.276084575459436, 28.42114893476355, 27.75409212376135, 27.03379229171284, 26.497284333015312, 26.12850330894956, 25.72733654163816, 25.58527781175552, 25.537158960773535, 25.400974420755766, 25.274927223216668, 25.09362749421644, 24.954389786062173, 24.811610271037306, 24.748854600594743, 24.67938517124609, 24.625010434455135, 24.582804300257685, 24.54896240824235, 24.62341920073094, 24.650865783124644, 24.695938856521394, 24.75615571588478, 24.76224933344964, 24.742415138167516, 24.689944318517096, 24.606020221869915, 24.59376578942283, 24.534348103166863, 24.544955668942613, 24.59401949404188, 24.54416448184994, 24.524537328802023, 24.514540511064858, 24.511447733363163, 24.405700237003977, 24.3798088265909, 24.39774669872682, 24.461522506694152, 24.408943545614516, 24.4792172553132, 24.359590162145224, 24.37443015225787, 24.3655173259314, 24.337806898311253, 24.305393022466912, 24.273226259209853, 24.254896606412874, 24.32603218795658, 24.308630128872295, 24.269090082879575, 24.262006781739895, 24.254071278767142, 24.248780658256674, 24.244458398565804, 24.26288710078965, 24.24630817290565, 24.2494709827305, 24.31008306407542, 24.277505397657958, 24.26270797333623, 24.245598600426305, 24.297372368475354, 24.310906818633697, 24.360479532441367, 24.36622536848838, 24.36714692484208, 24.310977399760628, 24.335514135582752, 24.30870287713384, 24.32161439444472, 24.2563117509469, 24.278987387069918, 24.29322472303904, 24.246424698944967, 24.230012556832484, 24.25820440021104, 24.255039358130926, 24.21808386767954, 24.2195457089356, 24.240204624472643, 24.234125511760933, 24.244501643584208, 24.221513148141923, 24.243792269801226, 24.302205589714575]"
3812__TRAFALGAR_RD NE of CAMBERWELL_RD,247.02870102889122,15.71714672034626,11.367213299301234,0.9351770946261079,"[61.29909014816941, 55.75853525408118, 50.809463762768445, 46.39550897802977, 42.39990740793991, 38.78121457567783, 35.635777526375655, 32.8136235814789, 30.294948807831876, 28.068979647858445, 26.107849067902, 24.430994946200983, 22.932896118843352, 21.60701880089168, 20.424070947056947, 19.424254923179262, 18.591291803688854, 17.80028820663938, 17.134195420011746, 16.556287853775665, 16.048159346440983, 15.62217805033907, 15.208937577409475, 14.875734877973262, 14.520959563254918, 14.249074345817872, 13.926876483488709, 13.679688087797071, 13.487862139696805, 13.318972917645473, 13.1712201729133, 13.01109104842498, 12.843449581282705, 12.661660553094682, 12.554541546307926, 12.418268915147786, 12.305997923543663, 12.209500581038606, 12.11238698876298, 11.990783667435176, 11.90063786994965, 11.790054931654579, 11.69014162354574, 11.582635374368358, 11.478087931060086, 11.377556467157602, 11.258414540010309, 11.206183075760768, 11.124278593010603, 11.058909889343976, 10.954825714833916, 10.816781639534518, 10.77583564618757, 10.740036167435871, 10.672462631386903, 10.597328370586935, 10.50534147544818, 10.419786633697058, 10.317479117556434, 10.273292812899387, 10.228019699748156, 10.181901334408414, 10.093050958266709, 10.0522508394226, 10.01656901465862, 9.984775806171237, 9.911995378862196, 9.888552834649168, 9.76164849123209, 9.664236917070214, 9.617833001958257, 9.543430810347585, 9.483679287977294, 9.444264924562106, 9.372216605232417, 9.310023435854262, 9.258170719228582, 9.182580156766429, 9.15027410324165, 9.130236144670874, 9.0495254788237, 8.982538109616833, 8.926428253695253, 8.861655760610319, 8.820850251516786, 8.785473627579536, 8.706179977686718, 8.665325766986706, 8.614896872736013, 8.552848960133437, 8.535247084614097, 8.457343037291292, 8.436526516090968, 8.387036359741757, 8.377566389493618, 8.350546115815087, 8.30861243302681, 8.301066010534537, 8.283230582212084, 8.251379382009201]","[68.41988622975875, 62.331587984367076, 56.803020239587006, 51.97221488300642, 47.60592509830523, 43.62884437738192, 40.1974194931702, 37.16358971965573, 34.39025536006933, 31.97600447940712, 29.96613316552711, 28.193278747294364, 26.594958022189683, 25.199013038386198, 23.979590895498013, 22.957793541166012, 22.083096992829404, 21.279739819527308, 20.638898468134744, 20.054505515457894, 19.539146170403736, 19.15314815437823, 18.866817497890093, 18.5593305259108, 18.241939942059943, 17.98793088068156, 17.83638563973264, 17.67830203134024, 17.535910903786373, 17.386159181765255, 17.310132353045656, 17.205636961465913, 17.111532568316694, 17.084993273876997, 17.076786994846575, 17.01575721447477, 17.007606800494628, 16.986929541908413, 16.963987405613867, 16.90943223424849, 16.884436104759743, 16.84932036974432, 16.82954599027619, 16.82108141106955, 16.822579667975234, 16.794299411956576, 16.792724118412064, 16.82770964047945, 16.822862801350656, 16.79779395370144, 16.79153137607773, 16.77089689786859, 16.794717458824426, 16.80350505803883, 16.770811392452476, 16.80892071263616, 16.830406369849133, 16.825794310612775, 16.796460198405768, 16.806959859438663, 16.803279724400706, 16.781429639457354, 16.7681404096714, 16.76745898007919, 16.764948205115665, 16.767369087894387, 16.77211087337174, 16.777759170710613, 16.756523142049254, 16.75056357942739, 16.75026813247581, 16.733195624700418, 16.72803786363938, 16.691842584997126, 16.705932949891377, 16.71454739309887, 16.716775798918068, 16.718837561553443, 16.71126493903608, 16.70975908351928, 16.72942297568797, 16.75539102759987, 16.753805829766108, 16.738458641229478, 16.723635687394935, 16.70466519458546, 16.705961462307584, 16.697788396242437, 16.677115703008447, 16.702180049248817, 16.71159434729027, 16.695510374989354, 16.687537870537216, 16.689322110314144, 16.69922468879912, 16.705234702392733, 16.704834753906734, 16.707952720567782, 16.708991547617927, 16.710253589362488]"
4030__BURKE_RD S of DONCASTER_RD,674.2377803153591,25.96608904543307,18.9732779342137,0.933732273590924,"[91.94588860870643, 83.49599215337582, 75.92211840230583, 69.20837968596727, 63.22178332314467, 57.775709237580806, 52.93406671776669, 48.64878502295985, 44.869588360136504, 41.47671172142272, 38.518468899193905, 35.86663850834763, 33.553730868832126, 31.513980222341132, 29.710546752348996, 28.18869868438386, 26.82476481399043, 25.648655162042434, 24.642351352612778, 23.80130531316759, 23.009250131545745, 22.34483483739146, 21.757160699011976, 21.297958710912287, 20.866409365945685, 20.476783922949693, 20.108150361508695, 19.824534185525284, 19.562354420952957, 19.349683860015514, 19.15421737942565, 18.96552224669153, 18.769681797482306, 18.579431438139654, 18.411993834943, 18.288073857783104, 18.215507177217916, 18.04734618776941, 17.938435191020446, 17.778664942167854, 17.64096454356739, 17.56183914669191, 17.404983502832994, 17.272243791031812, 17.1508235290126, 17.017241907383262, 16.878016898831287, 16.772762580136067, 16.646666938375134, 16.541927837167957, 16.470609756427777, 16.407363548686536, 16.31984297997641, 16.19483987384275, 16.099636882583553, 16.0269699004964, 15.948737743321761, 15.916225782268711, 15.859802170818046, 15.718423132475337, 15.623041824453372, 15.53930544587382, 15.461853488063541, 15.347018086423974, 15.241721389631916, 15.161066886619473, 15.063735459808152, 15.020813195119793, 14.925024204001046, 14.900413818000889, 14.844839685836673, 14.741650311595812, 14.631212960976764, 14.576989548645932, 14.513620549245914, 14.449827896158421, 14.41664533960339, 14.35259777036327, 14.24629282080844, 14.191219256896149, 14.124984586311479, 14.063911186479329, 13.98516375668851, 13.928846851432587, 13.855583378982978, 13.74498579299816, 13.704583960333055, 13.645452574597801, 13.568673885868218, 13.536446715780453, 13.443192137928147, 13.3668089185591, 13.28217608019753, 13.201312106313805, 13.140461813446334, 13.080257034587138, 13.01892472052758, 12.93396464374945, 12.88246673167149, 12.812670462055264]","[92.22504616653461, 83.66833130512445, 76.02773486878232, 69.31673454075056, 63.218690401562206, 57.755469098331204, 52.90790516527336, 48.63792327830568, 44.75837327413986, 41.30478220842838, 38.439128041069544, 35.86100755875944, 33.58120271233108, 31.584311471468975, 29.86016267103191, 28.44855570969207, 27.188110475893012, 26.112810600866748, 25.206184333295994, 24.48964887363725, 23.837075743694214, 23.35065008898185, 22.87462259723271, 22.50462611527368, 22.11359691089527, 21.802789367276414, 21.545412815970785, 21.391326836854507, 21.25874124925808, 21.12326816565169, 21.01159286107357, 20.943528200701987, 20.85826381941338, 20.7840852806032, 20.770098575042102, 20.735133431099193, 20.696890377851595, 20.632152384372628, 20.62233111653796, 20.641816726553593, 20.636981073511514, 20.616803910557653, 20.576138187741236, 20.61855300771014, 20.617543635818983, 20.598914144503777, 20.61099799880108, 20.59604844897212, 20.62998460628331, 20.659014077577687, 20.665357815100645, 20.62210674278596, 20.65561403229349, 20.72062356079996, 20.70843665056772, 20.71749113471138, 20.70281312836601, 20.70405641596552, 20.705929971730505, 20.640386824501245, 20.64380369886693, 20.63669007518977, 20.61536869117242, 20.614420300777553, 20.56794350425238, 20.565510830405955, 20.587855706645826, 20.59536779935119, 20.59271958776492, 20.594627165013147, 20.60935537388045, 20.653149369842104, 20.626112624381303, 20.64362901980595, 20.64405921800269, 20.647409485714622, 20.647462852006296, 20.662126152078404, 20.655505921843673, 20.666648926407095, 20.647697544406828, 20.638761459008347, 20.620669661606495, 20.618438594823356, 20.637704505774018, 20.668435722205484, 20.68233057380589, 20.66939508445859, 20.679804188553124, 20.671815143152717, 20.68335280215411, 20.6915026470098, 20.707740794914123, 20.725256365799197, 20.727346478767277, 20.715829913552092, 20.728440317051675, 20.739295842261807, 20.755243130367795, 20.77015079255561]"
4030__HIGH_ST SW of BURKE_RD,290.96626170440686,17.05773319361066,13.035631165879495,0.8775944398638522,"[44.996635327161925, 41.24473190441218, 37.87577459642432, 34.901349729977326, 32.15288233862953, 29.77561844235872, 27.713234890914006, 25.856200153839556, 24.18515427347857, 22.698809609287434, 21.409922160168847, 20.27014078583796, 19.263564919056016, 18.39156025043776, 17.634232151579134, 16.965146260120783, 16.40448422418357, 15.857622730820726, 15.397041880182122, 15.029724724661643, 14.649605814947884, 14.340134455422627, 14.09976480328097, 13.866758210417915, 13.642455113212273, 13.453636410316879, 13.3022090369365, 13.146423492614772, 13.006609491408911, 12.892909917988472, 12.79237899088194, 12.66486584191153, 12.573365915657012, 12.475337347172117, 12.375633813228596, 12.266572235646104, 12.16534811724528, 12.082453314803969, 11.988713133401582, 11.909492759622086, 11.857431621795337, 11.804379213604026, 11.744838824911492, 11.661063175733174, 11.578133307791594, 11.50887000365472, 11.423861302170737, 11.386506059791955, 11.337147046513333, 11.25904600486097, 11.18677317834666, 11.131519020306573, 11.045114156900974, 10.992661031113197, 10.924832864367088, 10.894119878283643, 10.846955711695326, 10.807927878806193, 10.787188154064673, 10.75997679084033, 10.722952195067808, 10.680759417892538, 10.618133731888328, 10.595737771523288, 10.539651284565203, 10.519386612919876, 10.487269215980987, 10.443369969034814, 10.4156116739088, 10.368440437154836, 10.29958490803806, 10.250416818623714, 10.223700621296162, 10.160848508956622, 10.132788351048678, 10.074483444486038, 10.01515029667829, 9.996684907683449, 9.959499719457977, 9.928078689844504, 9.917772705685545, 9.846319818706592, 9.781301617555577, 9.750517435135166, 9.707774496132306, 9.654466326650827, 9.620231155940884, 9.593172581634382, 9.534759316911705, 9.508740823564558, 9.441120677989053, 9.39247700148996, 9.367419104879298, 9.314985027486316, 9.249354773529058, 9.215862812708995, 9.161056913293356, 9.132009758898947, 9.0766550330762, 9.043818354258292]","[48.36353462751166, 44.418522471143376, 40.89845695280839, 37.773282342633124, 34.85995754441435, 32.47544920072816, 30.403627804530043, 28.484806432890984, 26.78524285425209, 25.181309767257904, 23.870789946904864, 22.608360377900446, 21.610728180489296, 20.729620397336106, 19.95935078529729, 19.30584361589396, 18.78507816759737, 18.253832741601517, 17.805282915954052, 17.523284924611573, 17.17865450994587, 16.90844390697052, 16.696022802025563, 16.500267389380678, 16.354962814440402, 16.23295663131704, 16.101692075418917, 15.982183887412614, 15.928330086630025, 15.880449296119357, 15.840380051171726, 15.787468099326826, 15.719692233323617, 15.680118772791483, 15.661300336473552, 15.626463654598373, 15.602893238194739, 15.58714103643279, 15.547309115769291, 15.557000175884575, 15.533763211532204, 15.53603394584037, 15.521745302313349, 15.532407606304465, 15.550186239984697, 15.528795892411859, 15.528884661732315, 15.53906678537043, 15.518689075448503, 15.52721997667271, 15.543093324296953, 15.5600504746279, 15.57748434341338, 15.561319553014915, 15.525442216482181, 15.509060032498672, 15.498009455306182, 15.48773036162245, 15.472902945942646, 15.465361567772458, 15.472085535227192, 15.469336386211037, 15.467482481687826, 15.4659507894131, 15.452371173079822, 15.448871316870951, 15.457874328781566, 15.452915299148374, 15.457518801860928, 15.445123659596334, 15.427004252134498, 15.447889012250366, 15.456989484988771, 15.47710775988033, 15.478648332947621, 15.478987117453268, 15.47292809040621, 15.474838889068916, 15.480416760826664, 15.481872655338167, 15.49323933829914, 15.498984588498864, 15.500387362228532, 15.522901150282307, 15.521107495875555, 15.518772491871575, 15.495653292192898, 15.514901229935845, 15.498856886480425, 15.505728736731399, 15.519213152083552, 15.528480188319717, 15.520741707758742, 15.524359692126778, 15.530084165870322, 15.52325849932288, 15.51873271716028, 15.541387821323697, 15.541016458916209, 15.530504763051818]"
4030__KILBY_RD W of BURKE_RD,21.97386081329943,4.687628484991044,3.2982347154885194,0.893240781600894,"[13.077425112014817, 11.999228423895264, 11.038341365941584, 10.1788761273939, 9.409335565025787, 8.720603602238022, 8.129852821353072, 7.605701964663587, 7.129406835983415, 6.6890823665787265, 6.322022210756104, 6.004403110363765, 5.723512022766962, 5.482344689678531, 5.265762996547941, 5.078122384921673, 4.920886907330098, 4.780187080664698, 4.654055928678893, 4.542655896051243, 4.443467623434715, 4.357774497705363, 4.28674706389792, 4.206911942533388, 4.146373226409437, 4.08275665916374, 4.032472756964101, 3.986911735504153, 3.950977782832031, 3.8982892634835604, 3.8550325840717297, 3.8115610014920454, 3.7854378500198202, 3.7488491298039763, 3.7094408828784586, 3.6883016038683527, 3.6483108297732447, 3.607142213127588, 3.575936432721232, 3.5600688190163368, 3.5281181828153763, 3.504917441238786, 3.494018608185263, 3.478205898655814, 3.460963540769954, 3.4322627149442613, 3.4180568514122394, 3.3858060627521462, 3.3694738321651383, 3.3414200831170846, 3.3211642853699277, 3.2906244850750634, 3.2748687153530778, 3.2640017885765915, 3.2398939337634816, 3.2221763612846983, 3.211367010239046, 3.1921058954015034, 3.175177061462422, 3.1555193659299543, 3.129665149626926, 3.1235354979860457, 3.117938378180865, 3.1020332719057895, 3.0810046797670516, 3.0587368499264773, 3.0495376724065593, 3.044618877114836, 3.0313122657881624, 3.0129669863914326, 2.9962814225100804, 2.975592720980994, 2.95693559111772, 2.939601515194723, 2.932891360031398, 2.913846347960993, 2.8934845907971005, 2.8756428432213563, 2.8607544654705053, 2.8498141652708164, 2.8351467425204486, 2.829036120049913, 2.8186045497792875, 2.802593254945542, 2.7855418495050985, 2.777653401423608, 2.772229046232803, 2.765648968936471, 2.756242437879889, 2.7469667659124615, 2.735896431617988, 2.7288207749840856, 2.709988031909751, 2.6974373651413877, 2.673936745981975, 2.662123985047402, 2.652932418518039, 2.6463301514288182, 2.622802451783821, 2.616399210716379]","[13.61723411259567, 12.53782158819353, 11.5502565155687, 10.69369873506742, 9.90801753498515, 9.206891298283189, 8.616759894131663, 8.11863466723504, 7.635236597399468, 7.180948610575402, 6.823928515972575, 6.511824440208378, 6.259308848801616, 6.027624229521615, 5.818820478928292, 5.642452931507348, 5.524793221544919, 5.396828971162521, 5.289472008518332, 5.186207389341504, 5.121474349621113, 5.048103296041467, 4.988264154355545, 4.9530372396171805, 4.920342365906337, 4.884250652688885, 4.877618840124029, 4.841903534701093, 4.823611989675494, 4.800315465422015, 4.776798114862048, 4.758432391012039, 4.743312471202823, 4.731471340418761, 4.734249225999887, 4.7173145682655955, 4.721761027469368, 4.713132986900523, 4.71697293886727, 4.706979286733245, 4.706494257488972, 4.6935163338637835, 4.690845620947092, 4.69180450745943, 4.684489064357924, 4.694173820962126, 4.705860017045661, 4.707165431766305, 4.698788998481524, 4.697374971507301, 4.697373559154208, 4.706118597657901, 4.705634399236144, 4.708695856459692, 4.71253055330035, 4.715501765433556, 4.710348098870834, 4.71157125760359, 4.718529830246537, 4.718079277870692, 4.706007189099153, 4.70795115815598, 4.708799903952618, 4.711065508438269, 4.709104457959431, 4.7110035830649615, 4.71018656729936, 4.704791538923062, 4.703767904546752, 4.695727504791591, 4.6904113410669614, 4.691961342526006, 4.68724360451489, 4.685515301173518, 4.684378293684756, 4.6822665576119995, 4.685162442837313, 4.684623984806703, 4.683258938636701, 4.672527668337998, 4.6671330740173715, 4.665984172930821, 4.667745552684646, 4.667914604531236, 4.672320521195819, 4.6717885328080335, 4.669772556886866, 4.6683314781449585, 4.667384191994164, 4.670059134012572, 4.674322180265826, 4.675460725319213, 4.672917754372711, 4.674958827823304, 4.674748223001123, 4.67660640248282, 4.679885819630582, 4.681278682083338, 4.687404996884026, 4.688550772348764]"
4032__BELMORE_RD E of BURKE_RD,146.61719519420916,12.10855875792859,8.673515218027521,0.9618075054005601,"[62.06946314283786, 56.44688382279555, 51.325471780428835, 46.70778692135976, 42.64481024664835, 38.962771729888374, 35.67364654518202, 32.76922735092778, 30.12612031736185, 27.709992326032367, 25.61456802045256, 23.79209940152282, 22.195030333847797, 20.734159339945915, 19.47780468710863, 18.322848406568028, 17.29971150051141, 16.40644828717907, 15.637155876738046, 14.98414510050855, 14.401739836949226, 13.87006197516946, 13.420720640638201, 12.98710355452194, 12.65988791233674, 12.352222487467772, 12.07948069824338, 11.850028406091356, 11.626464747516957, 11.389380798640088, 11.196217152632435, 11.009691249308721, 10.85329837172591, 10.697155616999195, 10.558931111395397, 10.421130983897058, 10.322588642443936, 10.17677057250072, 10.050996203477519, 9.951058629077734, 9.861148918857797, 9.760364947707714, 9.679003253901154, 9.567052928516167, 9.505204331331784, 9.450137275002438, 9.412816601802993, 9.349940855133408, 9.29623640058119, 9.229670375588904, 9.152299258631414, 9.07351393209434, 9.048736326640434, 9.005239604428608, 8.951367250822678, 8.909432013544627, 8.830593661684, 8.792697001757464, 8.737343817532938, 8.656675426959708, 8.633869584002507, 8.552693917773938, 8.514401582089276, 8.468218799995206, 8.419005808935657, 8.388818962376886, 8.35265671370145, 8.31988954623958, 8.248232361742117, 8.217973003641546, 8.164431333908484, 8.089958511742969, 8.037670480469682, 8.014730389890646, 7.943148311130516, 7.903210634764978, 7.895344262365071, 7.858002989729646, 7.832959518730515, 7.802164395994884, 7.768967945202433, 7.720516323201893, 7.67106648327037, 7.614185696754165, 7.594953145630542, 7.54447622715203, 7.524420228009038, 7.471388566347135, 7.438466935813213, 7.412762418248947, 7.365430692802262, 7.308391063329148, 7.271368448709151, 7.223514793294116, 7.183856362886529, 7.140545417429165, 7.120776309357625, 7.077464855737357, 7.025243776546371, 7.0045773255558945]","[68.97931325735605, 62.64119362062322, 56.87587824955111, 51.67068890282091, 47.07338741767526, 42.88468859789606, 39.123721702180404, 35.82153941763367, 32.872299826525634, 30.18257354301791, 27.824812763984227, 25.706599003426998, 23.879887669048838, 22.18903290468845, 20.742821750267126, 19.429580901947016, 18.28134330271787, 17.27720947925181, 16.414633394853436, 15.719611358752282, 15.071184349657928, 14.49160659164772, 14.110528865860367, 13.773033644987839, 13.387425245983483, 13.102325802099786, 12.830721084797004, 12.608103651949497, 12.437472107990136, 12.293713555427129, 12.203486916304378, 12.11995196616269, 11.993416728207801, 11.905067775649671, 11.876215449694925, 11.835341299824682, 11.83873279948622, 11.815728586607962, 11.778713372479928, 11.758239935298397, 11.70391025937757, 11.690603967621776, 11.679037171229009, 11.659308792305454, 11.655820140982845, 11.640712289105252, 11.63203975168328, 11.660379443488166, 11.64705876809373, 11.667159372301345, 11.61354157328782, 11.607782955622108, 11.613292766583097, 11.59786401843903, 11.593114909292915, 11.610578514306395, 11.579305848648461, 11.580686679741287, 11.581547429890698, 11.557154077167052, 11.574850131412818, 11.580777079278525, 11.597992461517135, 11.606004326965785, 11.588263274818873, 11.579165696815792, 11.599803634397208, 11.605786386889283, 11.590707594275694, 11.602026027909933, 11.594429090552122, 11.568437194128984, 11.59597671260769, 11.597878847889714, 11.627732856465043, 11.623576043016982, 11.618957097025202, 11.604311361547685, 11.627955438207175, 11.63648055731219, 11.62433623978087, 11.633470935330015, 11.618697775320516, 11.639219363167514, 11.63190348793685, 11.636708544457436, 11.64261345785609, 11.624931382143485, 11.610667002019905, 11.620513533715174, 11.633458482852102, 11.642577058368598, 11.653765931003866, 11.672582064644994, 11.678586669827963, 11.650762789616067, 11.659525453215156, 11.680205246611278, 11.68048516761341, 11.694212426878003]"
4032__BURKE_RD N of HARP_RD,313.55902178003987,17.707597854594503,13.133025567986992,0.9520110428942754,"[80.17198960028666, 72.69789984248939, 65.9524299266776, 59.95811396741013, 54.603340041227234, 49.742454796050026, 45.397775598332196, 41.55698368035183, 38.075971104020745, 34.950658722935174, 32.191443052836355, 29.742103554233665, 27.619633149206816, 25.722003752226776, 24.009882501333095, 22.511416295958835, 21.231954177511085, 20.095287938531293, 19.09999428226526, 18.266208019279183, 17.53839409317918, 16.886368720983604, 16.345314708917, 15.824622405328013, 15.423967269225802, 15.047476170537191, 14.710267225258772, 14.439785574914618, 14.182665676818779, 13.9622912536092, 13.764633814766347, 13.587222244558324, 13.429614938760546, 13.286912697315044, 13.167082566035061, 13.052845962302436, 12.944999108582097, 12.853299142864365, 12.747912471110316, 12.622359769643886, 12.490236714641318, 12.365486821394825, 12.302971589043493, 12.252238615111828, 12.17656295144504, 12.055018328550105, 11.970883920172064, 11.861866245294058, 11.80083040363534, 11.732059134391983, 11.648198875161524, 11.603261090779782, 11.550235600783996, 11.469714440032183, 11.406776128101859, 11.39038298981585, 11.326780275944001, 11.282517893252926, 11.200270375282683, 11.156812062816911, 11.091025879906352, 11.036711275247335, 10.961710710352373, 10.921801929563959, 10.893484522804236, 10.836371574521236, 10.759325440453173, 10.67600581185766, 10.591789198350522, 10.545964487655928, 10.496367390703753, 10.45237653608677, 10.409792332452986, 10.371009258952357, 10.344065304762834, 10.319023309245456, 10.306008593752615, 10.264077932401003, 10.206346118558393, 10.157749739312296, 10.096385112743453, 10.03215917344881, 10.00256385264636, 9.977231248842761, 9.907546112790266, 9.845447543266724, 9.784118217200986, 9.744093168481044, 9.695840396219314, 9.644151346856416, 9.597188903083365, 9.546117549313822, 9.495040832214263, 9.473067515677373, 9.441428803141966, 9.416466787536303, 9.387341666949679, 9.336830997673378, 9.294071291003997, 9.27912444770486]","[81.52389597581707, 73.83081717434276, 66.77997879535175, 60.552943064768066, 54.959579480862395, 49.98758763771263, 45.634523050125395, 41.71020266425873, 38.17175690181672, 34.96378328044411, 32.20553896778813, 29.8372767356021, 27.849608541440897, 26.075891948380313, 24.563934137844434, 23.225123872428604, 22.142973744084845, 21.219895591547314, 20.47030513995053, 19.865212835681003, 19.36537205833417, 18.980633331516785, 18.672486132751892, 18.37436170035679, 18.182740566589025, 18.01514484626172, 17.910011418487997, 17.84697298833195, 17.76176049862148, 17.706141658253554, 17.687756972543074, 17.645120641837295, 17.61061983230401, 17.61593037619734, 17.620125015123055, 17.633158148185377, 17.648570257339212, 17.63693485957682, 17.61718740245433, 17.607583662075275, 17.65216997750828, 17.645851442156875, 17.669907165236477, 17.68517445172975, 17.710311648980415, 17.732652208402946, 17.721518190044662, 17.711263173660484, 17.70948860847592, 17.70629513508097, 17.723505790325923, 17.76462461120054, 17.783902698976807, 17.74907293650752, 17.74465550930208, 17.75180464858001, 17.77008648735659, 17.76223236067065, 17.772563170851665, 17.77782701694799, 17.79573544537315, 17.84609941630431, 17.864786120311216, 17.861361597865596, 17.854072991496057, 17.8595733618928, 17.858367449831494, 17.8933530782963, 17.906846935207415, 17.92533793287958, 17.919621321147613, 17.923397466759, 17.952301526206018, 17.98281205143073, 17.985252766766436, 17.99755788826132, 17.996306104178657, 17.99344375542012, 18.038897020935046, 18.060240980106588, 18.05924627128651, 18.062995118636348, 18.071032034970326, 18.082005430413187, 18.095532088283665, 18.103324324052988, 18.106870299315226, 18.110862702987617, 18.10797569844717, 18.13469493713814, 18.137942575132445, 18.106880396609004, 18.11427038731565, 18.11292429973674, 18.131877047480067, 18.131288070385846, 18.13514033764657, 18.148276953178, 18.160670761208344, 18.15559502839282]"
4032__BURKE_RD S of HARP_RD,385.8967018983884,19.64425366101722,13.875722878702572,0.9576890874790343,"[89.6996327698856, 81.27737070000407, 73.73810571165608, 66.99656877308628, 60.94907074604773, 55.49343895502469, 50.66998970000601, 46.34268488864905, 42.434054627406056, 38.98021232586783, 35.88307905444181, 33.16896441933763, 30.772390158944134, 28.6365905060269, 26.754650919812764, 25.092093609811332, 23.65493855652037, 22.389665561323813, 21.297039421838683, 20.364359760025565, 19.513696160528834, 18.82183020753529, 18.17193537027131, 17.648274255618972, 17.17800792654746, 16.768515865483728, 16.407300670915507, 16.11125944426661, 15.829633430625277, 15.603246281024115, 15.36914377240213, 15.201018894411222, 15.049869447643902, 14.90353399961707, 14.762369040169816, 14.65912871613844, 14.48523592052289, 14.3870133800681, 14.293197179832886, 14.194616998944747, 14.091773169834452, 13.979460353987566, 13.854176867855337, 13.739669557904698, 13.651334829674687, 13.585897292268246, 13.527849421994139, 13.472931043356118, 13.386043894310804, 13.337429570753253, 13.239539010572459, 13.124668074348364, 13.00240755188428, 12.924445342901235, 12.84077993758957, 12.764892692408823, 12.712692429321082, 12.673826560244864, 12.622744550453268, 12.572202385024129, 12.455611501162817, 12.391458710745585, 12.287340125611326, 12.205615769921213, 12.14693590193898, 12.097093300280081, 12.03820133586029, 11.972754832070796, 11.923566567930585, 11.832059928861511, 11.784872991439807, 11.736475729915767, 11.6951425021588, 11.63275210351901, 11.60537566786975, 11.50698315968391, 11.440892498059075, 11.338742750089484, 11.273108871842755, 11.225747375660651, 11.148752536738028, 11.113050672905239, 11.027577264768329, 10.98235758840812, 10.962070711127348, 10.905977553845412, 10.88334345099363, 10.861614623291066, 10.764182292764957, 10.743872598050912, 10.716685503694753, 10.670784814237672, 10.621037461976703, 10.551083380534687, 10.514280756271125, 10.467146552542696, 10.409107601196135, 10.366163742908531, 10.31507353499282, 10.280457320006951]","[92.0531560233349, 83.37711246923502, 75.650494935668, 68.69811192954731, 62.34524754279663, 56.766960855053135, 51.86299850954807, 47.43741059854447, 43.4276346130767, 39.82549204921119, 36.68187614993322, 33.91357677072283, 31.47314042470278, 29.319952920174, 27.38790258051992, 25.611800694315075, 24.09248822471903, 22.85650630486002, 21.758612727591363, 20.893420032138515, 20.118735177207242, 19.477394143895513, 18.90659227658144, 18.467276455261164, 18.004584224698043, 17.65016611427521, 17.367888045280647, 17.16135834126633, 16.932555972267703, 16.78022536964437, 16.625958929917864, 16.534894846494613, 16.472681689908775, 16.389566984417502, 16.33056776694401, 16.26182952855871, 16.24009103887759, 16.21142475140923, 16.20577786630532, 16.183185963123204, 16.162160596252942, 16.111240850980703, 16.11310083261208, 16.105064233526193, 16.09003196740271, 16.070091525637704, 16.054852079600305, 16.078500837077968, 16.03405281658837, 16.036302860137223, 16.049048348883822, 16.034141517192843, 15.996084590482319, 15.96796817640486, 16.019624314106256, 16.044202177834652, 16.04210166934049, 16.038791305580823, 16.042808937039517, 16.0371653590942, 15.991492848883423, 15.969339823768442, 15.996528741901486, 16.01033346545137, 16.00078611411331, 15.986755611934832, 16.02056598770719, 16.010843169389116, 16.001157193777697, 15.976596152928229, 16.003583741207308, 15.99442444806631, 16.005422774558113, 15.983516709847132, 15.967912339988281, 15.9989551925663, 16.00738337075154, 16.001540151320928, 16.02010317622498, 16.001008580711712, 16.07308276719994, 16.079952454172904, 16.046821585883585, 16.046092234430642, 16.04188768257815, 16.03239598711947, 16.025861266412782, 16.03621553354684, 16.046805987694583, 16.042889286892695, 16.05058411139062, 16.04802769060658, 16.04066678911196, 16.028381039282525, 16.012477490281917, 15.987913356814715, 15.971180449179872, 15.962314806693135, 15.977581963060427, 15.985063032690656]"
4032__HARP_RD W of BURKE_RD,131.2641018854048,11.457054677595146,8.247580522901556,0.9383980779206013,"[42.93064186480411, 39.05874966396233, 35.583169309809655, 32.49578470170377, 29.69278971362964, 27.22974806019313, 25.04372087971976, 23.106027377554383, 21.35925445060896, 19.775948093025, 18.370114434645224, 17.157935615938772, 16.108737977658823, 15.171758821697354, 14.323184474992058, 13.602061565902964, 12.989928847661377, 12.456260703627736, 11.945642508853492, 11.54402163847687, 11.182349073048584, 10.873243113253205, 10.624504608547129, 10.370027650261257, 10.159370644578335, 9.966957709245863, 9.802550593016228, 9.645414740540799, 9.510518789746747, 9.390458112149657, 9.296120123617117, 9.188422827667369, 9.095337205331806, 9.006125137145265, 8.915917602925534, 8.835292909866203, 8.778594958394653, 8.690661155198164, 8.652660091979234, 8.607680261187296, 8.530977242312355, 8.490707545809395, 8.434317905949527, 8.396395150104805, 8.354178157842027, 8.284084666685365, 8.23854327721806, 8.215902099433833, 8.159012268256385, 8.112670881294948, 8.075627492837913, 8.016555442345497, 7.926327253013478, 7.874825230613641, 7.848894411412976, 7.81976919243656, 7.78971028586294, 7.737100602528548, 7.69882467579826, 7.6784728462749205, 7.65684926832863, 7.598962829426127, 7.545024107028423, 7.481377174355886, 7.443851372596615, 7.408979144963068, 7.373153835932986, 7.352677725975146, 7.302692487474137, 7.270835540963454, 7.2580072318689846, 7.2145868288120925, 7.184599710006163, 7.145380185186154, 7.126827196683093, 7.108091133844845, 7.0610397254092145, 7.010376744587827, 6.986016733043151, 6.956511596196918, 6.892451863903551, 6.873128353256285, 6.811248361969961, 6.78261845757068, 6.7641880310129885, 6.707307999649384, 6.671018577861783, 6.631813811146154, 6.620419682249066, 6.5850475721972135, 6.550963009311424, 6.5258487890734616, 6.4927344140290595, 6.465472696798743, 6.441094857206483, 6.411822994629458, 6.3892526187734395, 6.35402514508988, 6.336300014762131, 6.292283920945945]","[46.1391694569407, 42.09152218182757, 38.45416032092988, 35.185455650818334, 32.24987526301592, 29.70664727499067, 27.445255619672412, 25.474825661521844, 23.67155588103559, 22.06595662890346, 20.65881178291538, 19.466720312541657, 18.42352266692469, 17.471264359887492, 16.645459470916006, 15.935296927559609, 15.313412043015425, 14.796690190978605, 14.302798705609927, 13.956162570940343, 13.653005658485924, 13.389253321346496, 13.182625462820061, 12.973685050446589, 12.818466159739016, 12.666150146758358, 12.51195158579308, 12.396633956318679, 12.295615965742872, 12.279217019528598, 12.190957158693397, 12.163252551788077, 12.143145706271666, 12.11330075738506, 12.079773395274552, 12.030370599639726, 11.977731921094222, 11.943164580218019, 11.942009082387104, 11.927852217278533, 11.91903875330602, 11.91003560777812, 11.889919017196185, 11.893946556510555, 11.888730796821992, 11.87930035127454, 11.864344209693277, 11.862676423511967, 11.861308193628538, 11.878639464015636, 11.876301775690271, 11.89624754813343, 11.877392545434226, 11.888844343075771, 11.90129487761142, 11.90297765613061, 11.898132094643037, 11.890950499434755, 11.88610990699514, 11.883841597106985, 11.866589031182423, 11.850458800652616, 11.829768140679818, 11.83869557409794, 11.849830718512775, 11.859684255748233, 11.87575897242777, 11.897791608778084, 11.906748385683604, 11.926488728125724, 11.929135112301475, 11.949914790978477, 11.955424525924293, 11.93287345349859, 11.932919286251657, 11.934744929200447, 11.949617747923606, 11.98691621730909, 11.994240959727168, 11.987010763161681, 11.981741702074807, 11.998590395829872, 12.006678973546059, 12.020724176000018, 12.031057319551843, 12.032762346736995, 12.02176426908064, 12.02141799117669, 12.027883424495043, 12.019899677486437, 12.037521627708353, 12.034889738763413, 12.037067290087172, 12.04309892736704, 12.048126001964047, 12.033275632896151, 12.054950698940468, 12.054174454261197, 12.048487414251044, 12.05671403234261]"
4034__BURKE_RD N OF WHITEHORSE_RD,308.11232719241394,17.553128700958524,12.91044103536713,0.9657745504332779,"[90.69332824754524, 82.16818472628836, 74.53669214233551, 67.6193119336039, 61.52195199082799, 55.96065019887966, 51.032169130447926, 46.596876701136146, 42.6136002520382, 38.997677867959105, 35.823354288454176, 33.00818469777199, 30.497122084638633, 28.285808041495077, 26.34915738726789, 24.627362611021884, 23.12778380055764, 21.804650211060828, 20.65346710623431, 19.656006948349273, 18.766343443870664, 18.00811944440316, 17.369186783756827, 16.82584218192813, 16.352332813177565, 15.933082999600455, 15.56097521511951, 15.21986492887072, 14.930077886294033, 14.670080737676459, 14.435364815695083, 14.228243359232703, 14.055859806997466, 13.863485798545911, 13.738092193378685, 13.571530021949162, 13.397207497783679, 13.308508341616097, 13.201515046563385, 13.132769777147923, 13.038284285900032, 12.929017897246743, 12.829962601640954, 12.749507788659336, 12.649104717270058, 12.563555924129856, 12.50844918223827, 12.466800270052074, 12.367723376327662, 12.280109414000208, 12.188374420510655, 12.110112163451303, 12.040544230210932, 11.94764067873495, 11.878080243522529, 11.827200048888889, 11.784517104709073, 11.700050948377067, 11.627713744684442, 11.609417036994712, 11.524126285085824, 11.452056276581454, 11.424491516721586, 11.342809004589125, 11.28635123771344, 11.248681479563189, 11.232128943682314, 11.16010051547282, 11.100733919241227, 11.020404554074997, 10.981749228220798, 10.945231550874887, 10.854257117270642, 10.808764365928488, 10.76859420898163, 10.691883800192914, 10.633973138691855, 10.5831987543069, 10.52503488204057, 10.459159245216167, 10.397077528709282, 10.354777807384966, 10.292220338378407, 10.21756179471433, 10.177747249452324, 10.141777218744949, 10.091371156666018, 10.041958056837682, 9.995600984100491, 9.914317272149276, 9.88646608243403, 9.84027840604053, 9.79239066465383, 9.778032837251502, 9.756684697747193, 9.706675616646628, 9.655942181693996, 9.639252984642242, 9.593140455938832, 9.549046152670492]","[97.14175410722544, 87.93817843249711, 79.79670379428522, 72.35721624178386, 65.87561767140478, 59.896733649799785, 54.52125374639384, 49.69627981689939, 45.369640250139376, 41.50182095070147, 38.08204085635913, 35.0290300230151, 32.32534369579875, 29.977778940707278, 27.842416741539974, 26.03574570159536, 24.45310745937238, 23.098217173976686, 21.882314153704908, 20.875265278428696, 19.998112284878577, 19.228085863208403, 18.55208777684725, 18.027710341987, 17.60178519662799, 17.235167806330246, 16.874144574669174, 16.593901652858506, 16.353772232487245, 16.177936502950576, 16.022238055532583, 15.823338501357831, 15.732645350668498, 15.64712799004688, 15.561622240919686, 15.46548465676491, 15.45680136914015, 15.409239458213838, 15.398569122051846, 15.369504208890406, 15.366304277599417, 15.350340445792744, 15.325441143066763, 15.287249335380219, 15.31188965091698, 15.306445259224782, 15.315077357135982, 15.295597405218851, 15.272312798410441, 15.287752396937293, 15.32454913198158, 15.317391872445972, 15.278263611453362, 15.286291461141875, 15.312002834064362, 15.31622058142769, 15.301202721281069, 15.311591448863448, 15.324141105924216, 15.308427455963656, 15.286231500422474, 15.293114112708148, 15.32171845014039, 15.30743823112639, 15.316491219084295, 15.312625362838416, 15.291949980920892, 15.327176867295991, 15.325744699548569, 15.371595303137722, 15.370236937866158, 15.37110315675539, 15.394545334324388, 15.408261229739223, 15.426083700767768, 15.444490140141927, 15.429409525789039, 15.478186810190227, 15.500204077071277, 15.518714547617272, 15.545087733486909, 15.550208765725015, 15.54497207994817, 15.533068706501954, 15.553571119939107, 15.561384249426267, 15.561910709766897, 15.576231400314564, 15.580947314358797, 15.560643035746686, 15.54849147662563, 15.533715264217907, 15.525927662083216, 15.535920778961327, 15.534079705486354, 15.523184448790387, 15.533583509629889, 15.536130770331457, 15.53694010985945, 15.531698457693373]"
4034__BURKE_RD S OF WHITEHORSE_RD,332.10831178500507,18.22383910664833,13.530399650402284,0.9618077980618736,"[87.25670044669762, 79.12632942620768, 71.84983230356734, 65.34477266116555, 59.49537065608693, 54.23421056562842, 49.54707063279306, 45.3231015894446, 41.5721204968479, 38.20162534779231, 35.226568292175116, 32.559847359638646, 30.20625651293083, 28.18860367899999, 26.36299593380543, 24.77811986123846, 23.40113356600268, 22.13076942300565, 21.05760099682931, 20.184650781243626, 19.392582173136656, 18.70909349913936, 18.1180368194239, 17.57174694531349, 17.102731086387408, 16.703443443779452, 16.36958575850743, 16.07211761334203, 15.777967658241963, 15.538021029641266, 15.24686997010762, 15.03160989914002, 14.868506796530847, 14.706338834596696, 14.553141539264544, 14.382499535763511, 14.246082397633046, 14.148174271441977, 14.072621986164766, 13.933989310294178, 13.849993012141196, 13.740417343593727, 13.633819538895757, 13.518248251621381, 13.412410970984816, 13.323452428654505, 13.234806887829368, 13.157304244261104, 13.082335652870132, 13.025974752198007, 12.947115091754744, 12.864334747985168, 12.770898653614971, 12.704991867014032, 12.613137596147396, 12.545136581375573, 12.493626394221465, 12.443702901013772, 12.322860636014042, 12.282540438118174, 12.240499682078607, 12.157878578997353, 12.102112505718793, 12.041344583399013, 11.986449114675096, 11.944940310006448, 11.908139921866848, 11.845037936665422, 11.806639189608205, 11.775071889584394, 11.682927948650281, 11.616980910161878, 11.563643763928617, 11.520784333072301, 11.484708396600258, 11.388123799650016, 11.33405180750773, 11.268738371068457, 11.214372018772211, 11.167294055067126, 11.102653095467723, 11.02558223865779, 11.000665608655902, 10.916579641693314, 10.880600757487183, 10.847949002228493, 10.824611994877456, 10.813620620786098, 10.744307602777731, 10.716237975544313, 10.668258496641938, 10.591123852567698, 10.55790927170795, 10.501798256430382, 10.454987997744032, 10.398093419442146, 10.351466704976971, 10.303744715895748, 10.258905419422684, 10.21718790169576]","[88.84736796260674, 80.60550763592803, 73.20308332869388, 66.60118076644865, 60.5618755571367, 55.15147200283529, 50.329781429144134, 46.0318828188232, 42.2247359650524, 38.814519300750554, 35.81541202272472, 33.111880771945636, 30.74478987228097, 28.709998863607304, 26.904619542450835, 25.35923673318778, 24.031229593587017, 22.83858931311006, 21.847552544010696, 21.029194419120135, 20.282836838583478, 19.665056398098034, 19.195559075827983, 18.72635480955954, 18.36886154775176, 18.062608836626428, 17.8354062706304, 17.621126156359043, 17.489680977773126, 17.39635692596137, 17.276578326356862, 17.15691198898521, 17.130232017809952, 17.07778502613619, 17.0161912060065, 16.99574835585543, 16.957985519039937, 16.929904786582327, 16.892087301742055, 16.94023133240004, 16.93894405186231, 16.92599231912772, 16.92230865377791, 16.884877816535976, 16.872764877657318, 16.8711512701468, 16.808428917324115, 16.8587130346058, 16.846233717959752, 16.8543574401857, 16.84819857693321, 16.86700008990904, 16.888131598342675, 16.860497579692694, 16.868619963789918, 16.841209166849954, 16.843984099586077, 16.875056843570533, 16.89919746416071, 16.91938427902292, 16.906431756830052, 16.869505682432155, 16.88196555700074, 16.871580486525108, 16.877128890129466, 16.883782387985473, 16.87974648455273, 16.887100520524285, 16.867532698282428, 16.865948962759614, 16.873981185750697, 16.862746227689396, 16.889938198582314, 16.897277805451676, 16.937123421814935, 16.92502459673914, 16.910317917326843, 16.91638570611871, 16.895219447075764, 16.897178918396687, 16.86892320294484, 16.855971251214704, 16.860816127751338, 16.842990134485518, 16.833094742507523, 16.832904177982105, 16.826497410220064, 16.823341912310276, 16.811781105434182, 16.806114833659006, 16.79214833259872, 16.77143084392795, 16.768649255949466, 16.798222869407017, 16.807784123561586, 16.812461158129047, 16.83759248063252, 16.84386869476797, 16.8678144507627, 16.86781511486672]"
4034__COTHAM_RD W OF BURKE_RD,151.93462528609166,12.326176426049226,9.21035970998614,0.9356954573473613,"[46.53170899111729, 42.338496283895495, 38.58204187498022, 35.20888385208672, 32.18717322838258, 29.46849221453294, 27.053132216235117, 24.89237745600201, 22.966270214410013, 21.198477903779306, 19.67296468456471, 18.348752995851637, 17.17325832246695, 16.142035082570157, 15.239269718402323, 14.426535471425927, 13.718052633392107, 13.12455519797561, 12.609865959477268, 12.135836783531081, 11.731173706616106, 11.377088623782425, 11.096385393454069, 10.830916985975332, 10.599713215170315, 10.387781213824017, 10.21026860942593, 10.045104646997299, 9.924288163919247, 9.780123466946886, 9.663505341519581, 9.530722730671016, 9.414553705728267, 9.330049771477766, 9.246778708851705, 9.167121165666025, 9.090477911175071, 9.023586421322879, 8.966135558885643, 8.925541156603124, 8.851289638106401, 8.788188917890048, 8.729527752899665, 8.683763150207286, 8.636863784125973, 8.618646515954289, 8.577198307458367, 8.49786310635741, 8.45895971948262, 8.404873182856063, 8.380441125116166, 8.334193702866651, 8.302092315600808, 8.273024588077257, 8.225689900039635, 8.185848744502657, 8.170790567199347, 8.119314924782756, 8.054504277573832, 7.984907522484282, 7.971316969657246, 7.945045285431981, 7.924585786761903, 7.868974704773858, 7.824791271294845, 7.8015294648523525, 7.793229732561093, 7.765602534617207, 7.7497864518964805, 7.6970075856224405, 7.679376142719098, 7.6264869382921, 7.581824630670115, 7.553465220157193, 7.5412549615628635, 7.507892650939032, 7.468276057982936, 7.435889086669652, 7.387730761252236, 7.353642725235818, 7.310710133916642, 7.242610474869321, 7.210311365007092, 7.179739812382753, 7.14726420248243, 7.104657914172444, 7.033353107078473, 7.024613783492287, 6.978290098269239, 6.965383010813646, 6.922318924925277, 6.8967746981563804, 6.859697303600897, 6.819015217604285, 6.774880558983412, 6.741047396871243, 6.718860578846349, 6.6954228519065895, 6.668962458018445, 6.641195225299361]","[49.57198695031996, 45.22854444976439, 41.38772562102062, 37.902420182351776, 34.761674691112596, 32.103950476882396, 29.725234850262673, 27.587806168427942, 25.627183090641463, 23.787730226471755, 22.235992030146416, 20.92379093060776, 19.78693736479801, 18.77636289654242, 17.972422829736377, 17.180970371092048, 16.580772334143617, 16.01151712801822, 15.510334356726977, 15.080379521341483, 14.749950602455883, 14.448347398961886, 14.228579233465204, 14.002725725910516, 13.815433955477962, 13.677374380371338, 13.57657944093008, 13.432197421529596, 13.35568610728633, 13.288861766707956, 13.239562778930564, 13.13856994098415, 13.087027156713495, 13.068683097324625, 13.015477117342895, 13.001875110329015, 12.989943934908757, 12.97849147202442, 12.94328750705037, 12.9433622901827, 12.949669418755995, 12.930630674625496, 12.920555183291446, 12.907316452884197, 12.896863702881225, 12.907645386851762, 12.91999286932286, 12.919350506985198, 12.902792967351168, 12.904829315152492, 12.902081908258396, 12.884261705121563, 12.895717391537675, 12.879236798827709, 12.877316838572847, 12.886945950546359, 12.884371338688924, 12.89123515240939, 12.87724739521483, 12.89252141888509, 12.891032336073316, 12.899865342961549, 12.887879952371707, 12.881633989331297, 12.869110037612156, 12.877017859492273, 12.877926520500532, 12.87958042787703, 12.88062830909263, 12.901478787513673, 12.89096087771356, 12.878759636131901, 12.873548927551061, 12.875220437472459, 12.882338986402804, 12.862866309294366, 12.874449235814149, 12.870779266944218, 12.877453132890725, 12.860647550119696, 12.858790568820181, 12.86889559969761, 12.848358551644884, 12.84497005405048, 12.834296570463186, 12.834554375893495, 12.850668348895436, 12.84961674334405, 12.847385512557892, 12.846621261913155, 12.873778903428901, 12.868258943650163, 12.862702973006678, 12.86759272471704, 12.860690222421947, 12.849118200861326, 12.843422135907737, 12.85013212968617, 12.86091550285005, 12.869410357398978]"
4034__WHITEHORSE_RD E OF BURKE_RD,139.78477565130865,11.823061179377728,8.791844395841105,0.9582110141859971,"[57.026803687168815, 51.77211126394713, 47.03169559313686, 42.78009341730112, 39.007469968864775, 35.54565173357399, 32.49338915666299, 29.77135620014451, 27.28648845905879, 25.085629856719827, 23.16618043383661, 21.42866044400316, 19.907117066783968, 18.575654067934092, 17.40644396008592, 16.357971566415692, 15.484467374964341, 14.674364618682333, 13.967430050252917, 13.392306040802206, 12.856216274568196, 12.389898485322293, 11.998407899553058, 11.666989077087042, 11.3501773113386, 11.115729053367813, 10.887963455987187, 10.673623883739008, 10.513883059779465, 10.359936004187437, 10.20880756443644, 10.095003714997851, 10.004987286545422, 9.899537531163924, 9.807970709170862, 9.726462267300178, 9.6314374917059, 9.539698829324001, 9.465980659321714, 9.366563714760131, 9.300167398366124, 9.255019616572312, 9.179213527529736, 9.123379619335072, 9.058183901318227, 8.985821200895437, 8.915768670728196, 8.853612939100625, 8.78847207689683, 8.746405735961766, 8.692626214826896, 8.643068829815387, 8.586547865038542, 8.561995568208689, 8.543142235525202, 8.510201237273629, 8.483234034293593, 8.415957963268589, 8.395835037952482, 8.380133836132002, 8.337090849845131, 8.302187712562192, 8.24336323574102, 8.233527715808913, 8.179333379304898, 8.117882406983641, 8.060518940476893, 8.006806346684415, 7.98119700079682, 7.922137497695335, 7.902031604521984, 7.827916728633242, 7.810965091884084, 7.752843252375657, 7.7213232472502575, 7.691707179697072, 7.676790612032671, 7.65610209033389, 7.649096619448374, 7.592163836317564, 7.577767718219614, 7.537272849844821, 7.461962758625245, 7.449281271000325, 7.440393655334203, 7.385618358056751, 7.36104989714831, 7.319428415129753, 7.2895258766951, 7.249615539314133, 7.217420890971046, 7.206190262493853, 7.184370169996949, 7.161454211496318, 7.104372010734584, 7.068396250856604, 7.033462202458352, 7.0025850440042126, 6.960129969641863, 6.901443055945079]","[64.1739032521184, 58.381711389529656, 53.12035863199657, 48.37161024856668, 44.279955340464014, 40.428379295055535, 36.98315190626525, 33.93503221859479, 31.144794434926425, 28.646681013170024, 26.45073552097962, 24.434242953684436, 22.727995200893787, 21.191169481092807, 19.920489610343683, 18.72287007854086, 17.728280653319686, 16.865147555459004, 16.084833824621068, 15.470511918801703, 14.8922612327165, 14.384670413132351, 13.967147947738313, 13.584921687256408, 13.192452033777869, 12.947599644981217, 12.69239918592024, 12.476801244874794, 12.33241318966108, 12.18875366944857, 12.003522232211411, 11.900046800657599, 11.844900876219961, 11.74898407588341, 11.700890790513231, 11.6667579315864, 11.609607617423958, 11.582635500463203, 11.511001610565446, 11.46880610484956, 11.45436212155439, 11.43619809768628, 11.431625782190492, 11.405165318885505, 11.400001241604848, 11.414191683518048, 11.37290249772443, 11.382984804785444, 11.39334958687237, 11.357680794529951, 11.35061809190033, 11.337355583258026, 11.334183092933916, 11.32793128168866, 11.323711211954356, 11.326815291343681, 11.320834958224298, 11.3107483446189, 11.309167001163326, 11.321133317246032, 11.311431425309694, 11.297118760815763, 11.301189900244657, 11.299136217310952, 11.310323962058893, 11.325453467320513, 11.330808555962138, 11.329368565101888, 11.320471598666465, 11.315184861597197, 11.303132358283257, 11.303298384461424, 11.321813019113485, 11.334908628883621, 11.327320902803217, 11.340001020713132, 11.340431044273373, 11.344516571244856, 11.339859920473874, 11.365392859352847, 11.357065865479122, 11.365328549095628, 11.377224353611703, 11.380319570732587, 11.375027379222239, 11.381169990374701, 11.369014067270502, 11.371921472619855, 11.368875158076245, 11.375210431864746, 11.359436296114865, 11.375140054261806, 11.389640767310587, 11.379242226003708, 11.379765557679836, 11.391953922036821, 11.394559501765647, 11.386190218370196, 11.383407357385776, 11.391257135949399]"
4035__BARKERS_RD W of BURKE_RD,195.84187072662434,13.994351386421034,10.32727907373664,0.9588197503192605,"[64.06592026214582, 58.10239538413673, 52.79910256148519, 48.03528866421845, 43.84508641444546, 40.017924104469635, 36.5833906132901, 33.534424473081174, 30.791017872345122, 28.373279775740773, 26.21963406547971, 24.306649884335645, 22.59453589612192, 21.10794047481189, 19.773551173937065, 18.59871605626072, 17.561650953213025, 16.6447967128413, 15.832948359624082, 15.150361781801772, 14.567385307898643, 14.047357185464994, 13.56897904049455, 13.144912649835762, 12.788431053137177, 12.48051097102228, 12.180161621044595, 11.942095055421104, 11.720938061665418, 11.52184830462699, 11.346331093827814, 11.206156742877548, 11.067782284468707, 10.96245485951907, 10.86194843737898, 10.736100521150146, 10.638321332561445, 10.548704550228871, 10.454064152658706, 10.38458500122042, 10.318554264812947, 10.250823384481556, 10.178439247932467, 10.11552688339236, 10.039989615581687, 9.982787773051037, 9.910832765482345, 9.825295728375252, 9.744952847067184, 9.642120943612001, 9.594451035175183, 9.51243591772273, 9.413850513767857, 9.364338690602287, 9.316159829297503, 9.231867231159852, 9.179494739620932, 9.086350927962942, 9.013090851147435, 8.954599346913865, 8.90604548990191, 8.876956663454079, 8.793694570346705, 8.72671317849174, 8.655095508270513, 8.608649881688597, 8.581838979768406, 8.540454491628434, 8.500844470316583, 8.435421590659084, 8.371436244808413, 8.327412674623995, 8.271434285663567, 8.250035918247987, 8.185697470185861, 8.14944823841721, 8.105039457149616, 8.037188319269443, 7.96347320718107, 7.907262453308924, 7.8447945919905315, 7.777807222997779, 7.744572444799288, 7.688830650757407, 7.6437635515824836, 7.596214918591911, 7.561420701620896, 7.540408207963106, 7.510021314506223, 7.464598027558863, 7.417838294548753, 7.39389413366828, 7.358950310136292, 7.3245275759400945, 7.282741247876967, 7.266913446380299, 7.208323051483012, 7.144819557657417, 7.115509077292578, 7.0879710283152395]","[69.59787323622695, 63.24104006660593, 57.64608801867947, 52.53323571288204, 48.02502265764927, 43.950307222665636, 40.33855702769284, 37.14644641406439, 34.28256505725943, 31.736963502930383, 29.439470823851742, 27.44189923983572, 25.628219400489222, 24.087839390615816, 22.69664577980666, 21.473062686816405, 20.42447383536629, 19.51153482867821, 18.666657663571957, 18.032160175976937, 17.46511463685523, 16.930889156227465, 16.474047002780516, 16.07146608751234, 15.755028016218034, 15.471039843165421, 15.151218024300084, 14.94882005984984, 14.784388497663526, 14.624632056714901, 14.532902676420264, 14.443759261816043, 14.35010802476157, 14.261358757368164, 14.214772737024518, 14.10216732607577, 14.023779342338086, 13.97228092331331, 13.9881548019118, 13.96019689948068, 13.9146024994952, 13.878318716976864, 13.876534086659781, 13.859034598400816, 13.842310342505451, 13.82346332003588, 13.813911030469253, 13.846515059300868, 13.84236831148097, 13.80253715521543, 13.807262401956296, 13.762414001822481, 13.693692034588366, 13.69601791172642, 13.696298128805223, 13.635438905578082, 13.640007834094577, 13.617258055415347, 13.600410474993389, 13.598085673468608, 13.60331544363541, 13.571605519376215, 13.577940021966837, 13.587525471302898, 13.564392046270973, 13.530721212853951, 13.546996576178586, 13.545541677937914, 13.575212634557916, 13.567795923951468, 13.543687228322035, 13.527876827397384, 13.510359942974775, 13.510063927880985, 13.498701278242011, 13.483080767579093, 13.462509522454278, 13.459611881566358, 13.477917480072279, 13.476201090839078, 13.453693253656077, 13.471626727169596, 13.472570734755593, 13.435866932390411, 13.455503354603357, 13.46506705439636, 13.463100208785985, 13.476673149473365, 13.487471529523534, 13.484762246939674, 13.48233579228604, 13.487997149740986, 13.489211997783773, 13.488169302789512, 13.49372726169328, 13.491568117047017, 13.478048358217631, 13.48559792889292, 13.494067664208806, 13.490660697312856]"
4035__BURKE_RD N of MONT ALBERT_RD,278.6077447304798,16.691547104162627,12.726072670368666,0.9597214864018658,"[80.02876562759072, 72.59124146861402, 65.91845460443781, 59.9360453106591, 54.62972428764665, 49.82234303241257, 45.55096314787936, 41.728327060564496, 38.283817260681865, 35.20503297127321, 32.50411968563966, 30.128512218822703, 27.99640322527511, 26.159820995120263, 24.549292727720825, 23.092477019311517, 21.873570941594828, 20.816093485188922, 19.86816731467017, 19.05854833461361, 18.351355793610335, 17.74188028899968, 17.22681751150902, 16.770619546439193, 16.392552945280933, 16.061914379628956, 15.767194109535083, 15.499443122063147, 15.23040676527732, 15.028368272500986, 14.858511821130552, 14.684074135290569, 14.514257913359915, 14.362801932242006, 14.230460033043004, 14.084928390489834, 13.988081688209196, 13.908397141910463, 13.829469352153474, 13.734999235075424, 13.64889650543156, 13.56742358891169, 13.496999675756477, 13.420814063888457, 13.327035360422734, 13.236982018997873, 13.176852152963237, 13.0686915286911, 12.993780711827439, 12.930565748580428, 12.843047747428999, 12.757515349104143, 12.729644657268231, 12.66121976116977, 12.623972989842821, 12.585081027587744, 12.551571736961806, 12.472654799785094, 12.44156288356252, 12.347516510157675, 12.287094444599045, 12.218407714227647, 12.19292356840472, 12.162909481955966, 12.083081328929108, 12.049909356320482, 12.019728611337928, 11.93446954111866, 11.860917287084147, 11.80315308640782, 11.757417351045557, 11.686709823896773, 11.598165134976592, 11.555278185139889, 11.526102952906717, 11.405291660936077, 11.390132439359641, 11.331268789653608, 11.241294502584324, 11.164713144661134, 11.096390156842673, 11.031518425212868, 11.00721092251966, 10.9256055751848, 10.900570668933721, 10.83298885828633, 10.788261207503023, 10.755439498032315, 10.72094676691598, 10.67326868493071, 10.630544935545082, 10.582973760732045, 10.556507259422814, 10.52769629890469, 10.469690723419221, 10.42599153101225, 10.37864733259741, 10.352207114026665, 10.296289035791812, 10.27352500291344]","[84.63840666882261, 76.69395609915038, 69.60576568839689, 63.21871265061569, 57.534640352125706, 52.45882856777721, 47.86418417092442, 43.73963418010116, 40.16628080982437, 36.91950794437549, 34.10653558759087, 31.630983514479343, 29.404031753926905, 27.52548775338815, 25.874037921524042, 24.40391834444253, 23.191036852973593, 22.111834807577758, 21.22018140538772, 20.43443866644172, 19.7040342609073, 19.13187322312905, 18.651995751895, 18.280484870653254, 17.88574796426808, 17.65333048342924, 17.388515044453396, 17.15075893212034, 16.97925701698104, 16.835715010287455, 16.702498735158258, 16.61517764354179, 16.522358404671138, 16.499377807801853, 16.470924164717754, 16.40216691286495, 16.353194610117882, 16.324214020284316, 16.330007717763923, 16.315657328760327, 16.26897521582029, 16.256160025022055, 16.27788680975385, 16.287476054419976, 16.247509832644432, 16.262355168148563, 16.260302521004444, 16.234820638519334, 16.217266504993006, 16.18758008817732, 16.168769421177547, 16.164221356049314, 16.1765683018391, 16.15341320840785, 16.16199884497544, 16.157762639990203, 16.13829063600797, 16.13927566394658, 16.172933014236758, 16.191897948992757, 16.20211035275544, 16.187362394529508, 16.2041623156327, 16.19943773100305, 16.17223939140745, 16.225206253366718, 16.235502241996763, 16.201547172704043, 16.18860653215988, 16.18722171713636, 16.187586556828908, 16.180504245236094, 16.184148997845135, 16.167292302464634, 16.16485496196762, 16.174199725682058, 16.19395227425426, 16.1972040620657, 16.198020924679692, 16.228878900464125, 16.240887292847862, 16.243885919834117, 16.26216866531573, 16.221469950255102, 16.228717793283796, 16.241284436643177, 16.23306439531013, 16.240217409896747, 16.237616330700124, 16.25397601571097, 16.260830296906423, 16.25756964463893, 16.269640033209036, 16.260145898793496, 16.26230690654496, 16.256215635969127, 16.242222139656487, 16.24632552173204, 16.23215149346786, 16.245476635216182]"
4035__BURKE_RD S of BARKERS_RD,226.71845139626498,15.057172755742194,11.517795766337533,0.944433049635172,"[60.16918958997433, 54.71453288038071, 49.77840934698542, 45.42172225473209, 41.525752622055, 38.00344860703017, 34.886988853576256, 32.114510706397176, 29.592108443665754, 27.352345134128658, 25.410824008185415, 23.680225183288645, 22.1481304507349, 20.818037867576592, 19.699336741237797, 18.678601596686924, 17.796708842188085, 17.03494611251195, 16.362153572616005, 15.804581303627657, 15.318596978241413, 14.9083846506756, 14.549931806097616, 14.219562727588952, 13.942762099327387, 13.705643893980099, 13.477725819176332, 13.259000280338391, 13.07570991893339, 12.89432820912884, 12.746212851693162, 12.647779760993231, 12.548095917559422, 12.452055366565773, 12.339152005764541, 12.246577588281523, 12.150000014454562, 12.062281469373401, 11.97250167846733, 11.8498125680758, 11.784252880599901, 11.6857697530437, 11.591578889782063, 11.511607910976334, 11.453488347329435, 11.38639860866, 11.31857609272744, 11.270045675161573, 11.208356422600621, 11.132034335006619, 11.02956221683514, 10.970274279685013, 10.933397314259116, 10.85789273348951, 10.78135917947079, 10.712434503648476, 10.619235333529947, 10.557117232420564, 10.4994391323556, 10.466122214319851, 10.437635907804802, 10.413999182948608, 10.381046139325605, 10.288489456470012, 10.210637644130747, 10.161692381698114, 10.133741373936566, 10.108699956001328, 10.04519359686577, 9.973814126073535, 9.933336727071282, 9.882438531485, 9.812707864550877, 9.741820532974337, 9.68137000535301, 9.610430134968171, 9.58972865206597, 9.544707433536319, 9.522147327779384, 9.47227825765906, 9.433268918414742, 9.386151237703082, 9.353329829548958, 9.32927213993724, 9.269288580811198, 9.240163351879213, 9.206348768812333, 9.182576551977835, 9.116602800137525, 9.049754150416076, 8.979340813815949, 8.922260827786229, 8.861154052341389, 8.792809344528157, 8.760805242732616, 8.720831199624701, 8.681788250716172, 8.644093341551708, 8.61653510877028, 8.575441579621064]","[60.74851588271471, 55.254858577366676, 50.2654589171332, 45.851317080001024, 41.84833859879434, 38.320788465095326, 35.181913811912985, 32.37281303047247, 29.804727860387473, 27.581072787068837, 25.66927720822481, 24.00404098234314, 22.565830465881653, 21.333089669219497, 20.263336405029165, 19.30888428147362, 18.523871485233176, 17.897052399654296, 17.3340312703541, 16.88551472476419, 16.46738869223339, 16.13979229767176, 15.867139307047616, 15.595926244192896, 15.398790588369856, 15.231569953448835, 15.071480672438508, 14.9743002282175, 14.8888319978281, 14.794816223381792, 14.704575496080968, 14.65210363085476, 14.61082392106606, 14.57350570206193, 14.533371070013782, 14.509546637768448, 14.481309065576704, 14.457190071633063, 14.444861398071579, 14.438776715279719, 14.4098381172577, 14.40896011781174, 14.448191727559369, 14.455385010793528, 14.459108591294909, 14.451737105851224, 14.453317427788846, 14.4568628372266, 14.43832705369943, 14.417580782648043, 14.403775771712564, 14.405629086552002, 14.393732582798407, 14.368027990772939, 14.336526500931887, 14.35218970063098, 14.31127794401613, 14.318896100357444, 14.343710255033823, 14.344277054040734, 14.342687884170445, 14.3494336430941, 14.336417836687367, 14.338717448375286, 14.329623088695955, 14.318754858166457, 14.305271610706043, 14.301016449331769, 14.286898938846702, 14.286006428717517, 14.288492085530644, 14.278931513336108, 14.295328914424902, 14.32135335225044, 14.309243636992946, 14.322311782545986, 14.332263981849481, 14.327902072707072, 14.341937573304248, 14.350806656118724, 14.345082935340743, 14.344063764898555, 14.335475203125727, 14.331015375977659, 14.322654729139558, 14.32277269192577, 14.335407076448684, 14.337652337758067, 14.34930443353204, 14.336801974708003, 14.305922903094713, 14.347633929243269, 14.34534631756645, 14.340728784504984, 14.34570581399159, 14.342459025483048, 14.330223789038742, 14.326426489982607, 14.33242694779374, 14.327642716988002]"
4035__MONT ALBERT_RD E of BURKE_RD,225.12548938222724,15.004182396326273,11.210157142596298,0.9329813864821241,"[56.09551459945782, 51.042311488845314, 46.57055442384763, 42.553100983702464, 38.94774131118121, 35.691633885994285, 32.80595842456329, 30.240364374106584, 27.9229673472926, 25.878397722997256, 24.12462685516349, 22.52103517063331, 21.14863477115928, 19.934317184290055, 18.869199206493636, 17.936764685752014, 17.123144219906113, 16.447035626923185, 15.826618957033777, 15.299947624993534, 14.84855401113253, 14.45743250647924, 14.109269131990514, 13.817511554726956, 13.56488376822739, 13.330050895007986, 13.127097438375445, 12.90355988014594, 12.75422018325627, 12.6170839690582, 12.510916826879663, 12.380914741652491, 12.266266555806896, 12.161520930852843, 12.033946871675777, 11.946529665367605, 11.820815103593754, 11.727976595566314, 11.640766279782843, 11.60344201089519, 11.536619518463425, 11.430409532501706, 11.347270281111996, 11.274912541074437, 11.183217358773609, 11.082506081437973, 11.005744850726835, 10.974707469241874, 10.920675510765326, 10.884638249112479, 10.809154920653329, 10.740647657330372, 10.703057697646994, 10.643041851377053, 10.594777671782976, 10.556178671707551, 10.495249045577783, 10.424149229078617, 10.395165324659237, 10.366706165156758, 10.326509711559488, 10.268311930536226, 10.222839992222054, 10.154327351420612, 10.100370936244216, 10.062800772141852, 10.044685608046544, 10.031378364432662, 10.011675013645279, 9.945374504946761, 9.851562932554964, 9.742293865549478, 9.691960963865455, 9.63220016680844, 9.556890591525786, 9.507657176848317, 9.462435002675395, 9.415515040190078, 9.368575634282235, 9.315811870237365, 9.24747751113489, 9.210612417488411, 9.128280590979868, 9.065833916753048, 8.987509033358807, 8.945839140471953, 8.921504259429156, 8.89093230394287, 8.863839694941463, 8.839632138073645, 8.809068121499681, 8.727480658370972, 8.677916679700166, 8.65209107800835, 8.615751337160287, 8.59367930395196, 8.535546596030247, 8.51692646154224, 8.466372049408449, 8.43063069799668]","[62.47823656910413, 56.96469797895652, 52.081531939405096, 47.69532172166733, 43.669608073559516, 40.180532617948145, 37.022699436045144, 34.17817092910226, 31.600012096151858, 29.466050854287325, 27.62368331562795, 25.932492477795773, 24.426226467973414, 23.09438932373813, 21.916336989817896, 20.889964513985948, 20.019799473801353, 19.311736088063796, 18.61908989990407, 18.04846650941397, 17.635423360056354, 17.163061552142803, 16.807118900890966, 16.50037148131643, 16.289398372373327, 16.075145287889402, 15.88012258644235, 15.69662236977388, 15.600567180495025, 15.518502589014393, 15.457080210619875, 15.30821582225465, 15.237716535861589, 15.167968543136565, 15.145671882147228, 15.119140779866928, 15.0806582454002, 15.069302276591399, 15.036640257010333, 14.99470531449554, 15.014027862324731, 14.95558151827347, 14.941163345709287, 14.932293751421494, 14.948074305617867, 14.92626690743494, 15.01694413376641, 15.026311610830952, 15.026498303436178, 15.039249536234118, 15.03204788395453, 15.039311463504063, 15.00199479191188, 15.031284531661152, 15.014956948575993, 15.019031912355253, 15.00315483202196, 14.998010444971818, 14.988664501402988, 14.981102032256741, 14.970996765657544, 14.948331636499104, 14.918630871227572, 14.922655605158779, 14.949640174665507, 14.94996295550048, 14.95701077293867, 14.98442159573626, 14.981754956101792, 14.986529951079634, 14.965893836148648, 14.91067295691391, 14.914561950847602, 14.897944343512503, 14.875710327424965, 14.908247156891628, 14.924106353948458, 14.909481259034672, 14.916286730773514, 14.933294543696958, 14.928060833745395, 14.952906398642154, 14.960135597480297, 14.948681463222155, 14.987023379068573, 14.99316675066362, 15.021237701146617, 15.038696962553315, 15.029151278637011, 15.014627473778829, 15.032737716845173, 15.007466393998428, 15.018514479115577, 15.0193030106697, 14.982673811085354, 15.002600021823637, 15.02887997541112, 15.042821509955479, 15.037250833209422, 15.028389322526232]"
4040__BURKE_RD N of RIVERSDALE_RD,184.8006995073864,13.59414210266269,10.361526987525854,0.8954358573183631,"[40.62569464935814, 37.00375075020247, 33.78110485655677, 30.914666641427708, 28.393460262553194, 26.095016344481778, 24.064042582146804, 22.25159167740177, 20.6667394224157, 19.257129824734154, 18.001504954659655, 16.923334391885074, 15.994581232761918, 15.196956697946622, 14.493419231005264, 13.875495626986396, 13.355961601611737, 12.87791199011504, 12.471987484998648, 12.123771014867478, 11.817905782097824, 11.549991809878495, 11.323180654821137, 11.123489229275775, 10.947042853240909, 10.799719553792142, 10.651112383806842, 10.520024854461468, 10.412762822072542, 10.287587353461218, 10.20177391064595, 10.075355444162795, 9.991754566766291, 9.901127424291575, 9.82781374540273, 9.761753825375596, 9.695228998474887, 9.610698846895106, 9.523585813334044, 9.441124604489454, 9.410610717009378, 9.341953579959586, 9.266566543340442, 9.201756303588667, 9.154789104479786, 9.117100322627099, 9.085404978051075, 9.039944510578602, 8.984215507760164, 8.927002860334348, 8.874758442589977, 8.80012429102957, 8.73979103653142, 8.710012385447225, 8.666963538781758, 8.639049613149156, 8.547330595499378, 8.494979775652792, 8.443251445004318, 8.422458150610224, 8.381267333876204, 8.359365765949004, 8.295321336257205, 8.257384048009389, 8.241186033645006, 8.171262686380718, 8.12377760473805, 8.068365596809302, 8.03282398449658, 8.003807117624904, 7.9621901375574735, 7.8984155294428255, 7.861055875338588, 7.830004929353884, 7.785601169396318, 7.774073132089215, 7.7567120299033725, 7.74975155900072, 7.72659030255613, 7.701356168325275, 7.644605720469099, 7.620850611795064, 7.588431668542351, 7.539887472729288, 7.4931718310345525, 7.4816775439466, 7.449761186546772, 7.3939925771035915, 7.340805916304559, 7.313252871877784, 7.300220570173569, 7.273992712369847, 7.238320087800563, 7.223835938847303, 7.200055508143644, 7.154264373930803, 7.1200557789359, 7.093812315709694, 7.053797024564836, 7.028401139545843]","[42.233140009054665, 38.40334244515516, 34.99117845474161, 32.063591461545414, 29.380394055497753, 26.993677036192114, 24.904853957149907, 23.073030824746805, 21.47530410729208, 20.04667772236253, 18.79386735326073, 17.694400588235123, 16.785448721711827, 16.016796847826633, 15.35487731694605, 14.765913329348072, 14.322906435618574, 13.904386757860626, 13.552906426121746, 13.292905378697974, 13.052681269107302, 12.857251369261867, 12.710353108444854, 12.597902499889583, 12.49562280648042, 12.386129663031177, 12.322996184499408, 12.267448673295092, 12.236066086059132, 12.207490271911862, 12.183884205014628, 12.121405538983696, 12.100686286217258, 12.113965839777986, 12.072467220716664, 12.065629285950351, 12.055151523188252, 12.060607139911959, 12.044951026743425, 12.027428798064319, 12.043403605970674, 12.051669037960568, 12.055271866404716, 12.061128081213033, 12.07167063806867, 12.06863939881493, 12.06151909100029, 12.054957938496178, 12.06315664492169, 12.052928589793593, 12.067624874010475, 12.086217584456591, 12.094706041856544, 12.090232611607423, 12.093788127505439, 12.092111838057571, 12.100175562473384, 12.113369757703797, 12.08699386792725, 12.08497661648613, 12.092706224345068, 12.089219632390478, 12.104680844504228, 12.089324928332635, 12.092048855855449, 12.099722272565721, 12.107568904915093, 12.113410363380464, 12.0957011747946, 12.10337664020209, 12.107102414368988, 12.076698379656744, 12.078230937461562, 12.08843780177767, 12.092146982497056, 12.088617870051845, 12.086808396797071, 12.08238803067011, 12.088991588156707, 12.085115118553368, 12.109905218144398, 12.104375851598803, 12.100265755654556, 12.123633760039153, 12.127504774580684, 12.138502161475158, 12.122349665146968, 12.130218034822793, 12.126652226298878, 12.125512463973052, 12.124712185514731, 12.122427615210384, 12.120327593312787, 12.122488839138667, 12.13450840951943, 12.132772502679996, 12.14669423547848, 12.140838777333549, 12.137678410400426, 12.127011185903159]"
4040__BURKE_RD S of RIVERSDALE_RD,138.08866104855935,11.751113183377962,8.923661948857683,0.9155135060758736,"[38.82158796200673, 35.35509475798624, 32.281457710829784, 29.541776702829186, 27.13772669997759, 24.950410779572493, 23.047258314199162, 21.350789055810882, 19.854635871501337, 18.534993810673445, 17.369223394367964, 16.312739991667, 15.443161981101559, 14.647551833054418, 13.967944783341927, 13.35971268564923, 12.85984782863105, 12.410040677428576, 12.02629818126021, 11.722646918110032, 11.434668443947496, 11.179298889522679, 10.9616267608414, 10.770319580963562, 10.593800819939473, 10.416418677754875, 10.28385280101099, 10.159217305307825, 10.051064184046437, 9.95456272501712, 9.867184321904633, 9.794281970665638, 9.722540618458675, 9.635125381883036, 9.564009333298719, 9.51447234751487, 9.447549788277309, 9.376087498742821, 9.309321079886441, 9.236110907523777, 9.195609973531319, 9.164613520558145, 9.12321478265764, 9.07171593707028, 9.026356630020986, 8.976512870151977, 8.894259265417189, 8.83511772038982, 8.798231264232552, 8.753683222427108, 8.698058989239128, 8.663597485350852, 8.611679788455396, 8.563963818128816, 8.521923134151743, 8.494130130943711, 8.43241650919992, 8.369027138658687, 8.33336864439812, 8.282559225460831, 8.221891465460047, 8.202816603640688, 8.162857880801639, 8.13340810137737, 8.09871122705166, 8.038031173563162, 7.986902816179276, 7.938098118055812, 7.88803228495337, 7.85640893771418, 7.837033219408617, 7.7952016844473055, 7.768855995524534, 7.752575039616304, 7.6941304812281315, 7.65869788740149, 7.630929883081347, 7.591536651502572, 7.559391323691167, 7.523968055171905, 7.480198443426397, 7.472170913180625, 7.420201483683173, 7.368812194679605, 7.347726836227143, 7.329577298764899, 7.312018253264228, 7.2797959364355025, 7.264786503006389, 7.213312981141036, 7.190050949428536, 7.155307368790677, 7.116873718855391, 7.07783251865918, 7.032516810596588, 6.9831418596644275, 6.971379364213574, 6.958555265698355, 6.908029268352173, 6.892991671449375]","[40.52510757742533, 36.856958292243775, 33.54384182771692, 30.60191062065604, 28.04824022378572, 25.78702163505719, 23.74513454987196, 21.975879694198813, 20.37934023016932, 18.967111639245665, 17.73663415677534, 16.681521433794646, 15.790895325660408, 14.953047134483427, 14.285588468770154, 13.658812164672133, 13.2001223435297, 12.799865211424354, 12.466355632344436, 12.158228561893015, 11.905544021081074, 11.715087922377053, 11.570517161695985, 11.462468591343038, 11.354751183545433, 11.283979821933459, 11.235226048040962, 11.209413965314312, 11.152561679187178, 11.088779664598627, 11.062545038980842, 11.040011261973177, 11.041140235368077, 11.026848774475384, 10.990546453366758, 10.984457771736958, 10.98588807948941, 10.972928242423956, 10.96757396205268, 10.949694186104372, 10.941269365495861, 10.948186108583744, 10.945881634441992, 10.959134608312825, 10.945912436112167, 10.935767282933407, 10.917739694507286, 10.910457433651622, 10.927159014614098, 10.915181355745311, 10.899858397168355, 10.905172329214157, 10.926631125651557, 10.938688138532024, 10.939976105460843, 10.937794824159555, 10.936957048181672, 10.935492524179411, 10.937991321982004, 10.954476061828517, 10.951061562090766, 10.941464366199698, 10.95346408422119, 10.954016930617183, 10.959219958682798, 10.963771691740885, 10.95579168059955, 10.96716454656245, 10.973001799720366, 10.982976007898126, 10.974051630174689, 10.968138676196782, 10.966139611565616, 10.97418679907802, 10.985676457939743, 10.988224275376908, 10.986160196462064, 10.99084396316099, 10.999097345660385, 11.006534481948249, 11.020793233744854, 11.0119182780014, 11.022313151562352, 11.032101764968692, 11.02148556038831, 11.010309536620683, 11.016510044144004, 11.013034130160928, 11.023020964931444, 11.01782433007781, 11.025640011791188, 11.016021738152668, 11.007014655246516, 11.042358970493348, 11.027368783488566, 11.025937495101036, 11.022224187422298, 11.027145827801137, 11.022454548755546, 11.022358307508007]"
4040__CAMBERWELL_RD NW of BURKE_RD,112.24642811833795,10.594641481349802,7.62322733482618,0.923118312060053,"[36.170805925534, 33.01875411112653, 30.155124652447537, 27.61591609670412, 25.38102067728059, 23.354878183497952, 21.56141974308359, 19.959205914365263, 18.55488161447437, 17.28807076690096, 16.192825684546797, 15.248906553819815, 14.376449339576764, 13.651718395788443, 12.991807681417312, 12.407432008571691, 11.928257969391808, 11.468070205397698, 11.084386501359232, 10.736346149303804, 10.444466760538136, 10.191305617691064, 9.959958618196984, 9.773980646856964, 9.595278452345356, 9.413348790139395, 9.287254496238571, 9.173434400313687, 9.042104040121034, 8.926457364583463, 8.805322550540549, 8.713208117068072, 8.59809964910346, 8.506432044851323, 8.41741736124695, 8.343123192198039, 8.267740039306021, 8.209436337902483, 8.149247816401106, 8.11085569947158, 8.05730568094128, 7.98179053976689, 7.924662130228852, 7.8486942594703875, 7.801340660871046, 7.781804615692709, 7.71960153729837, 7.653127382159298, 7.6144868208986125, 7.5896890664425545, 7.524684008527866, 7.5035740412560745, 7.4370379818049654, 7.380572600694961, 7.364330214504315, 7.337588061071108, 7.310869434726076, 7.27048811485021, 7.2321136997023965, 7.182301432751685, 7.128262828009238, 7.113741665243499, 7.088394881474143, 7.06997577617406, 7.022130157318419, 6.990276195649732, 6.943661197166032, 6.9047952751044335, 6.888565669296297, 6.847791730386168, 6.822459428638795, 6.787554579771099, 6.765661996171983, 6.722646786945072, 6.694481982591471, 6.659177961851053, 6.627393455971794, 6.580873825579899, 6.531175364662613, 6.495858736680853, 6.450952855821628, 6.438209508530159, 6.423674067665007, 6.39800223513601, 6.35085422372835, 6.332649180122921, 6.278598692745118, 6.256124285142304, 6.230945506397112, 6.209816949649001, 6.170206548451085, 6.136404270694645, 6.1121397108783615, 6.071453411469595, 6.051471463882673, 6.029248648771809, 6.001476140356078, 5.977914986288658, 5.970186134191167, 5.930280747799535]","[38.981681901739435, 35.67303425292564, 32.6813074571404, 30.016885020397137, 27.73346409424549, 25.67371075327686, 23.750001320403328, 22.13405817301793, 20.692973561270424, 19.37767593366566, 18.21430896998425, 17.21039666908374, 16.27911425560213, 15.558934733268353, 14.856157920168686, 14.265710244479571, 13.78235116835253, 13.313656164579957, 12.945595415882662, 12.622150157935714, 12.33735270917258, 12.140300954656587, 11.947884283683567, 11.824791134284506, 11.62595715546344, 11.498578507756173, 11.38248762184175, 11.299352341297325, 11.25021450580908, 11.183462821273876, 11.090227813129598, 11.056260449421236, 11.012111120157519, 10.998869109594043, 10.95741104954979, 10.93715385506121, 10.884926054289343, 10.883799949346136, 10.866988496424364, 10.83352810602697, 10.805079978110117, 10.795925886070675, 10.78233298912263, 10.779296537370934, 10.761362510611542, 10.762688272923002, 10.74794311114934, 10.760112088020083, 10.778248158443104, 10.77749944135208, 10.79860463699374, 10.79549128046668, 10.796610574978272, 10.780657608471486, 10.80048523803258, 10.789722267191971, 10.789878177149378, 10.790949434102465, 10.741050007852143, 10.744599629450544, 10.766893742463909, 10.774289938409131, 10.769336532603866, 10.782144698781588, 10.780537034865956, 10.79788245197198, 10.804523188589897, 10.79620794437174, 10.799982382381986, 10.806143020050856, 10.805748651950712, 10.803094320898023, 10.79663014856899, 10.806621262932946, 10.822217978745757, 10.833312701437022, 10.855871436090796, 10.842033689204781, 10.861037576887792, 10.856866826722182, 10.875520432422787, 10.873070338479277, 10.874623852544874, 10.858940843859068, 10.87755985665529, 10.855308386442236, 10.86703919600863, 10.890513586469877, 10.889379524853014, 10.907957919135583, 10.915450388913875, 10.898640921764125, 10.879697022613007, 10.882605086426446, 10.889016535335061, 10.88680542994417, 10.880120251094576, 10.877526847482642, 10.87426250841219, 10.879032742094692]"
4040__CAMBERWELL_RD SE of BURKE_RD,95.10288027569729,9.752070563510976,7.4349757826730105,0.936945239695955,"[38.476327118944646, 35.03921885926309, 31.96453412179005, 29.259723935452016, 26.778483470249178, 24.563021885479287, 22.612634440017665, 20.88428414068185, 19.350924392382254, 17.94099711463771, 16.76476094213678, 15.730625614113626, 14.80912282468538, 13.994394313433869, 13.26504262871626, 12.62802009748069, 12.102286053730355, 11.632217818711968, 11.216410910424502, 10.847333576040468, 10.53020461040852, 10.256956188499789, 9.976711745391519, 9.769651274049991, 9.585585378149604, 9.411940260680492, 9.273066960400264, 9.124563646101452, 9.000169228663367, 8.894570589612426, 8.779804098676523, 8.683915286068709, 8.616892036015383, 8.536213230677099, 8.466076060174425, 8.393492746720858, 8.314538731086317, 8.238409441150955, 8.179397553895047, 8.131259971163589, 8.063166410906561, 8.025944400292309, 7.971389940938506, 7.907305974539889, 7.883563596611836, 7.837689860719336, 7.806937277254173, 7.74471101956921, 7.7057737161143045, 7.681452049272357, 7.634546671932075, 7.595219478011735, 7.528473817831084, 7.507797811642732, 7.464756768316317, 7.4182847183251654, 7.348913514107645, 7.320780887932085, 7.281732869340312, 7.258650047287863, 7.244669243660113, 7.188132463234252, 7.168420631016609, 7.151410282599729, 7.122282775614302, 7.0962696762341695, 7.044576776879242, 7.002889113446269, 6.966012888862899, 6.942535716928282, 6.882640313577182, 6.860508336738877, 6.842155613708145, 6.789693538881434, 6.735698686504755, 6.696245532356994, 6.67677213134221, 6.641503891576202, 6.6214024665723645, 6.594762505945411, 6.572928285557149, 6.5257246562042655, 6.49905631441603, 6.4704811345267785, 6.443213455392013, 6.414733914031418, 6.384420301170725, 6.366355289387384, 6.323124206138282, 6.276198214870612, 6.233118720961531, 6.228570958287314, 6.182709327724169, 6.145891550845743, 6.111671942224034, 6.095634993611608, 6.0787335959413875, 6.0469700716096915, 6.008445784984828, 5.969639525415885]","[43.50735486413211, 39.71625724606556, 36.26359714794545, 33.163538657950866, 30.37650318547426, 27.865335734433852, 25.68038322951927, 23.67303082466754, 21.979245282603888, 20.43406907482713, 19.197890298616418, 18.042799204370485, 17.018335535936995, 16.097665447714203, 15.307605107671726, 14.566234806598324, 13.983990887431997, 13.452912737712479, 12.988685819162678, 12.59865796724745, 12.235468017837885, 11.946729335023862, 11.668169682488221, 11.483640775563755, 11.341583870945522, 11.16702714733194, 11.023294761322408, 10.95340438969986, 10.860333282524927, 10.767799256737243, 10.689655497136313, 10.61050809482125, 10.575241170970182, 10.552736930897673, 10.523389934432435, 10.50818384991303, 10.470795416269764, 10.46385487717975, 10.427754122607261, 10.394477914039463, 10.357311083529764, 10.360423299122154, 10.344135089784965, 10.352029244184058, 10.351988576880721, 10.337528605077704, 10.327218206280293, 10.345203095651872, 10.358678384623028, 10.351495532752669, 10.34559441364418, 10.347386641152411, 10.312591684916598, 10.308566415820865, 10.298790924154915, 10.287344215553137, 10.29563562277178, 10.285401299224832, 10.284884942473198, 10.287681297378633, 10.306544786209335, 10.304962604835179, 10.30688963019553, 10.334836562351104, 10.353232817909644, 10.354592220131398, 10.351560081153618, 10.351898377692555, 10.343662989862997, 10.358063223581652, 10.363826822515946, 10.339641539174185, 10.350130137711174, 10.353287331325147, 10.361558833896519, 10.374507159608017, 10.389576117807838, 10.376387624984032, 10.375200128069801, 10.37464027804978, 10.368133161754004, 10.378275804250798, 10.388145483035151, 10.383978559178027, 10.387639917293948, 10.408087660824531, 10.414466371861817, 10.404961603575638, 10.398857773179358, 10.41851645397511, 10.413991155534942, 10.403949475924774, 10.387802763962522, 10.395729886280321, 10.390350694309955, 10.402332978366516, 10.40482728057382, 10.400529974788078, 10.41134092717353, 10.408839313919875]"
4040__RIVERSDALE_RD E of BURKE_RD,162.7434140343167,12.757092695215343,9.159813802161914,0.9341679061313717,"[47.3799266619014, 43.1345276381491, 39.37392820612198, 35.94854100100808, 32.90109356133412, 30.15351277960773, 27.732075467363043, 25.591831549504658, 23.677695335892246, 21.944397323125486, 20.44113191123957, 19.156488507465248, 17.994828064042203, 17.01847589864329, 16.15727186265473, 15.385993156619293, 14.729156609661047, 14.145984802954906, 13.64562835519126, 13.213844856520002, 12.847506398204512, 12.533265714083246, 12.24295460157341, 11.997664679704739, 11.780730935220937, 11.610427396788841, 11.422872029121026, 11.269700380205775, 11.154283516155546, 11.017941233036982, 10.905751396446956, 10.805445793515648, 10.70159253805009, 10.582937111611264, 10.500494528078885, 10.414593753572465, 10.324185806565811, 10.229913542104846, 10.187863926567209, 10.097375495826988, 10.0590777277754, 10.003154061935689, 9.907934768168763, 9.8413680685521, 9.792323609862779, 9.73801366342708, 9.699546896774393, 9.65579124497589, 9.606330685256449, 9.515969191978517, 9.449133750725188, 9.433389446780518, 9.363929613186686, 9.339482123848724, 9.32064289289036, 9.288179580716198, 9.265110384153246, 9.220053386706718, 9.191931142324398, 9.1164281363859, 9.08137349024381, 9.067111718866727, 9.053234537272859, 9.036981437191795, 8.973081011116376, 8.939451499738542, 8.896319874061396, 8.809315122051235, 8.785933288275245, 8.743383819827086, 8.721608831482419, 8.668680010286375, 8.591640265576016, 8.581233750473746, 8.54142918117805, 8.492822409340324, 8.413349415811494, 8.359437758839967, 8.325762938139793, 8.297962865598663, 8.241616220686737, 8.234058017859892, 8.19569084932, 8.139206411642666, 8.100627473072784, 8.059701675972919, 8.033853101387063, 8.016913442682396, 7.942934614515762, 7.916681736214823, 7.8612485040674285, 7.834526619345624, 7.784016558400417, 7.715197968098778, 7.676105642806166, 7.630244776091682, 7.597189191392303, 7.564216112925943, 7.53526289514865, 7.487741494678622]","[50.72567207306734, 46.277945364274764, 42.31703602921661, 38.65263072321601, 35.39332674043319, 32.48391974510198, 29.97706952904429, 27.688734034959253, 25.649476393665722, 23.815788450388652, 22.234593821820628, 20.886232489889085, 19.6735520795997, 18.658636825640805, 17.741923874665826, 16.961967260779346, 16.289843752503028, 15.736588540423067, 15.248828557805133, 14.85250851939661, 14.534310558731494, 14.277591239529292, 14.071510617959868, 13.902183904349922, 13.688089655755869, 13.603864258014843, 13.50142031544537, 13.417234608879173, 13.325506398270413, 13.238387303310377, 13.170747118990315, 13.106659793020425, 13.10497253601887, 13.053361392369395, 13.036015276231065, 12.971599010551127, 12.970620876401673, 12.957626683973734, 12.947327680778152, 12.97086803562074, 12.953331084759833, 12.933975380929587, 12.907097132394677, 12.916148757071047, 12.918679324438328, 12.902384550147763, 12.901487003451212, 12.917539412000988, 12.92338436576059, 12.8882342890634, 12.895979070821468, 12.894428861587546, 12.876819170975628, 12.891277097921114, 12.893830624232265, 12.887970179076836, 12.894758920944449, 12.884061144269092, 12.884101052002755, 12.877943841009834, 12.901548087584723, 12.901220325609328, 12.898375363123629, 12.89240365517966, 12.904438452630895, 12.910686718005767, 12.923895173013644, 12.967785837445819, 12.954103322414044, 12.962711474271616, 12.964076464730145, 12.984245063336783, 12.976239106217626, 12.975157410391818, 12.966232089536984, 12.961377871952795, 12.932014973173027, 12.955977624204364, 12.970029072153743, 12.978131838185343, 12.959728974573798, 12.958723215580507, 12.972704963681297, 12.982382540445416, 12.963859892886932, 12.966724853210044, 12.973326211112608, 12.984067867662029, 12.98809641170387, 12.990816541375446, 12.985122232326898, 12.991371060044104, 12.993196966129132, 12.997850427708304, 13.007531526178163, 13.004995257403612, 12.994282910177839, 13.018244440518298, 13.018422294198965, 13.019482021280648]"
4040__RIVERSDALE_RD W of BURKE_RD,251.07339726196702,15.845295745487586,12.433663633968052,0.8419051190351283,"[38.775218360004644, 35.53386051175433, 32.66370942059228, 30.175772104463057, 27.993083321142674, 25.996267477241087, 24.276079644942637, 22.74012340755233, 21.366970955092054, 20.147576805080096, 19.11238316123728, 18.189198005859485, 17.389708260739933, 16.68718000435242, 16.082981231475625, 15.565506257690279, 15.126139094225698, 14.722185445687451, 14.384434525293901, 14.102475026441825, 13.808470379463293, 13.575553093537188, 13.381543355351722, 13.194866130298914, 13.03300410317334, 12.890899039023749, 12.773145753554504, 12.652165664464961, 12.535756628832301, 12.442966804964177, 12.337638222779798, 12.246897119771862, 12.12649352676483, 12.05270239325306, 11.934274784877685, 11.871677937140932, 11.799838634721937, 11.725092479048318, 11.668016054504411, 11.622549961024172, 11.564847965415767, 11.45208055881937, 11.40801692542903, 11.313133718385176, 11.277403781528655, 11.23876004482098, 11.177216195481343, 11.118668246834234, 11.095950149025773, 11.075197617620278, 11.04526877293081, 10.986256509448896, 10.922846799692104, 10.894800884736943, 10.85773700772069, 10.839560136470118, 10.778208900290352, 10.747283654309735, 10.681629245442942, 10.648588701932399, 10.585747147155535, 10.56407331660424, 10.523917038665573, 10.455473346913221, 10.386182217754147, 10.353981847509429, 10.305448093336537, 10.295282936994528, 10.25795767156851, 10.207404895299657, 10.16529734810812, 10.103667980786637, 10.031372758836355, 9.971703920847304, 9.935803653986472, 9.906839388264794, 9.858492922448024, 9.828343346101747, 9.79642951990284, 9.771765762963854, 9.700876907773141, 9.665966682527586, 9.635615210877617, 9.619850450140383, 9.597227529830716, 9.554614771393812, 9.541872835132036, 9.495771444689332, 9.453826930694584, 9.419021010869827, 9.381307726210657, 9.336522919470685, 9.297468198428378, 9.24236525908617, 9.2115020114168, 9.161084161125912, 9.138254414809246, 9.115568031892952, 9.08057565865875, 9.021495722866868]","[41.415222674406145, 38.00830720840085, 35.050999466804555, 32.447799040985686, 30.1062713917771, 28.04282290592349, 26.28911453951981, 24.770095792742552, 23.37276638989437, 22.162409489039057, 21.171581177327646, 20.189821013835708, 19.403108323389205, 18.73771979399014, 18.14856337991882, 17.67201318723204, 17.231282753395327, 16.883811820677533, 16.579195520432126, 16.369325663799046, 16.153196153277168, 15.973789330933302, 15.851628233764044, 15.762626869724025, 15.674903203328347, 15.628888466377962, 15.558609847523368, 15.503753027149912, 15.45306967147996, 15.419976254525935, 15.385870112435798, 15.351359285168105, 15.31055173439216, 15.291538946467918, 15.251952621400838, 15.210974960158914, 15.21949217273655, 15.232692967518995, 15.229598303307412, 15.217038537384802, 15.223058843452202, 15.200885266079323, 15.183385139326274, 15.181565188719382, 15.171586301679444, 15.183259233608316, 15.171425610403839, 15.184944741074974, 15.171767553429731, 15.161453256424924, 15.152021291957578, 15.159948784476672, 15.186560371931693, 15.205881405493981, 15.23318540458816, 15.235035597997275, 15.222251781976933, 15.22227867092258, 15.209239870758136, 15.219319000669731, 15.205409232426868, 15.218692424663832, 15.224531149111804, 15.25260900938424, 15.238220701309725, 15.236629697971457, 15.238774953003894, 15.249505919294391, 15.287623655537853, 15.305060422015954, 15.316139679332137, 15.321934411343259, 15.30523279043287, 15.296662044988418, 15.290810051961142, 15.298826533313692, 15.300304325229007, 15.305919774003176, 15.317683113715182, 15.303196736248832, 15.332327186718699, 15.34133246932265, 15.329105676601376, 15.34572520209903, 15.347826769426355, 15.341111209247552, 15.348361816162686, 15.339187904971693, 15.33409396118445, 15.340266840675197, 15.33673239157383, 15.34516138588754, 15.327072022517564, 15.330241544083462, 15.335762938583466, 15.349976520222091, 15.351427170540358, 15.340865683817825, 15.3359964773858, 15.357306397059373]"
4043__BURKE_RD N of TOORAK_RD,305.23094195486624,17.470859794379503,13.215397071838378,0.9546047866877375,"[78.56833883038017, 71.22346915625094, 64.59262491876069, 58.717866543269054, 53.56431186099289, 48.792126920891285, 44.57768573280418, 40.77499125037369, 37.38720810429001, 34.33929189700393, 31.700739267184204, 29.371609717430367, 27.305001003657196, 25.4794630408841, 23.872678007264017, 22.416162836243195, 21.17824178889135, 20.07220795606843, 19.098032327494682, 18.297501383162636, 17.54783665915224, 16.948171271996422, 16.439978320522986, 15.98968421369118, 15.606364758206704, 15.254629205230348, 14.919658892985447, 14.660812046741363, 14.43523718665083, 14.217101659790396, 14.00761229234443, 13.858243850997464, 13.708963003452249, 13.567734824748683, 13.45115948890341, 13.345374338425753, 13.214949545498046, 13.123093364258462, 12.999616753782231, 12.887529994360538, 12.777157515108852, 12.659132889434256, 12.580895069387589, 12.492472204391035, 12.429956598561832, 12.35018920104072, 12.299560366831177, 12.21011885431931, 12.125204691983855, 12.085424510458987, 12.006811234509733, 11.908304488612584, 11.822220512237802, 11.760893545448601, 11.690685951488057, 11.64877392452838, 11.625147194525555, 11.570556250221024, 11.484934855661765, 11.408634368606835, 11.317302467334821, 11.222987365485773, 11.173861014538886, 11.109959699158164, 11.050259610118426, 11.003866778958754, 10.936568466365829, 10.885305517493174, 10.843324440262554, 10.775047044562283, 10.70079575801496, 10.647946478113148, 10.600393538944651, 10.566699427643584, 10.500858883689327, 10.466827941118863, 10.42164793381555, 10.358457736964374, 10.305052765023614, 10.239651877120632, 10.175708323834499, 10.135430185265879, 10.073630322613267, 10.053995392992856, 10.002578404993942, 9.959046752134391, 9.89917622361309, 9.866575853030223, 9.838427365461248, 9.791303130130581, 9.76188521135136, 9.732558515958953, 9.697604989357782, 9.654768363693401, 9.606755091610305, 9.552995312441912, 9.489464116182893, 9.48082202805383, 9.473458519141452, 9.444891593840977]","[81.11900524114456, 73.52982304269977, 66.71833132108304, 60.66627329989125, 55.406089207881905, 50.508970934466475, 46.20044737383998, 42.302038867884946, 38.88071966017509, 35.699027060836166, 32.9966383932127, 30.654547550913634, 28.58656630459657, 26.804268014524254, 25.27263423409074, 23.828304335263006, 22.64880984310427, 21.6292056986454, 20.738290865130804, 20.079700033783325, 19.47158949487996, 18.94991571922825, 18.541344429176135, 18.193975172424153, 17.909547328882155, 17.697221194643657, 17.482269448715833, 17.326236423979285, 17.195707460515617, 17.11295976405519, 16.977791316127792, 16.9390862660645, 16.89773957895019, 16.866935884988216, 16.83040011981149, 16.8056815254156, 16.782064370480693, 16.78078723169261, 16.754243651498502, 16.736278219387668, 16.732538544725102, 16.7270368538375, 16.70855022022209, 16.712467100658856, 16.69865427585594, 16.698188937575555, 16.699624076980918, 16.67915131470382, 16.66944288882963, 16.663205347008866, 16.654413052470264, 16.64516504240551, 16.643237054595886, 16.64809244935675, 16.638043156711323, 16.61969819154271, 16.622394498013794, 16.59140465270094, 16.603916625429008, 16.641553033751585, 16.610967324700344, 16.592943426481018, 16.596756790387662, 16.598964108022777, 16.629600302607, 16.60746241047305, 16.629974078219494, 16.634747935396735, 16.645652118701275, 16.644415393470357, 16.636085285490893, 16.656762229131697, 16.680318431409415, 16.656423066948026, 16.659742895977384, 16.675119191544432, 16.652445073989256, 16.661773402377783, 16.652619576300907, 16.64060723482437, 16.651337775396495, 16.68836460095231, 16.723217582266958, 16.71994411164123, 16.73145925189394, 16.714452899486396, 16.708749585835843, 16.689084168611537, 16.69053746639644, 16.664389814928594, 16.655500434060183, 16.647295978607858, 16.634769237820755, 16.64869754011198, 16.65697658488055, 16.65521393347289, 16.667984324170185, 16.666397322874307, 16.661404747482635, 16.665327966066634]"
4043__BURKE_RD S of TOORAK_RD,357.06724509899584,18.896223037924692,13.7637464051836,0.9352621930642945,"[71.81519528437053, 65.2103869516794, 59.31046366420015, 54.07486756179993, 49.39479603821983, 45.17523810719016, 41.42432714120217, 38.130794709485905, 35.17735732176045, 32.52234231531604, 30.193461577194753, 28.183851128915915, 26.40872121786369, 24.84339727213523, 23.464100434563804, 22.258567948092796, 21.212516101138203, 20.269904080817067, 19.44395822978395, 18.731052302315117, 18.139975584595373, 17.63524459604998, 17.196441382694157, 16.8038527141732, 16.425709909919895, 16.109044295114217, 15.830675055731856, 15.613528525786148, 15.371886468112375, 15.186064773482295, 14.990655185194317, 14.801041372879123, 14.639843154957187, 14.528302545068403, 14.388438563885563, 14.284364609382948, 14.165628972472781, 14.061852385247752, 13.968204156432861, 13.878380125137955, 13.727660230916092, 13.623756574212205, 13.536200797378356, 13.423647986636936, 13.333423262329479, 13.256303246093712, 13.140604705587556, 13.091284681353116, 12.985465090688692, 12.885874797671182, 12.780680617269894, 12.712410284043985, 12.64129738344816, 12.565456557604866, 12.435649429201089, 12.286829651199163, 12.213104417684583, 12.163234287458524, 12.099977209458201, 12.039869813177706, 11.951495416534012, 11.847205969271366, 11.786296000125713, 11.721479312506997, 11.635308004605529, 11.554010394471147, 11.497264898333302, 11.434133052085333, 11.333040257405186, 11.283231314741034, 11.2499667757773, 11.17397363440393, 11.12289357105071, 11.067182323105696, 11.01297984210073, 10.9734110970015, 10.912800537465923, 10.87886987434795, 10.827427336186995, 10.773506659921527, 10.740204296746548, 10.657089168894105, 10.612404704312617, 10.517126020052832, 10.448854001443205, 10.41342434323244, 10.325439719757652, 10.274884980591853, 10.198382165026691, 10.181929249993791, 10.116148610397902, 10.044946723362093, 9.978766377089526, 9.92971462382948, 9.875256288459626, 9.856746295453517, 9.80255036059173, 9.735299299015692, 9.706756911414692, 9.693857658491213]","[75.45354596301691, 68.60697775814252, 62.54127801630111, 57.21926683063646, 52.337165419930805, 47.96266546409063, 44.184372149480126, 40.853368498103634, 37.81690067681092, 35.08694692618051, 32.729286933341314, 30.756706471314548, 28.909877843820205, 27.319845865176283, 25.94542548790298, 24.74283824729574, 23.703602251996355, 22.855861385403664, 22.076902618055428, 21.46157157459258, 20.919586496668224, 20.482974318687475, 20.141779856134875, 19.80798838500058, 19.500356188797443, 19.256704871198753, 19.03165697532926, 18.865267623192185, 18.786656592525905, 18.688675028350623, 18.550083476445174, 18.461750863060306, 18.4051134313303, 18.38125267131617, 18.333244704503446, 18.267950584692688, 18.202840398860747, 18.17318894462111, 18.126884233876922, 18.072494808617986, 18.01144139986341, 18.0006933832212, 18.002497246419715, 17.959144145400295, 17.958354390729088, 17.93643332561012, 17.91712765478631, 17.8773342489731, 17.876179322946435, 17.90302852088945, 17.91202469456287, 17.92596287146466, 17.963094407059597, 17.927677066876992, 17.87049890096419, 17.85747159105323, 17.85629708249195, 17.850387412087255, 17.84542684998827, 17.844848794227712, 17.87129627580427, 17.900922281831715, 17.898754946531067, 17.90704777824797, 17.838430798544593, 17.819057311827024, 17.83008343689179, 17.837962445542054, 17.857899612110256, 17.87440184291861, 17.881409020962725, 17.853477723377676, 17.866757722314524, 17.84905847301392, 17.839281341617472, 17.812395952632816, 17.81677698079463, 17.81806010419816, 17.81886346371319, 17.82426566852111, 17.817765605135598, 17.843947687167443, 17.871599860004785, 17.835712763742116, 17.860457188716328, 17.85790839179786, 17.83177903516403, 17.819476834018236, 17.807408827651713, 17.795403758410014, 17.809027766712948, 17.797180458210114, 17.785518889283065, 17.772346880837464, 17.767991643177762, 17.777505804517887, 17.80170493953989, 17.801670707344112, 17.800470279426946, 17.80711387353123]"
4043__TOORAK_RD E of BURKE_RD,256.94698497966533,16.029565963545778,12.106087843219886,0.9651263645822976,"[85.57458062811918, 77.56327921776746, 70.40360637840482, 64.02751304015861, 58.292761254321995, 53.06651382288485, 48.41241237048991, 44.267800799741636, 40.54883235452042, 37.20841017445499, 34.29840979041791, 31.67375413445011, 29.37065740880519, 27.308391895780872, 25.4537770608545, 23.860901778906566, 22.50058385578254, 21.254198954236212, 20.173637027204524, 19.22780635813722, 18.435274134977412, 17.73773692381039, 17.15099921887669, 16.637556786327593, 16.17116712144177, 15.752539449547962, 15.417021464373159, 15.131190463247219, 14.854319575821227, 14.600708639696975, 14.401896093088395, 14.240093932529637, 14.08048430145499, 13.928361820940161, 13.75986796830851, 13.638925116167684, 13.517607122067101, 13.434733251470062, 13.32984945096658, 13.233713555724112, 13.112769157341434, 12.995381523555814, 12.918866317967302, 12.797444828785158, 12.721951322587879, 12.633075415718208, 12.561586847675608, 12.466822259576476, 12.401158273813001, 12.329855539829149, 12.250316879041236, 12.177444594047316, 12.069358522457737, 11.987707384992236, 11.88466542484414, 11.781447839293884, 11.711576096459074, 11.67167209242343, 11.599395825726218, 11.5401298439491, 11.482949704530034, 11.450071022979376, 11.418801427284986, 11.374102320191172, 11.266163521420753, 11.223400142806227, 11.167366493999436, 11.066687207181328, 11.018453999960743, 10.975018885586147, 10.89910247042346, 10.81564776933332, 10.776345946616114, 10.697148255257016, 10.647215518368105, 10.61896185862793, 10.514623587331503, 10.459054944447018, 10.400501745542416, 10.312199381192384, 10.285529402070173, 10.268228313623622, 10.225061074918365, 10.164192231953498, 10.101364313010906, 10.083891390578298, 10.014585635533082, 9.954370708632023, 9.919679294142389, 9.890398181929903, 9.859616183571843, 9.817721914711646, 9.766728775111078, 9.733433513738289, 9.684960159064765, 9.633099089753456, 9.567297222619501, 9.531748215534634, 9.467427638327669, 9.390674000434627]","[96.02072107288751, 87.10053259139953, 79.21840569751917, 72.11155440469318, 65.4994539874343, 59.68812757542635, 54.57699703800417, 49.88612711912526, 45.68506954697611, 41.884944850504816, 38.632798531522425, 35.72215913559672, 33.14812625827787, 30.92708826132861, 28.936942210973665, 27.19120753931108, 25.678766487328318, 24.328428772975773, 23.207445114885363, 22.252398510986026, 21.419960042609574, 20.697451579271707, 20.054697266968333, 19.585861253844367, 19.140377578430147, 18.843044863748947, 18.562433740972047, 18.35543239918945, 18.148021610562527, 17.97613892972362, 17.835620454567508, 17.72370095958498, 17.64183454284372, 17.54781701584979, 17.51491479223337, 17.44442492132187, 17.372100579945027, 17.397324580013144, 17.338692106856403, 17.33088512493759, 17.278591422383762, 17.266054739396825, 17.24828760914141, 17.27471557864382, 17.275059910373393, 17.214982860179475, 17.21058581680165, 17.20965498381745, 17.175643706180345, 17.15890424579855, 17.129160977129054, 17.105919006276388, 17.10820787849373, 17.10285422995572, 17.126577933999943, 17.132957650410905, 17.120951353337997, 17.1407771135461, 17.100630440953093, 17.038866357309555, 17.04107899896225, 17.040773765426426, 17.068774246221814, 17.048534969368358, 17.055554594702084, 17.073115566534227, 17.116303668517666, 17.101761041326796, 17.094659912495107, 17.11145104355097, 17.083357454776294, 17.074155052862046, 17.081572833888977, 17.094969113481078, 17.128883410160103, 17.123656196019315, 17.121737916073503, 17.14011066774409, 17.13719137359538, 17.132130084332793, 17.141577731934763, 17.121142394685375, 17.1146945180926, 17.134506724865044, 17.147163259627447, 17.144588652669196, 17.157285033265524, 17.15974287118654, 17.159276296535207, 17.145337675434345, 17.149298700929638, 17.14795664497841, 17.15565615151811, 17.14338158801302, 17.139183551721658, 17.135752569693928, 17.143718686542027, 17.147772215791985, 17.15099282014783, 17.15511574537357]"
4043__TOORAK_RD W OF BURKE_RD,324.1747946011096,18.00485475090287,13.33447971558303,0.9574337041119129,"[83.90647356300676, 76.06260044078783, 69.06217342203657, 62.75090072145753, 57.08226269140281, 51.98577679005376, 47.50287024554987, 43.446206894130896, 39.82086722937057, 36.531881336204634, 33.63124750626309, 31.09622879701421, 28.850096003379065, 26.845452308092074, 25.100682805037156, 23.525332038207114, 22.228913061241517, 21.022403147561807, 19.994583004388833, 19.131379007486892, 18.338842395677037, 17.627150279901706, 17.036843183670815, 16.538326785123107, 16.110181982484264, 15.707749486980443, 15.398587520807725, 15.1042684676175, 14.843372487188544, 14.628233017182383, 14.409740650599247, 14.23004932545871, 14.065734564114003, 13.902781840092132, 13.752426437240734, 13.658707525663962, 13.551383468980001, 13.440280023802668, 13.34267633648511, 13.236712764700988, 13.136985318574922, 13.008660679071971, 12.893051977376789, 12.777137915684472, 12.708608734614458, 12.62610782667189, 12.505219071856052, 12.396477143594089, 12.319056186454858, 12.209893893715847, 12.144485573767824, 12.044452323684938, 11.93214558835608, 11.854784202152903, 11.77715387860207, 11.727740333830857, 11.692837262207696, 11.609053311809387, 11.550404700615921, 11.491024218687418, 11.439809700863467, 11.38068878759907, 11.320824021644915, 11.299582735393761, 11.258732772459368, 11.227401905071241, 11.181322018238387, 11.093300722250786, 11.016043924054987, 10.951416516950468, 10.909944555587014, 10.844152860732335, 10.784602830079308, 10.698199163649962, 10.648896820531522, 10.627002778553646, 10.593501234444506, 10.5183669095744, 10.458034254338395, 10.391366517867656, 10.367810260859219, 10.335408660230073, 10.29113071696732, 10.240330438672345, 10.21859646103245, 10.176698285893199, 10.112729785247659, 10.055315986048338, 10.006297060272031, 9.931974801152855, 9.864080460848974, 9.828211920065868, 9.769625333479667, 9.710829106108031, 9.651892910340598, 9.632830806083948, 9.612484977808354, 9.569548370552106, 9.506527756243564, 9.477433071885834]","[86.99337940904317, 78.65266914781455, 71.12610227004585, 64.30708630419078, 58.23503979931406, 52.746289252272234, 48.01449821567309, 43.697536837378316, 39.87869224143572, 36.46712695592779, 33.47400050140869, 30.840581044282718, 28.538140498442683, 26.52891617988406, 24.727518211823423, 23.192884271808463, 21.908610082772793, 20.81413903059425, 19.871602412578085, 19.16031528483578, 18.59460787805841, 18.06909209089147, 17.645000070998705, 17.34756818491683, 17.07101527647786, 16.882655044489603, 16.73706159872419, 16.6203736097992, 16.539350146585413, 16.475252332580787, 16.421094959914367, 16.36656272946038, 16.340559215499596, 16.249439062271314, 16.2209272418868, 16.23882437002371, 16.225311136927324, 16.23478386579041, 16.25275548768605, 16.248134495988932, 16.280172637631523, 16.24603555122594, 16.297578606389003, 16.33175765721607, 16.34351279157282, 16.327997713177588, 16.298378635787305, 16.314312946211878, 16.33877437632449, 16.36827052808635, 16.404198866169402, 16.44942853105416, 16.522946061197562, 16.503579426486642, 16.54017518382371, 16.564631200550938, 16.56865291537547, 16.54290118662873, 16.541605679903746, 16.552022283404234, 16.568900194290315, 16.566860799907335, 16.538579982658195, 16.550074956835143, 16.574418008595924, 16.58830869427271, 16.60725010043369, 16.616848165611014, 16.584797307791803, 16.57485018341296, 16.569016377230877, 16.557016276347753, 16.558267745322922, 16.58542790598673, 16.603794377514813, 16.59554901205449, 16.598887243807134, 16.58971988293081, 16.58885722637688, 16.597955880488506, 16.604576866498167, 16.623336334705506, 16.609126333741255, 16.607453670860682, 16.60131536195394, 16.607193419608365, 16.614691565428725, 16.627592469965915, 16.670391676885515, 16.672288478655286, 16.666991928873976, 16.65880728086425, 16.652736781342465, 16.664380381066998, 16.67706651586258, 16.700676304512864, 16.682508998207467, 16.680668283188822, 16.661821717744434, 16.672333100305035]"
4051__DONCASTER_RD E of BULLEEN_RD,192.199668380399,13.863609500429497,9.999238300859258,0.9368733364820722,"[51.64742382699673, 46.893300223880196, 42.67021960048386, 38.8988016695209, 35.52072428695157, 32.45973582567678, 29.75125513843152, 27.328125761540488, 25.16982820362787, 23.21696360261451, 21.531500815650386, 20.043371628724138, 18.722035020438977, 17.561885674712645, 16.499854008146183, 15.58818033873844, 14.80605090556095, 14.125803465836935, 13.515174795361233, 12.993283967866619, 12.576323433460969, 12.19716987784202, 11.850038660998084, 11.560285175515023, 11.322532851222313, 11.086274579976314, 10.886434780131605, 10.707414072007548, 10.553672655595417, 10.414394116284354, 10.27994496542859, 10.169898356376354, 10.067999174779336, 9.963861834104646, 9.870942903425659, 9.7833608500214, 9.68893691944095, 9.619701314618304, 9.539688461211933, 9.471035594357632, 9.412035789551188, 9.338200052194889, 9.275714700971196, 9.188008916671393, 9.124101363059967, 9.097237716129802, 9.053897347967641, 8.99689898866511, 8.925342602729918, 8.884182526324478, 8.841875439221196, 8.775384753126934, 8.695755174991248, 8.636809932269456, 8.5766113497976, 8.502828547718718, 8.443806330538742, 8.427092251078168, 8.4058904381116, 8.355193819296302, 8.290248484488663, 8.246020604993516, 8.23563447729655, 8.19210642198875, 8.171477275815558, 8.139550976924026, 8.124976986020888, 8.07888336755074, 8.005707957824827, 7.938967406954778, 7.91586543890676, 7.881755119554914, 7.87349028999055, 7.835041809533801, 7.744929902156203, 7.706888052093539, 7.6852468279632005, 7.603866280365484, 7.554047979276466, 7.4986267990689175, 7.438807320066987, 7.420338927542074, 7.36598172733723, 7.311915626756097, 7.286593666082776, 7.23366229742137, 7.195335149428033, 7.15438845150801, 7.1047104053009456, 7.057106783024068, 7.016204230975438, 7.005739278156463, 6.949983110639803, 6.922213441184887, 6.897678572552284, 6.884229689264298, 6.8399891012948935, 6.830070914414296, 6.801613262090359, 6.768025906325701]","[58.42294159405709, 53.279035113313526, 48.6603868353732, 44.508042533365334, 40.82967041966723, 37.510001463935225, 34.51907043665909, 31.822870830369705, 29.390517970870654, 27.277587030592912, 25.423235951706726, 23.8103687193015, 22.346744230226726, 21.04500148909279, 19.873301225493584, 18.876073950298288, 18.05329592624863, 17.254207638796487, 16.580848604819124, 15.96229194721366, 15.498636748457708, 15.065698535616287, 14.722065806608416, 14.395939086853785, 14.12123400695333, 13.873685743818386, 13.642733681534246, 13.44476040589275, 13.267835626121643, 13.078318266522823, 12.951963834130735, 12.86633964552178, 12.721666495103257, 12.66846857900832, 12.603441132064146, 12.52904204413964, 12.443121608269344, 12.455071653715313, 12.393903051632853, 12.360546027774003, 12.329537570664316, 12.3034151965643, 12.303198361928704, 12.297533749924511, 12.281886774644045, 12.251289716378032, 12.284460131344199, 12.288746466668213, 12.253706323726883, 12.25569924492028, 12.253629437069163, 12.242016835298802, 12.218892492641237, 12.23090399921676, 12.283431378999236, 12.268167748556136, 12.291782537465009, 12.279801324659351, 12.277333390887932, 12.271108557669969, 12.267261325270564, 12.239970314844173, 12.231220614373939, 12.228118882199416, 12.234685332743814, 12.220186151686049, 12.247813053514506, 12.23044904818675, 12.208183720226526, 12.206681764079123, 12.19636083647785, 12.181870725174472, 12.174877102043153, 12.146071126201637, 12.131642335933337, 12.129025801446272, 12.135021597712445, 12.15230123426009, 12.142918190692166, 12.139536510243655, 12.14831257781996, 12.157950140415856, 12.126535497188147, 12.110625630098914, 12.120953292091183, 12.11316562672791, 12.104620825164114, 12.104406597293261, 12.093041326901043, 12.114993491558339, 12.106917656944868, 12.102069193238888, 12.07953272174224, 12.098836359775047, 12.107845780395934, 12.095194183450658, 12.090287661019888, 12.083037706509003, 12.0946266709031, 12.106603136314218]"
4051__DONCASTER_RD SW of SEVERN_ST,88.04293284933989,9.38311956916994,6.991551108306713,0.9426685799559451,"[35.16451100571023, 32.00579391733518, 29.15758440625827, 26.612663063411212, 24.32911788783398, 22.294130943619695, 20.492158964362478, 18.914415419580543, 17.481427550498697, 16.169677331018985, 15.06307247444762, 14.08493096578772, 13.212725345064282, 12.442010864152351, 11.797572108114188, 11.221287848698983, 10.727355586903476, 10.298813166181086, 9.916762551498184, 9.597297386843483, 9.297329351455073, 9.060619244185059, 8.8473108677159, 8.641760796174038, 8.47427917971875, 8.327127723111044, 8.202044124735794, 8.076499499650943, 7.970963552599779, 7.873721319643614, 7.790745632787028, 7.713683361527362, 7.645923121906421, 7.5752084322131035, 7.503232902975385, 7.437017476568263, 7.377984192565215, 7.306118834959296, 7.247019507989832, 7.2029133125971905, 7.136159953463846, 7.063791026829493, 7.000563534627063, 6.967913206627991, 6.928592957670158, 6.880756793921855, 6.836515955436935, 6.807096235284725, 6.7649826595993865, 6.699870977893679, 6.665456139961586, 6.63364004229561, 6.610230522381415, 6.571875180086967, 6.548038420940974, 6.496594510545538, 6.465732079581642, 6.436376879044349, 6.386713207574525, 6.356538173639394, 6.316955166077817, 6.279983346792957, 6.256969789990853, 6.208522075456556, 6.174764671705746, 6.134774010152891, 6.092378816721229, 6.075294092742269, 6.045747768862916, 6.032038248024872, 6.0004443284864575, 5.951363921694679, 5.926849909387764, 5.902573035476205, 5.886985405533423, 5.8471748056639266, 5.825432088323448, 5.804885352703096, 5.7847146424934355, 5.739059853188027, 5.707948772470395, 5.689723942136367, 5.685067796926158, 5.679734119186392, 5.6499770283026285, 5.630004618867772, 5.618486885785905, 5.585669669741301, 5.545077329320085, 5.508912719131976, 5.486131647563387, 5.46005112509836, 5.427482520166901, 5.411294875027496, 5.377616330123445, 5.345867402387336, 5.327053172921477, 5.300368804841043, 5.271165736326585, 5.235032275099335]","[37.97561795143404, 34.63715125578203, 31.641451995003894, 28.958495831099373, 26.554891781037167, 24.398716113631313, 22.562221476953226, 20.892193295023155, 19.3781307803806, 18.014835210939882, 16.87599949637274, 15.843213513385804, 14.934278434631345, 14.124527651702241, 13.430038324912642, 12.820809860671039, 12.334311149467254, 11.885716719907448, 11.51533206617265, 11.173453374592519, 10.891424911438008, 10.643596174584482, 10.441731909979397, 10.211954380976145, 10.053186000790278, 9.910728102591184, 9.818967828904446, 9.695709649021357, 9.587095058519001, 9.535228647521164, 9.47411390041508, 9.448548922896782, 9.429454614300692, 9.37986626602157, 9.343377241925841, 9.304192415415448, 9.28568140136417, 9.259942831764194, 9.250507128883834, 9.252678480508209, 9.215349962166759, 9.188236469858941, 9.154341997281163, 9.15175197326811, 9.141913252711188, 9.136116250747358, 9.135939822731466, 9.138935527831633, 9.117517907288047, 9.1024654754821, 9.093915321549387, 9.097920342227876, 9.08396983980396, 9.073349889791446, 9.085209665057608, 9.097698967500474, 9.108885636541613, 9.091391499035158, 9.081511847758945, 9.084210281799415, 9.072730425593319, 9.049994220535993, 9.050019329103886, 9.052265335593795, 9.074831472965045, 9.077416218476197, 9.07661632787741, 9.071850629133806, 9.07270659817416, 9.061990672312133, 9.07379848254436, 9.063829600341128, 9.081289006443146, 9.087775412458054, 9.070983115308463, 9.051239987380338, 9.054183250808357, 9.048944579478183, 9.053841578443715, 9.061462607434718, 9.071206454875743, 9.078601913719208, 9.08387628283123, 9.082934872673446, 9.066966151440248, 9.0658005227644, 9.06330140177389, 9.05898001126247, 9.045407888196012, 9.07174152212179, 9.063849870380306, 9.063747078939748, 9.06397688806811, 9.087557412692336, 9.078145700422365, 9.075306277238727, 9.07693512675731, 9.078699424986995, 9.085553886398191, 9.09072015546774]"
4051__SEVERN_ST S of DONCASTER_RD,9.7665771393821,3.1251523385880087,2.2762019842193366,0.9387327392615026,"[12.256990731406512, 11.195177860614113, 10.250108906197745, 9.4195368625297, 8.642471987638944, 7.959681656001712, 7.359043744385789, 6.831604756159237, 6.370861189071818, 5.962866670458004, 5.579327299773552, 5.257704723502332, 4.960875459681198, 4.693480901077225, 4.4646434250455815, 4.2534975350360655, 4.084449671690368, 3.937596623008303, 3.8131004788377036, 3.702428189704466, 3.6073610051395004, 3.521204238345726, 3.43162315791445, 3.3677470455475422, 3.3012154203841955, 3.2532816070335784, 3.19194647305545, 3.156064805046857, 3.121408361292992, 3.079205583979927, 3.0351636513874216, 2.9904490823071783, 2.9553682443348697, 2.9193906349915553, 2.8933963478336255, 2.8698911821217097, 2.8454546110600654, 2.822554774825763, 2.8021872803585333, 2.7880904564372786, 2.7694186446933724, 2.755979011851514, 2.7284455923079984, 2.70806144774773, 2.6791730207068887, 2.664355996761014, 2.6473308245968883, 2.6310471491197056, 2.615863997638745, 2.6078155312196585, 2.5929973205093706, 2.578911378011593, 2.561312914468228, 2.541154055724132, 2.532230783446743, 2.5133563628575346, 2.503306540150113, 2.499554955788277, 2.4892011033802333, 2.4810728672386397, 2.4703537523796597, 2.455332706919135, 2.4431176392936966, 2.4358966257659946, 2.4200189628741766, 2.4088568013814, 2.397566107664631, 2.3874088938950617, 2.3772995788054794, 2.3647143352500724, 2.3564756915114207, 2.3457098737286946, 2.3302707671474376, 2.3192086958072005, 2.2973661173345863, 2.2921809547360197, 2.2840100903249905, 2.266818848205072, 2.2618503578967557, 2.250341716433204, 2.244261397703942, 2.234260221741383, 2.2279459995201, 2.2196596208354276, 2.1975559980108343, 2.187431531828524, 2.1776857987637896, 2.1621887045750743, 2.1370897565189857, 2.1293744359683386, 2.125987293308378, 2.1125161730200324, 2.1109656147552722, 2.0993450219339267, 2.089487016959671, 2.0812908913145365, 2.077408581953822, 2.0698511797423906, 2.061339527958825, 2.050322825751282]","[13.34626894502033, 12.21625291464391, 11.216456066753748, 10.358161707183413, 9.524326989821406, 8.796977135603063, 8.159332582569577, 7.6311422172157455, 7.115642641084901, 6.678023994204739, 6.2791696213082755, 5.941491334250803, 5.613670467251337, 5.324042544611544, 5.092704080902896, 4.876743130146633, 4.7198325081137, 4.558735249312944, 4.4403606426764535, 4.341075742724429, 4.253350744692612, 4.162687808603889, 4.061916215683735, 4.004956253876744, 3.940963939130326, 3.9024080063499205, 3.8452339728119926, 3.8164201180338897, 3.7849564685387005, 3.7366413061774497, 3.703644211648737, 3.6927317805816906, 3.6781460022058954, 3.661179415546029, 3.656295661331958, 3.64534160098316, 3.6409926448205963, 3.625361768374796, 3.6268380015915627, 3.6179288016592164, 3.6200584503998647, 3.6191281499318433, 3.615242305159338, 3.608044908066393, 3.5965588610426664, 3.589039014296585, 3.5871143958741545, 3.583807926947163, 3.576112479918325, 3.580799530916817, 3.5835701774268416, 3.5826780710511255, 3.577403689594519, 3.5807331482363125, 3.5779779454123615, 3.5784685832170835, 3.57993178991528, 3.5826801429940156, 3.5872476137014147, 3.590163822830134, 3.5888163166928035, 3.5854226351848775, 3.57341172083421, 3.574696187834956, 3.570301204309392, 3.570780486165204, 3.567605784983371, 3.5660456332951735, 3.5721852657636233, 3.567157684685103, 3.561701919299829, 3.564736474608603, 3.567870948767342, 3.5687753890662517, 3.56921299010921, 3.565948402018591, 3.5646641202008746, 3.5668480907453484, 3.5648988273346762, 3.562351087418783, 3.5683485310482252, 3.5641249342918595, 3.562847095126368, 3.557318904478898, 3.5530290904585, 3.5514355059810714, 3.5518312033359, 3.558552283083463, 3.5358699142579177, 3.5365274687670127, 3.532014968508214, 3.532305312356272, 3.5354237953683754, 3.5345494535149213, 3.5349474426738725, 3.5417816574619785, 3.5416088052940036, 3.541837566992203, 3.5399449946929393, 3.5402030978035803]"
4057__BALWYN_RD N OF BELMORE_RD,178.54921764978076,13.36223101318716,9.788604675785878,0.9461152979978362,"[55.58154582830006, 50.44561101653698, 45.84446267256944, 41.760422637877966, 38.145481881866864, 34.863386083241075, 31.961989243265137, 29.365734640872645, 27.036081491767277, 24.948836687805226, 23.091843446633575, 21.4417265880018, 20.038320139507828, 18.724130043565065, 17.58263154530733, 16.607473548861453, 15.794796558351246, 15.064758045906753, 14.407466360083191, 13.83700688810951, 13.346584906404606, 12.903368797399581, 12.505580583407431, 12.162269939046745, 11.883073808630046, 11.632635143447521, 11.399935041966142, 11.185590101798574, 11.021542923194728, 10.857470062416215, 10.725350656521226, 10.585528532991457, 10.451596747034982, 10.319087801819004, 10.235335845649274, 10.14667391513546, 10.049324027230307, 9.976312891041568, 9.883006500360061, 9.801724391748305, 9.713515859124689, 9.632886433496122, 9.53388404633752, 9.473605526551935, 9.391978697171844, 9.32941556254579, 9.2527363192354, 9.179432663451305, 9.121082249234096, 9.050784208295168, 9.006787489614476, 8.971368589668641, 8.953836776907313, 8.923500721138758, 8.867344587731019, 8.838765838542805, 8.81299146393072, 8.779308721459481, 8.698325137125947, 8.63724699694068, 8.614237381080235, 8.585461272599465, 8.56123100111132, 8.53113891245734, 8.47337576528775, 8.42926166664609, 8.37655172170125, 8.330342311508852, 8.289863331717994, 8.226414738785927, 8.129437251645513, 8.093177635870044, 8.029647660449228, 7.973260745043604, 7.933487198761177, 7.8941260584392055, 7.882792455287722, 7.829753897069633, 7.8151023320894994, 7.7509409296706195, 7.694561052139367, 7.675515497467392, 7.623782826734259, 7.583148647988554, 7.546548408445364, 7.467023750566454, 7.401228064475567, 7.346595093195025, 7.319578955768172, 7.2695725361267645, 7.243556703891526, 7.229014694749287, 7.193182327794775, 7.121711903282483, 7.092285761709933, 7.059602621740966, 7.045064463102492, 7.018963806365854, 6.969924604290388, 6.9184301386858404]","[58.4203865156091, 52.911670660122375, 47.98659015352356, 43.65083492386329, 39.736625763744584, 36.26458273693896, 33.121615917443265, 30.326706497223952, 27.87337676191661, 25.6208257916096, 23.649073505076935, 21.862346886663023, 20.40708914973473, 19.03531063837438, 17.84466319167415, 16.85523428211131, 16.067470893500182, 15.369975259574947, 14.738995388832562, 14.242176889551393, 13.79591178276384, 13.363598543597108, 12.98172324033987, 12.68549133204981, 12.477609007186995, 12.315735480393137, 12.166072416138952, 12.036276540216756, 11.923735183378733, 11.833785391533324, 11.74586929926467, 11.660226513655198, 11.644857843599329, 11.571630135702486, 11.585655990849899, 11.584534265806159, 11.572191949015053, 11.591215432071781, 11.560756125839259, 11.488839812298275, 11.462164017591512, 11.451947699745329, 11.444475620102171, 11.461334376016863, 11.46528872115967, 11.458695080963112, 11.496614339677214, 11.503317643049412, 11.496432359129548, 11.507198334679334, 11.523488838723717, 11.51171672007295, 11.512819688019562, 11.51331130417293, 11.543862675513939, 11.559765454085326, 11.571823058541984, 11.56121159129383, 11.559127296276973, 11.569573067663919, 11.577364789886152, 11.573368571233079, 11.583473802677709, 11.583849850962482, 11.573911754305898, 11.566299946852759, 11.586647487669401, 11.610995341832098, 11.620407610017818, 11.624753629805067, 11.616488202008137, 11.62024224168732, 11.59348957533539, 11.596906356026354, 11.596909083610646, 11.609121414802907, 11.607124847073756, 11.612598793176529, 11.635603220384839, 11.646946187291967, 11.623416539710208, 11.620630222206632, 11.619140396496974, 11.596650325668124, 11.596497149560426, 11.56273854233516, 11.568501178361243, 11.559253394120569, 11.557938401996108, 11.535625485831728, 11.530910516253995, 11.5302010221101, 11.523616426325797, 11.54332184210847, 11.5482638617639, 11.545317856157235, 11.542408370563267, 11.550790759030926, 11.546786633066475, 11.573875391866203]"
4057__BALWYN_RD S OF BELMORE_RD,161.2568209911775,12.698693672625446,9.481132993012183,0.9661766394157932,"[62.283406412070704, 56.47486305722754, 51.270672593668124, 46.62526209225774, 42.46900769881202, 38.71185344656788, 35.33192213943375, 32.32074929588076, 29.646233226272074, 27.253267092352484, 25.125426083007344, 23.255067750489626, 21.562235519599675, 20.053557999012778, 18.75731959751294, 17.593437303819048, 16.60850334067093, 15.721445895731165, 14.938694816114381, 14.27810096067718, 13.669519279916775, 13.172599299952035, 12.746611351607841, 12.360874475589764, 12.02270705658874, 11.737853046758476, 11.495200868121504, 11.213821835637303, 11.039987913546755, 10.848195782040696, 10.660661378992062, 10.487482381167549, 10.358014684478453, 10.240988804420786, 10.140180354478682, 10.025412195921428, 9.903520807758309, 9.815165337297318, 9.728117584514187, 9.651941891022911, 9.571300886292423, 9.494478455192027, 9.430198564638337, 9.367896385454756, 9.313259384510628, 9.209969015090676, 9.144956656663561, 9.089133557607024, 9.010208541785776, 8.957067956389666, 8.882396102506167, 8.837079649441424, 8.78481442230437, 8.720979408685968, 8.656436215780214, 8.605837808467156, 8.57339119867177, 8.501622969226208, 8.453342693528464, 8.437522275920594, 8.429964119026382, 8.392138751657416, 8.303050033719245, 8.268135068110752, 8.232685739047117, 8.191123869042473, 8.157889338065921, 8.109837945324724, 8.036937584457155, 8.003243153038493, 7.934046632294193, 7.910052858417239, 7.848891729601526, 7.795008141823209, 7.767717664410361, 7.734641632133371, 7.698052423225133, 7.63227708348448, 7.581064297025406, 7.5499228948206145, 7.5434582111912185, 7.516662596747762, 7.484500298921548, 7.447174952195405, 7.415354804775406, 7.3838993937680515, 7.334616101874091, 7.285070607378677, 7.239480868918822, 7.20240573049925, 7.1484928941188715, 7.097250564945445, 7.04904863764075, 7.021326548819808, 6.9974625284937435, 6.949157692567978, 6.929623415046192, 6.885631380067863, 6.824882605170362, 6.797473826938215]","[65.99111590269543, 59.8770052983055, 54.4246222683046, 49.47739683528546, 45.03744461923865, 41.040202087407046, 37.49017602748256, 34.35216374717134, 31.59038284423526, 29.07167298271989, 26.84233300499192, 24.885104558945645, 23.156211322824422, 21.60876189022562, 20.285314359062603, 19.074842003180837, 18.09652846428399, 17.16461693724547, 16.373340319983374, 15.767320897995008, 15.17967955833324, 14.762951885261177, 14.38671327203556, 14.039702383112932, 13.78547796158816, 13.595396538678026, 13.370757857991432, 13.171441392606896, 13.050213431486616, 12.913447024224102, 12.810093131956519, 12.7025886683658, 12.622765609585345, 12.561287980170967, 12.486468887983788, 12.433094627068668, 12.42984394713544, 12.394253275217213, 12.362378089317618, 12.365469472262633, 12.348755639624015, 12.343179126894407, 12.324517630020727, 12.31154072741828, 12.26499580274584, 12.234890811888471, 12.224632101071016, 12.181916095720243, 12.176599000723092, 12.132380957534785, 12.124045391926858, 12.110264962422445, 12.100992720762873, 12.08903862834244, 12.070123840933737, 12.065879239266863, 12.06035670985903, 12.051238571785296, 12.058375494711825, 12.04896889709263, 12.048715062350684, 12.065144667394186, 12.075996488200435, 12.08554721300734, 12.076085758094388, 12.081341371127056, 12.102685237115335, 12.092915234777887, 12.069330699735856, 12.059344529340185, 12.07299618748826, 12.069371491525477, 12.08309929339676, 12.072223361497883, 12.093889783591695, 12.089304410329918, 12.086194100497256, 12.087637577852155, 12.072787872618584, 12.071853045735649, 12.070694750653649, 12.064239079279021, 12.063828170409971, 12.058712909422537, 12.042348498230648, 12.048009061120025, 12.033200513216181, 12.052847849454334, 12.048942803606156, 12.023829755867926, 12.023552493336052, 12.025773562243495, 12.01057409385777, 12.01219932582823, 12.013680339542452, 11.997797843822536, 11.995160500143966, 11.990321660255022, 11.98229479597397, 11.9817084127789]"
4057__BELMORE_RD E OF BALWYN_RD,174.08456653528913,13.194111055137027,9.300830431161513,0.9441320121488002,"[55.41966984905684, 50.568418733011754, 46.24018991462479, 42.4665647495314, 39.06397201259495, 35.89325893662766, 33.1353293962589, 30.716378464535712, 28.502438947816714, 26.569006760966356, 24.842956784172433, 23.367428810348017, 22.059147066088766, 20.910014586201143, 19.9249351028695, 19.066438421520655, 18.256637726145524, 17.577302848792712, 16.983901552061653, 16.50589636961172, 16.050241636905845, 15.647358069632194, 15.31110427941346, 14.999171648411705, 14.670190349142997, 14.390507901925403, 14.158345498375214, 13.94903673543841, 13.731872784752134, 13.533608947908181, 13.340478210993064, 13.190550053403687, 13.023383756673953, 12.894818832147186, 12.752971088008993, 12.60188841760667, 12.511054675237142, 12.342244615626962, 12.221557916098872, 12.108223876239117, 12.007159969008796, 11.916258666080845, 11.821912923384836, 11.734811192008104, 11.66644288058508, 11.581912182636604, 11.513562502043644, 11.427208378076065, 11.368591508692846, 11.314942905741699, 11.261290921371426, 11.209450656983014, 11.148096055336822, 11.05268755687347, 10.998522570454467, 10.947093755685584, 10.924076217176328, 10.876663166062881, 10.818669618320952, 10.717096078910261, 10.63024817848928, 10.565240974703634, 10.475929698974062, 10.426985182835809, 10.349804164823043, 10.312457703439545, 10.237030646774638, 10.127260305303613, 10.053135558204971, 9.967251288378876, 9.850871669356383, 9.794131492010012, 9.716582987667065, 9.664141049689269, 9.645266985295523, 9.591631515856777, 9.521214868035354, 9.49533316819066, 9.426838186174603, 9.329524667745764, 9.257823620055836, 9.221227085530897, 9.182912887826967, 9.146969206866698, 9.087749051514814, 9.055971314571533, 9.042614116540541, 8.980625553046739, 8.90259312617224, 8.856546228310894, 8.766403390192027, 8.72602703059259, 8.696205504391797, 8.648194791241812, 8.597081562613988, 8.553202262478532, 8.501078516338932, 8.42782538486263, 8.371654892427436, 8.329833547389331]","[63.79244848575942, 58.10023388722273, 53.115487247109456, 48.70907622369915, 44.83940024776371, 41.146095127113455, 37.78347788582588, 34.85148569421414, 32.27128442208491, 30.084333994147535, 28.123039891476292, 26.33722711440356, 24.713070475289644, 23.293709845388914, 22.107161695139954, 21.058896779287036, 20.085785306581247, 19.25057032968098, 18.51026973541744, 17.92723442598498, 17.44716287775326, 16.97665418696763, 16.586227678185264, 16.259929920749283, 15.910209836505121, 15.664863540721669, 15.429092680452932, 15.196624977464207, 14.996185762617428, 14.86869849324957, 14.790932557794598, 14.673377113039198, 14.480239279177868, 14.398998111091407, 14.346341837213037, 14.299424231669503, 14.208776428777549, 14.15425928574113, 14.056276221063891, 13.996890355064558, 13.92948128830451, 13.906394944623305, 13.888693210165503, 13.833775591816073, 13.822069001438596, 13.823180942329342, 13.786200183312634, 13.748847798849045, 13.70445916061843, 13.708869862656773, 13.713944983326414, 13.685352492388049, 13.673716163919526, 13.68608742811286, 13.675262258999737, 13.631795051708643, 13.620176498025689, 13.62889585178258, 13.642583651712686, 13.639454072154248, 13.635046062590016, 13.64046711386119, 13.654078756726822, 13.649358758265626, 13.644649440173305, 13.647157123064881, 13.640978363683068, 13.647783547980993, 13.591304181824984, 13.614220132030937, 13.621444895381265, 13.619974512725829, 13.63582345946894, 13.631329000786453, 13.626150920981571, 13.657758611874021, 13.647002021181128, 13.655788199618664, 13.636651199392665, 13.659092125942893, 13.668914752303866, 13.664628341379723, 13.658408533842605, 13.662752470905934, 13.667908581382765, 13.658889008137063, 13.659413666065296, 13.668438360785728, 13.682028863090922, 13.670672532445629, 13.659459987651813, 13.654817075206813, 13.641978513928402, 13.657006620903475, 13.687604387422697, 13.697861140534366, 13.684173004000359, 13.678766061471585, 13.648370615123843, 13.644337764229217]"
4057__BELMORE_RD W OF BALWYN_RD,168.2575221317189,12.971411724701321,8.887065920669041,0.9548702466331015,"[56.59238963861943, 51.42380341841374, 46.77959939572336, 42.60052462317784, 38.93246109738852, 35.5898354679111, 32.62391075064637, 29.921228043671604, 27.578403462492208, 25.42923414574997, 23.553006632601864, 21.897843677984497, 20.42625439143437, 19.131970253584015, 17.98800006144468, 17.013527229662014, 16.14336521487739, 15.422356432806815, 14.722379456025026, 14.144906366820932, 13.585361988644845, 13.10707776572759, 12.73465602629562, 12.374311502484595, 12.072409670646778, 11.790771764210005, 11.51099125070013, 11.311952801058851, 11.11046455987599, 10.923788419328824, 10.772733267998484, 10.627462312717942, 10.485834578108335, 10.37725784039843, 10.283022586057005, 10.19471125916631, 10.109778378549384, 10.034918117720622, 9.969075781921058, 9.902296016858559, 9.789560264163423, 9.740534193148768, 9.682312255351745, 9.583222042678626, 9.501225779404312, 9.422199329584853, 9.338139267656697, 9.296112595581933, 9.190463363796406, 9.10904036104333, 9.064349924288875, 9.034611645052141, 9.010490507726747, 8.961318582304896, 8.942971486339108, 8.90007807036067, 8.859996264643424, 8.840043105144565, 8.780781720907399, 8.734061881273504, 8.68478620974905, 8.61411801027921, 8.566829286353062, 8.5093239604977, 8.48133195601643, 8.446613677093573, 8.38432490047688, 8.323836843994194, 8.295161471562615, 8.227225785018172, 8.153766318704264, 8.131569610817278, 8.11620514103184, 8.039958097920724, 7.998276048867353, 7.950117279369791, 7.913854640293831, 7.878860949839156, 7.8326374807427195, 7.800873463610553, 7.766558073474565, 7.708816821225181, 7.671271309550914, 7.632314411000919, 7.607562715515592, 7.56058517073096, 7.517896531237873, 7.4766074785927765, 7.432531846989969, 7.389245283110527, 7.356461714206091, 7.313804745590333, 7.296335063506194, 7.280695019834411, 7.251138527049205, 7.210151646232754, 7.175229952472836, 7.159555821957892, 7.113185328329703, 7.098992460983078]","[58.83693781452316, 53.48045846124011, 48.74318424937273, 44.492737820792534, 40.743686540915284, 37.32957767117342, 34.33003493571613, 31.56673177854301, 29.19831539195835, 27.065776904700222, 25.151258178598187, 23.58690983091892, 22.130630241171144, 20.87348574389083, 19.84049845533505, 18.896993036940483, 18.086718240431512, 17.417056475831995, 16.781085254605216, 16.287315134454715, 15.81474462040063, 15.39144037931665, 15.105834533670834, 14.825623196666758, 14.600081272218048, 14.410413435200281, 14.194530129229696, 14.089062357586185, 13.96090279882024, 13.849594963326885, 13.752235964736595, 13.658860778484378, 13.591637083818245, 13.550939557488599, 13.572872813204766, 13.575924597630198, 13.567137253362747, 13.585639109216979, 13.561501772432146, 13.565127167247308, 13.478453160926795, 13.457459428498804, 13.428018364838055, 13.407733047992597, 13.386615133820163, 13.40174666608072, 13.360169463792568, 13.363311783015893, 13.359306739139122, 13.345222816862988, 13.347295640261313, 13.370730815793063, 13.35155295240925, 13.370472053672609, 13.372097844169366, 13.389131629115745, 13.38983512460535, 13.401035098295228, 13.411452000656064, 13.410276907157176, 13.403646305208051, 13.356258618354703, 13.357608394282568, 13.35902682738838, 13.37106372723497, 13.375852152824502, 13.385600620016968, 13.394870732165922, 13.389649903218295, 13.384407942437658, 13.377336572975919, 13.378947904970783, 13.366860921532892, 13.380431267985582, 13.373511140018602, 13.386753804663591, 13.378007189679655, 13.386565885431747, 13.36616494659119, 13.373803245368737, 13.351039532596419, 13.357796505410791, 13.371949591705299, 13.371607692941067, 13.38285444853005, 13.38818796779691, 13.381478872587099, 13.375169444415013, 13.351188772452772, 13.363781728597683, 13.361879876432672, 13.367141996927103, 13.394872032376226, 13.385530872931207, 13.385200045700381, 13.379091830643176, 13.390820544697723, 13.40285064119957, 13.389121928714133, 13.39145235208968]"
4063__BALWYN_RD N OF WHITEHORSE_RD,152.97429560091788,12.368277794459416,8.991317976726576,0.9528760798770772,"[54.53024602049414, 49.44944000578542, 44.9005806694461, 40.85352425619848, 37.245918871209064, 33.97155627516595, 31.049404174038703, 28.46192050888217, 26.152061268460553, 24.073535771927133, 22.252416868107126, 20.62851462561617, 19.20952938543924, 17.943963679819365, 16.83387252062531, 15.89115806085532, 15.050977185157095, 14.319630668963166, 13.663756877575814, 13.11180947858161, 12.635135309549845, 12.22388077967497, 11.855680274393334, 11.545549439222023, 11.279304119727009, 11.067788988689818, 10.853888278793612, 10.647931860629289, 10.451405515998244, 10.289243309151596, 10.150468859840991, 10.02607314161718, 9.90515289476349, 9.795202469297111, 9.710330859779388, 9.621371782887337, 9.543908364261187, 9.452529808702359, 9.364848384918162, 9.299529035693263, 9.188984909008035, 9.137754829508497, 9.061872889260222, 8.99967558455879, 8.922062118455747, 8.88269750092751, 8.828383707988547, 8.760530781166727, 8.70521381672548, 8.642771246035196, 8.627430934437935, 8.567220011114841, 8.538510559756489, 8.51250354566061, 8.445503617678606, 8.381958159694227, 8.326125356431696, 8.258017650370828, 8.218555581303102, 8.145859683163255, 8.081533443503384, 8.065297912172397, 8.010829943762136, 7.960560010818055, 7.938598823645564, 7.884129268485346, 7.820880734812325, 7.764575979744814, 7.73330634393827, 7.713785558480235, 7.692596207503265, 7.644119548160729, 7.588035014383547, 7.532171594894227, 7.4984255430997795, 7.4612701162932185, 7.4162679297139675, 7.3766334034829155, 7.312599847176977, 7.2855741711005235, 7.224275128843836, 7.207176566004884, 7.1810393941013935, 7.144888159559577, 7.109275689542008, 7.051279544591762, 7.0229519563284954, 6.984651200779276, 6.92434888093649, 6.8921410324404535, 6.860936255225348, 6.813050630928596, 6.801932574990365, 6.761372115239933, 6.712735897380888, 6.690798152499139, 6.676411674225678, 6.647602103226375, 6.618575923989418, 6.573815865803677]","[54.43235095133673, 49.20952650080602, 44.59482200295146, 40.49255118044227, 36.82730931606521, 33.50114760968031, 30.525252924466766, 27.921512767941042, 25.616726209738207, 23.54148055144715, 21.766032503221872, 20.24786824746149, 18.874991836358543, 17.709896944979633, 16.708502558977568, 15.861308253566246, 15.176124920537516, 14.531611169777852, 13.990487225397795, 13.624629266206972, 13.273285142510575, 12.994944741498049, 12.752963510570925, 12.567965565321382, 12.391743248974251, 12.292160044362156, 12.184347424696593, 12.098682314688118, 12.072656450081144, 12.038506367608392, 12.023405910984152, 12.027266509931325, 12.022016520386725, 12.041106655813866, 12.022728633887066, 12.01466740733795, 12.029749001470218, 12.019869238107932, 12.021753474541118, 12.049727614724619, 12.038504078602948, 12.040332962446472, 12.02383973117366, 12.00781500814122, 12.020112520287428, 12.034487174486678, 12.035608930521178, 12.04635587236466, 12.072204670209775, 12.06375443890076, 12.075103905788131, 12.08051557528322, 12.072980915482209, 12.085448239583624, 12.087181507092154, 12.072913518862498, 12.064523408360051, 12.081945670795516, 12.090304808792302, 12.098404814921285, 12.079533361620397, 12.076720586439553, 12.07600778663509, 12.093762063242067, 12.100344469469071, 12.087449626021176, 12.093637935947338, 12.089626670328684, 12.080068455355788, 12.091490167023247, 12.104319972521697, 12.088300475247374, 12.121198733433825, 12.113529003297916, 12.12957209617592, 12.13600915875637, 12.15576139308366, 12.144660176697244, 12.142037815113799, 12.156205190773413, 12.175954018931797, 12.179647420812756, 12.180750929714442, 12.170288721805917, 12.143741499234634, 12.123289966994209, 12.129021145308597, 12.14371405718166, 12.152627640031264, 12.167189757794732, 12.174414888328696, 12.163450893836602, 12.154099130990467, 12.168597741856312, 12.182952366663717, 12.19898626023703, 12.197551700605429, 12.196471687038311, 12.209894804491835, 12.197774572721878]"
4063__BALWYN_RD S OF WHITEHORSE_RD,160.94019378780038,12.686220626640559,9.170376873016357,0.9522492546711114,"[54.246614074690065, 49.21967487171773, 44.721863056699185, 40.665179449207, 37.08936442838581, 33.851031099422606, 30.94532236431365, 28.344072153783546, 26.05676223191515, 23.97033236884247, 22.18201982435945, 20.58648942826349, 19.18712033872324, 17.94081081376048, 16.819698945142303, 15.817632552944799, 14.962769102844176, 14.21225805559703, 13.56250658880624, 13.004772490013131, 12.51532812389382, 12.104047821135087, 11.708790091803484, 11.398823169521972, 11.10014158907621, 10.847247172446975, 10.63163798843411, 10.436532044314475, 10.28534069250818, 10.131630218639572, 9.989038165805376, 9.878450179362734, 9.760205427723681, 9.65159164651119, 9.553803394703586, 9.46229174200645, 9.3711282348318, 9.286465638692254, 9.21430127267624, 9.114837850140166, 9.041502863779241, 8.980517574336567, 8.908255703586782, 8.811773734375793, 8.728352827153198, 8.655664536495863, 8.575354684663441, 8.5208926837256, 8.457311813250774, 8.394175655790901, 8.330840137927744, 8.276971375178295, 8.219222162622062, 8.182788356031265, 8.154320057185643, 8.100855103090678, 8.055469208307194, 8.029008384290881, 7.97638184061664, 7.934438730697647, 7.90292173003287, 7.818877464398498, 7.796547900885891, 7.763431035311001, 7.738548719888211, 7.690537695001245, 7.642981971617424, 7.57234874647602, 7.52303799473984, 7.489180269523176, 7.461965128006803, 7.431188500561013, 7.416260955235864, 7.362629229270525, 7.351243381939888, 7.327403753211778, 7.2801391753143125, 7.253585269943241, 7.216271116983891, 7.17225583347197, 7.143601684430843, 7.080510290432615, 7.057110529673195, 7.037996804975304, 6.991491922889837, 6.94698480936896, 6.928452074284054, 6.913148856422517, 6.877529052412498, 6.844535640041695, 6.8142221086894885, 6.7941335751521645, 6.765553516171801, 6.750523853272258, 6.735283546361283, 6.700138139381349, 6.673492501496157, 6.661366459221392, 6.634369618246143, 6.6040531093385395]","[55.62997304256949, 50.55711426974804, 45.977836792029464, 41.87107385382266, 38.17486123291565, 34.94576632722312, 32.00395677222705, 29.370227581403263, 27.02161984467648, 24.93026568939883, 23.14094345906873, 21.526285540562267, 20.13703543012736, 18.86015096318628, 17.703386614786027, 16.72878832607991, 15.933063398364306, 15.235580234090653, 14.573370605165948, 14.057969054931874, 13.637977442887175, 13.30071599364277, 12.972914214618786, 12.700969504163702, 12.43774542209022, 12.253731914869988, 12.055915534662871, 11.925135164917874, 11.823667299062315, 11.73018034588359, 11.662366058703231, 11.584175661822218, 11.557853430166785, 11.5145623918526, 11.491700357573935, 11.438261228350177, 11.408259990133674, 11.365242910186549, 11.359338245460824, 11.349568624067778, 11.317431418204455, 11.29756021062108, 11.26928710811007, 11.230837073032154, 11.240293806240196, 11.22165877953565, 11.260365398862728, 11.240872944271523, 11.23887956003266, 11.24337371683128, 11.269352312866776, 11.265845628899608, 11.252180553725706, 11.264454841033471, 11.249631710806588, 11.261498880518872, 11.27023428458045, 11.264206244378812, 11.238419034385105, 11.242762155759145, 11.248734289947283, 11.230474579850718, 11.230764123518282, 11.242489840028973, 11.252086256544892, 11.239493000310308, 11.224812029506149, 11.226891377144593, 11.241185879362314, 11.244978508287254, 11.257689112009697, 11.23949079762633, 11.241118326227081, 11.253078168473023, 11.252457424155885, 11.247715741832838, 11.24808878778599, 11.230141595265675, 11.226542830149944, 11.225732172825316, 11.219908190289251, 11.207573397739985, 11.212932982018236, 11.21614739342797, 11.213813299175472, 11.239627597068264, 11.235119277003262, 11.244493133190929, 11.251431135484193, 11.237671764817899, 11.241682614184063, 11.250232709753424, 11.235342084172775, 11.224822888284557, 11.21657772071843, 11.20193557380806, 11.194351946880179, 11.189728456796248, 11.196381600037144, 11.20591990382458]"
4063__WHITEHORSE_RD E OF BALWYN_RD,204.21428037371064,14.290356201778549,10.240721744365906,0.940186575798331,"[55.106253615588074, 50.09632225233641, 45.561478459679854, 41.58021187984328, 38.052114785325685, 34.77028324106774, 31.898811339337158, 29.35266268672851, 27.028979587632108, 24.98179048264643, 23.20008587607799, 21.63712490600166, 20.292094444779135, 19.087350233458324, 18.01544984163668, 17.046789133608048, 16.233642491801568, 15.541991530216032, 14.915316045409382, 14.388318955988547, 13.942218257011806, 13.55290781511004, 13.22518200288093, 12.922651226872217, 12.663106623487776, 12.443495569193988, 12.252642814084739, 12.097499287534871, 11.93826028447582, 11.775681392208158, 11.639570628055449, 11.536007051051758, 11.437076509598581, 11.352458556238206, 11.269688857799455, 11.185843820267609, 11.064858460210196, 11.005396691013067, 10.888241139313218, 10.789257331482991, 10.676617068390454, 10.604370893401118, 10.547970537325106, 10.442486359257126, 10.407520302190633, 10.32913393613925, 10.257023594540751, 10.204681363071657, 10.187257408713464, 10.082076241234518, 10.003759320763884, 9.940359939252476, 9.868685544004633, 9.83081915975579, 9.80938571926231, 9.775475572587252, 9.678766713247956, 9.583412652697517, 9.57079231230094, 9.548508611922301, 9.51082274031112, 9.41258746229674, 9.358955205164449, 9.344054732021064, 9.273953717036798, 9.261323124823809, 9.212196591618998, 9.181144079320203, 9.11008241544369, 9.069949582521776, 9.028443149578454, 9.002760921656984, 8.972810016091232, 8.926084598620962, 8.855150696366685, 8.768059362932224, 8.723781970028877, 8.69948019531416, 8.675280822539454, 8.619242204818626, 8.58631624657513, 8.516648001840837, 8.470777979142285, 8.417272351395269, 8.33777528351141, 8.300872385129692, 8.243691632313286, 8.206891786016758, 8.185758327878839, 8.170411531622294, 8.121818679510667, 8.101793337705399, 8.06877677726207, 8.029166463838184, 7.986321799721724, 7.931196286249404, 7.887965231990425, 7.8317996261881335, 7.807113653687732, 7.796761439730374]","[59.394155411372516, 54.05558116329343, 49.25468695971407, 44.993817097746394, 41.23729768796127, 37.749506941803894, 34.6595253151294, 31.956000505937066, 29.47264552580574, 27.301223994697793, 25.400964438439516, 23.71714505070398, 22.252262528342076, 20.9260642085151, 19.774223656620915, 18.745341051591282, 17.863889124224713, 17.1116121294788, 16.497584189149563, 15.93135176412022, 15.47575836066833, 15.087989608919765, 14.748306991683748, 14.452263064640588, 14.235075243256233, 14.02856478375134, 13.853163509447436, 13.684538348532444, 13.581401358605548, 13.492567409589233, 13.420154676847215, 13.34887959471045, 13.280370366620605, 13.225238668789205, 13.170683708061382, 13.143555675583817, 13.125273954975299, 13.094930864546978, 13.077617365223203, 13.06405776788703, 13.057058367285059, 13.068256536586405, 13.047822711017863, 12.989159684403127, 12.96964657405367, 12.964747674878007, 12.97313354846122, 12.983162841721352, 12.962116878744256, 12.950588375421813, 12.912512226285456, 12.91700805227668, 12.909163929984135, 12.887228370824753, 12.892999619111874, 12.900708855929572, 12.919576134486622, 12.882489813304076, 12.884713150702364, 12.866532237158607, 12.84668803699614, 12.842789459039878, 12.859367484253449, 12.855108465538805, 12.848890175152242, 12.85190333826521, 12.853015199064275, 12.856231027624284, 12.86519457076561, 12.863964094542855, 12.852747710591185, 12.835868990728704, 12.850840676742697, 12.848415683658406, 12.87188657441701, 12.895038918327588, 12.899214001068197, 12.881033383270022, 12.85958821421476, 12.875154078429182, 12.877973359442281, 12.89121982549254, 12.870272267013295, 12.846099601450282, 12.852807616273683, 12.840486211521432, 12.837978057606385, 12.852250798451818, 12.846899532146782, 12.858996475001465, 12.863048209017258, 12.870043459878618, 12.876947741788495, 12.883698295301665, 12.867856869222413, 12.889049497159126, 12.897003300577184, 12.914176176816884, 12.92199470367678, 12.932891287766045]"
4063__WHITEHORSE_RD W OF BALWYN_RD,179.85560974035778,13.411025678163389,9.931095665492368,0.9421115508596938,"[52.05803544380601, 47.32521043266263, 43.077234409578956, 39.28383144768724, 35.86374652419396, 32.805840817549935, 30.116560927230015, 27.73061041693175, 25.58702976662517, 23.66809567758596, 21.995270686075163, 20.531493144532725, 19.238547450408362, 18.12064093598807, 17.13595241422567, 16.26233962976694, 15.517616031455125, 14.851363020654523, 14.270299775405958, 13.78792463141135, 13.34712600473981, 12.963788025491295, 12.659358287140511, 12.346425066473946, 12.084478505954998, 11.872691557357033, 11.681704190810681, 11.527082947223935, 11.390134570649089, 11.247391472547593, 11.098938151050051, 11.017639022431165, 10.93287733282911, 10.838716214975452, 10.773362447436494, 10.694298420422875, 10.612589245687454, 10.518321705571822, 10.455695936296665, 10.38126174551741, 10.307166403628909, 10.205974265694094, 10.150221128823379, 10.071859847605271, 10.017110324033698, 9.9387168993795, 9.86310914303063, 9.795175904028996, 9.743463779937272, 9.676207319683899, 9.619367043378489, 9.57446238733789, 9.505938996689585, 9.439312356877243, 9.407662754573773, 9.368357680186765, 9.31110511973788, 9.240491636591598, 9.172026685047959, 9.114568084418721, 9.088421975422776, 9.071731411696017, 8.993203757184885, 8.964188493195218, 8.893591820379703, 8.867938927385055, 8.789684921654311, 8.753660267650476, 8.728811060945514, 8.660323312197379, 8.596969791707433, 8.560201873364834, 8.508585412045601, 8.463226774716082, 8.409265109519826, 8.375438161113683, 8.307676125243043, 8.265295120268044, 8.225652351545143, 8.205838628419434, 8.162897801025613, 8.140079212971697, 8.094141573886864, 8.048574586489233, 7.9943946608327545, 7.980654116297914, 7.970638197982283, 7.936203823466202, 7.9128304124761355, 7.890304992276445, 7.8516219964936464, 7.8310498277090055, 7.787203990628909, 7.741184661815489, 7.690511135452904, 7.6508843959453925, 7.623207404106294, 7.5644808406399076, 7.540344438806161, 7.519153214848326]","[53.78406160284001, 48.89112660346407, 44.378161143600536, 40.42798455538143, 36.867947680701526, 33.66187424146565, 30.843398948007675, 28.373025153192852, 26.124565107741212, 24.128655905619524, 22.45201420634291, 20.99401970688104, 19.712080473228742, 18.602633719568495, 17.5966593526543, 16.743554029605303, 16.03740467689376, 15.380647788284469, 14.82971812118598, 14.402197424716944, 14.023815104634679, 13.701075119480516, 13.449768246573612, 13.241799298639192, 13.061343655431399, 12.928762679596213, 12.80911256797201, 12.706500175529042, 12.650684412413796, 12.57780363260703, 12.534046835153315, 12.49347921248456, 12.465039123136977, 12.48653281793018, 12.491471347887188, 12.488474775613533, 12.495472603213457, 12.491348446122464, 12.478068090064587, 12.44681273246098, 12.447179113790872, 12.459752665144531, 12.489569174909017, 12.48090790685075, 12.521252825643376, 12.551848514270107, 12.55405410709697, 12.528536983190554, 12.514300784746624, 12.508313241011418, 12.529067988814727, 12.558657232732577, 12.54195436157308, 12.539303734936174, 12.528879896259713, 12.51281914897188, 12.50547035894346, 12.500778190134044, 12.516171006206543, 12.49887657814009, 12.485545642627859, 12.490391017700075, 12.509648485725572, 12.505505967768682, 12.513727399541464, 12.524751285454833, 12.523866893851899, 12.553082855710816, 12.557863281315218, 12.54375673918938, 12.54443728220761, 12.558556344995058, 12.567624721283561, 12.586293358849073, 12.586441370321355, 12.579290289563572, 12.612879764711213, 12.626694513770099, 12.623144292476768, 12.625340414301043, 12.624461396925318, 12.614148924636565, 12.601242341644614, 12.593640005999108, 12.598936326865868, 12.599757318357657, 12.587762635555196, 12.577190156265177, 12.579631827988129, 12.587899858711697, 12.590708069661062, 12.597639861273514, 12.621706812926977, 12.628342681749244, 12.640856645237136, 12.659737834814907, 12.658154472021552, 12.647675777998625, 12.661582697228061, 12.685815304385859]"
4262__BRIDGE_RD SW of BURWOOD_RD,261.2112683690729,16.16203169063447,11.487756882532032,0.964736272879018,"[77.82938986956283, 70.65694718465586, 64.21280092291902, 58.44888473769983, 53.301963158215486, 48.62758211392325, 44.45620012873988, 40.72274159321053, 37.44465032415248, 34.40606375744983, 31.82012660078231, 29.47857823308896, 27.45921634951516, 25.61374970249261, 24.034509326758755, 22.56178422983242, 21.33104836216585, 20.184232405043534, 19.161043077682166, 18.308916228392288, 17.56436509226409, 16.904297445538727, 16.381331585192058, 15.86320007053141, 15.442728769057247, 15.033471354496443, 14.683145430879433, 14.395705743756247, 14.128884655798348, 13.889495388428779, 13.685501698887897, 13.535507763764915, 13.396693219511384, 13.214348999375083, 13.068367713973169, 12.930984487722327, 12.7787862611665, 12.67578671518287, 12.570880872741792, 12.433234783698998, 12.334344556444004, 12.202145175491033, 12.074985931735965, 11.96725126684775, 11.890408335581807, 11.827459865664508, 11.730936001183622, 11.629791031606882, 11.56652009659885, 11.458800774653474, 11.412137731848443, 11.305161863343821, 11.191892113514726, 11.102702420020387, 11.075807306235673, 10.963972217732719, 10.878395036392027, 10.843322084111726, 10.822960556933566, 10.734548176696842, 10.6671604766299, 10.572522681309849, 10.515925582446062, 10.42390702079569, 10.35207658587495, 10.284712993012146, 10.216532079070447, 10.182862208271679, 10.147330699462175, 10.11796101376306, 10.094081551078805, 10.048082684215837, 10.00188384593021, 9.957929088257242, 9.876562478773417, 9.840141070925739, 9.79884705870946, 9.732572110633384, 9.694898133907284, 9.65822137652937, 9.59822396978216, 9.525907112705426, 9.478318607107003, 9.415464420452201, 9.404036946760963, 9.370182215774735, 9.315555156019876, 9.290346868662809, 9.245407320958861, 9.207847906095004, 9.141738420021708, 9.13028490285202, 9.088865660696776, 9.021138069547035, 8.953125834041654, 8.922223639361395, 8.854941622894712, 8.833568894319784, 8.76001191833204, 8.712915097652115]","[69.58334375898212, 63.23680010878044, 57.42968295964349, 52.404739309536964, 47.97254747278042, 43.91097393737247, 40.26350281364129, 37.152632623355416, 34.36230396939206, 31.770870418732898, 29.670049464718456, 27.725513371513628, 26.055085896166908, 24.614120990190372, 23.279401497439785, 22.13242580876152, 21.218025021703806, 20.40198765131907, 19.659144909599014, 19.016232398921346, 18.506953667192338, 18.06204936213501, 17.73256720831175, 17.386813779917883, 17.12042933378585, 16.8557916116685, 16.66537189589711, 16.537372397806266, 16.40434388786191, 16.252906537688155, 16.1608577461396, 16.09565172751028, 16.02996691825714, 15.9593715274542, 15.858339964807413, 15.817366197399902, 15.811404610153696, 15.763502702938576, 15.729368785922196, 15.718678826983238, 15.715070124177192, 15.692368277089244, 15.716765958656543, 15.721697809815158, 15.72794429269247, 15.750524587425149, 15.719786120889308, 15.68594324239104, 15.621313462723005, 15.604055319467085, 15.609450333030209, 15.604842211945938, 15.585590743873578, 15.596956908798251, 15.58075459258636, 15.618779755588072, 15.603622479076833, 15.59955663972547, 15.60837930017561, 15.616302263520959, 15.618095822219244, 15.599095283379949, 15.598003614439275, 15.595362277329269, 15.576156771671767, 15.566379477846533, 15.573266125163064, 15.551967183230829, 15.550353780620977, 15.555183249312384, 15.542926560596648, 15.557136261049354, 15.57045686696059, 15.545644857486545, 15.525047759624899, 15.503903688896848, 15.511406504633355, 15.521051690604521, 15.495990107344417, 15.511024305778776, 15.522555798444548, 15.514437413827823, 15.524907285305142, 15.538606712676101, 15.540332515406575, 15.528440398042356, 15.53763604581362, 15.52692084427036, 15.542323726346968, 15.53196492990865, 15.542514222979838, 15.546119816550247, 15.556170679590645, 15.569949870807955, 15.57836336849884, 15.563111768299848, 15.548329878898398, 15.54956673292051, 15.542018346466822, 15.555541142535725]"
4263__BURWOOD_RD E of POWER_ST,206.06088441171275,14.354820946696366,10.635186231168282,0.9637325225797526,"[68.48348829120364, 62.16362035429417, 56.53625361750568, 51.49534274607233, 46.922044459252405, 42.75319100317669, 39.04808857543726, 35.72987704678878, 32.75814667953946, 30.127426759280777, 27.80132579614731, 25.74515869792851, 23.90838864011602, 22.291160206976954, 20.867054830382035, 19.59769608201749, 18.480262456571467, 17.468661088798832, 16.63145476762983, 15.904353781729057, 15.251405841853023, 14.756089623609576, 14.255159320609838, 13.851032875793013, 13.47370355250711, 13.142109420263939, 12.866582915014595, 12.60557491441952, 12.372412640432284, 12.161492858387566, 11.991492265761146, 11.851269028543028, 11.71558423795394, 11.557676051180367, 11.41833980353993, 11.30267420353039, 11.183980595356317, 11.082955312692786, 11.006871424059842, 10.91121485339184, 10.791643254672108, 10.70457604975036, 10.63278867243335, 10.57681430228873, 10.545223077848833, 10.468267855994336, 10.401145163209017, 10.336908381495787, 10.282151367993405, 10.22817442064621, 10.121046324339007, 10.092880719616845, 10.036016921283101, 9.943722416668528, 9.900656473590802, 9.856397828071055, 9.830373835218992, 9.745029829709456, 9.711102939435209, 9.673752519616007, 9.611640691919208, 9.575724503079188, 9.55392264331761, 9.514444641600914, 9.464123561645293, 9.412184867477531, 9.381916492670342, 9.323612131767687, 9.243130204540302, 9.181220121755729, 9.12658641114898, 9.082028541322513, 9.030589218046948, 8.994213854461924, 8.969850858783037, 8.871024272826197, 8.840166435148095, 8.785874763533457, 8.70712262590023, 8.675522526918087, 8.6566589372832, 8.5938679708766, 8.506739722859042, 8.432847022531535, 8.398942266841702, 8.373929321994462, 8.34380623800826, 8.317621611174845, 8.293245366087897, 8.250202315365787, 8.225978903979252, 8.198638492501875, 8.168746407656494, 8.09886604780666, 8.081985712982883, 8.035710293085435, 8.006576508517124, 7.954952775877576, 7.926884711855306, 7.901354792044889]","[62.28421765035778, 56.79745674894767, 51.9465478463563, 47.51739389960386, 43.658602163177434, 40.05035806759654, 37.027325966096235, 34.15519526213118, 31.65003779128851, 29.386280443966065, 27.445369354992888, 25.76988620999631, 24.207281064742116, 22.910589843071616, 21.75308707402029, 20.736037746142774, 19.86428983771925, 19.187413772862406, 18.59049302587868, 18.098464635333873, 17.68670657609231, 17.33805029833558, 17.00423071135196, 16.695135326073107, 16.40657217040451, 16.23846439220834, 16.07809948718083, 15.927720232568324, 15.82276568136627, 15.70439790798126, 15.578747193655868, 15.527072107554854, 15.441304028124861, 15.411124321844293, 15.392448147562774, 15.373859659906632, 15.360752852043825, 15.336510504866581, 15.304308679255193, 15.25474051232708, 15.254581677244827, 15.205593100209564, 15.184501239812493, 15.160937650525563, 15.160910196319575, 15.162441125732245, 15.163800793984109, 15.158902398931142, 15.189318753695508, 15.196581194461796, 15.232504989801289, 15.21338796028334, 15.215308877976236, 15.23094830969502, 15.231623322337347, 15.248137677697066, 15.253866643628323, 15.235060045426863, 15.229387593959409, 15.263478912694493, 15.276000179017316, 15.269941828655249, 15.287016816730453, 15.290013795645585, 15.307014563182436, 15.3009210811259, 15.316629882871949, 15.304171751605198, 15.282842512007518, 15.30931165157883, 15.32654190778375, 15.362470568563658, 15.351319182378399, 15.354458243966041, 15.34910996406753, 15.379244040017788, 15.388840369244404, 15.379541179392492, 15.366340492148838, 15.370217798291307, 15.373994342706446, 15.377599230448011, 15.408400051038395, 15.419466087612903, 15.424924223419263, 15.419521920892763, 15.448750703158321, 15.457430367341985, 15.462703329234618, 15.475029331172605, 15.470398460754236, 15.453552836408946, 15.44772674538541, 15.439754368247895, 15.439695669136645, 15.430307753072572, 15.435238143844574, 15.441240434506518, 15.44747795744183, 15.460494241613489]"
4263__BURWOOD_RD W of POWER_ST,206.04758337257664,14.354357644024919,10.813219972973535,0.9442504681570695,"[54.67809644142199, 49.67862712728784, 45.18239343913207, 41.23388094919368, 37.678900739884085, 34.488420369680284, 31.64781262242926, 29.126141905734, 26.81036806528302, 24.803772533929617, 23.02555430813567, 21.448561176085132, 20.048988692410404, 18.795386359379545, 17.70967163440024, 16.73931583805335, 15.925834138954983, 15.201345350591714, 14.584690272175774, 14.065880016853965, 13.608164383825585, 13.213174782607283, 12.876379508963065, 12.572130437843276, 12.318634566258392, 12.071262836774341, 11.883940626830714, 11.679478728058683, 11.524784396105971, 11.375785536056705, 11.264966906703657, 11.102481484828111, 10.996418604594343, 10.8564555781667, 10.76904192474636, 10.678726293337268, 10.597887942216168, 10.497606913314938, 10.380239036792503, 10.298272309527963, 10.234171871613881, 10.146996033924223, 10.04437554125088, 10.009084544455629, 9.94687799654428, 9.864204217926396, 9.77034482223701, 9.686453186198023, 9.618194695879414, 9.569769720822377, 9.503933533831509, 9.409163395500343, 9.340925997795894, 9.297452400859743, 9.226912673715674, 9.18368030450247, 9.1105023856112, 9.045866619121009, 9.00155331750292, 8.94005525067021, 8.904079122793302, 8.856444537447292, 8.788109927311256, 8.741796078909365, 8.675639578874044, 8.604763420021019, 8.5573851033181, 8.482824185713904, 8.474338931712783, 8.421304466614334, 8.382849113050263, 8.368093946972232, 8.329347308722518, 8.280245787815616, 8.23152421845049, 8.19676049394196, 8.137837579314565, 8.10901091078692, 8.090170358712495, 8.058313224369996, 8.023609329444106, 7.975880517689794, 7.923399644179201, 7.886667791661958, 7.847351355372566, 7.81132904006206, 7.788057117273462, 7.731557208754398, 7.706009561672214, 7.680263114486038, 7.63941179592443, 7.607422852499216, 7.566081206565144, 7.529240697334548, 7.51323978208832, 7.482538174252481, 7.445304915860317, 7.422952212689563, 7.398686726122144, 7.346980003610161]","[50.453633082387285, 45.88841865129933, 41.818004576905146, 38.204173424657526, 35.082047185574474, 32.2274504692096, 29.650533253822225, 27.442260805023793, 25.49969042777057, 23.773833466416814, 22.25475988721506, 20.945368648486085, 19.780664395732266, 18.71568263862268, 17.898027173032165, 17.125459699450733, 16.465204753530834, 15.907020679382693, 15.446174710567536, 15.072420382847664, 14.707603147236584, 14.401139412503113, 14.194256388952754, 13.954206137899467, 13.81752448430287, 13.711952619261229, 13.579311214328472, 13.409885150553722, 13.32256828646055, 13.223173682969056, 13.170519755629128, 13.12366759211805, 13.060105780315828, 12.983876901853158, 12.9722822679582, 12.937372282896138, 12.906424531427549, 12.893237886828485, 12.87985302983767, 12.86521002667021, 12.826984198390575, 12.821538270564364, 12.79337370012616, 12.764060527462005, 12.747370488081188, 12.75513332793055, 12.734380012539745, 12.784307064852625, 12.755859883219992, 12.755620834110683, 12.755052448408183, 12.734054090881088, 12.742415042329599, 12.739125780983981, 12.737968972962664, 12.721189929976957, 12.70998076288633, 12.706491034664571, 12.702550985299155, 12.715903465670735, 12.718237788463192, 12.69682374829363, 12.708661422108447, 12.68351207550278, 12.694494645058414, 12.705314013383164, 12.699676483309764, 12.713495717476306, 12.717446343728989, 12.716375676741581, 12.705709523846657, 12.731197652557661, 12.742053918436126, 12.739309960657291, 12.731371068922723, 12.740978076611691, 12.742610312656025, 12.745767100454056, 12.749593388781342, 12.742164705882447, 12.71412679830037, 12.706181058199775, 12.717110994698775, 12.725510136383564, 12.730579618598087, 12.720171086559128, 12.727731610423126, 12.733123141631632, 12.720021569675769, 12.718374230001935, 12.709628810282817, 12.71367617143401, 12.729450701731896, 12.733849646578275, 12.733792161983294, 12.72562225398017, 12.707783222496221, 12.711853361424101, 12.720561738147008, 12.730731645789875]"
4263__POWER_ST N of BURWOOD_RD,269.4494923045446,16.41491676203521,11.699907862788551,0.9671069759267124,"[83.43590468132385, 75.60061512761638, 68.50266575201019, 62.18716183749347, 56.60968504095125, 51.45338207219387, 46.865031342427166, 42.76126201572947, 39.094888454165364, 35.816861884973875, 32.861310568594014, 30.242452801033775, 27.947067803325144, 25.902107742604443, 24.11123983154025, 22.51163361033602, 21.12979549346689, 19.920790843193483, 18.854668211637573, 17.920785407858222, 17.098293229922458, 16.412257508871914, 15.798905144798569, 15.280611234997725, 14.81069905577121, 14.406636525973333, 14.078353504462305, 13.77263328987122, 13.511855547482124, 13.2982897280253, 13.073728677930594, 12.865502076478949, 12.714604809210218, 12.534638136904007, 12.358802146190333, 12.198662968146893, 12.105190797301228, 11.99349565718845, 11.870191734604695, 11.75505144771826, 11.64008377224087, 11.536309926060065, 11.476454336039813, 11.390021403076945, 11.272508146870331, 11.176389218032119, 11.082947914316506, 11.003316981419418, 10.940203261946653, 10.86091735810357, 10.82202097170654, 10.759353892961004, 10.650397371432636, 10.559266510413893, 10.454603063297057, 10.359065983247698, 10.295367730893155, 10.206495807347352, 10.166559180460634, 10.100135247278363, 10.030556978317469, 9.984709934193148, 9.947798599850156, 9.8841346731148, 9.821876557715932, 9.781452424790091, 9.724631155709723, 9.63793109111253, 9.583691245774693, 9.471270915933978, 9.40176326843767, 9.341336566103186, 9.30875433751991, 9.250318237670067, 9.19850983749921, 9.132624107373205, 9.099408465722128, 9.031164974680282, 8.989078850903525, 8.893841351370584, 8.832290076841229, 8.799822366747124, 8.743902758439937, 8.714945806564403, 8.647683898623187, 8.591812963899919, 8.539745826544902, 8.473171041025797, 8.446554301815787, 8.413758859357532, 8.368155526407335, 8.320054165649527, 8.278163079527443, 8.232783168771697, 8.20062890692021, 8.13485747814378, 8.07938304957306, 8.035295968936527, 8.014927341448718, 8.003454155306963]","[80.01546751931598, 72.73860888869258, 66.11883708693296, 60.29400612859986, 55.24569722362402, 50.47964564520064, 46.26380792654875, 42.52768002086546, 39.17305041024879, 36.270399164950476, 33.632836954684386, 31.289094881238434, 29.26912077014207, 27.56581463258931, 26.059946647878647, 24.716650054367513, 23.620833834650753, 22.673188787406794, 21.851311383196784, 21.08502525545202, 20.46960047013458, 19.961668465260335, 19.542921113649886, 19.174130155289905, 18.802954019234395, 18.49409906412819, 18.295601146213997, 18.08886844520447, 17.96240359570707, 17.844864355313227, 17.736868839159765, 17.621367316941573, 17.533435931360362, 17.477116779040223, 17.400301608201406, 17.34268401751489, 17.33036471270251, 17.328968168137415, 17.3055635676894, 17.269854241393286, 17.255446439783316, 17.234282051449426, 17.200394907700428, 17.220317592607266, 17.21434725789314, 17.209818552657275, 17.230151543011985, 17.239740210362267, 17.24409674582061, 17.24378361968119, 17.26095809599523, 17.23530931906363, 17.215126997698754, 17.23966190608119, 17.218956708122946, 17.18660452454078, 17.21514349825747, 17.189209386908317, 17.1967902504553, 17.21137539293338, 17.21813666340859, 17.18565062541978, 17.193523453696503, 17.223217055686334, 17.223755369798322, 17.219009965267105, 17.22950622902734, 17.253585195970146, 17.26399103538363, 17.26315335254538, 17.270693351328166, 17.289358045919776, 17.29964308203642, 17.29681994173596, 17.335535676878248, 17.327912429869023, 17.317787566881986, 17.304006105436684, 17.297880843479902, 17.320010168800337, 17.346998305506265, 17.34141918188348, 17.344798557529163, 17.342795533709943, 17.36767162215861, 17.362112171134736, 17.348159687370547, 17.37601944805411, 17.374852716853937, 17.378067674952337, 17.381971933260726, 17.38933637413211, 17.39279587001238, 17.387012938584984, 17.400752412134594, 17.378987744051884, 17.410268837105583, 17.398389762953244, 17.38478019031096, 17.381983465151226]"
4263__POWER_ST S of BURWOOD_RD,267.09293845062246,16.342978261339713,11.842318577037739,0.9623094314540389,"[76.45905128729463, 69.29935183069016, 62.89266491146009, 57.1249284406145, 51.98405142366664, 47.340119570631906, 43.23524158448972, 39.56696394020682, 36.27009750305563, 33.34671532071397, 30.729715772779876, 28.413137422387617, 26.393353642326197, 24.591972380338497, 22.97316889964699, 21.536367247152228, 20.353827790219807, 19.242444509968266, 18.278322359131646, 17.453274248509917, 16.718375372288392, 16.09405686319114, 15.538914509881236, 15.079042766714258, 14.670778368062415, 14.308217671433857, 14.022527499998882, 13.737665120909083, 13.480222374295106, 13.269552732181822, 13.02859581376412, 12.853715914257352, 12.70288034079388, 12.555702609125957, 12.427171714392184, 12.280666981517244, 12.159714964397262, 12.022571218946986, 11.915837605533472, 11.804726164458314, 11.689449186935462, 11.603883761470387, 11.529651185570387, 11.428852962845657, 11.30850126348842, 11.245028278263339, 11.189277224024487, 11.0917585731169, 10.963126180171104, 10.855306476502847, 10.77811777945609, 10.700681505041622, 10.667398039477586, 10.580768457818609, 10.503610740611037, 10.455263387621297, 10.37459666621952, 10.333597624786192, 10.24002539634148, 10.207400509720596, 10.16419810610305, 10.12578193889716, 10.027998406063297, 9.994098498116227, 9.942615458490868, 9.881213634928127, 9.79305072965507, 9.748071838902195, 9.69022005525341, 9.617290534544932, 9.568566317185379, 9.485107172294084, 9.471414601984177, 9.417569752368628, 9.373164862810269, 9.311432362746837, 9.2761719772938, 9.210274964062206, 9.135613106314997, 9.11045713528222, 9.082317909308882, 9.013496374941425, 8.95471069803306, 8.911176073631578, 8.881523796884125, 8.831914500005338, 8.806174263196942, 8.782704707410918, 8.71334791441457, 8.663301751742551, 8.622066396710162, 8.542702728265601, 8.492759571100567, 8.424892289956802, 8.365822481757332, 8.317513343612124, 8.240937613884542, 8.181359977073996, 8.107184766793566, 8.073671575603544]","[71.35994260958113, 64.75300300381123, 58.82209620445162, 53.622283843375534, 49.023901091867536, 44.80633486497314, 41.139161328872135, 37.86564667113044, 34.97038410441827, 32.395224355492395, 30.13381464901475, 28.16954617329004, 26.51344157844122, 25.06519177254923, 23.804906981258, 22.641454720678748, 21.76121996607354, 20.94266184132702, 20.192863358019657, 19.601992440566526, 19.07842670854778, 18.634464049537872, 18.30401747828717, 18.032130135029604, 17.76848145351014, 17.559887508783493, 17.38972065062301, 17.246504576027586, 17.12920416607232, 17.042967282152507, 16.986728938982594, 16.93263650522756, 16.86285002084496, 16.79164070079401, 16.742533794598458, 16.721722658988003, 16.68894767051745, 16.585617716946455, 16.51750768993153, 16.506494529117905, 16.531500548272028, 16.50409721485237, 16.53421972063449, 16.51105375728202, 16.509181804006666, 16.49838576900618, 16.491811318786258, 16.470859533617986, 16.43679278776057, 16.454656632572597, 16.47589397123998, 16.48286995569752, 16.464959412658988, 16.487268633944794, 16.470480576760078, 16.460361118336607, 16.482848897122327, 16.48205859867594, 16.427718864758166, 16.421079124537336, 16.42817028733685, 16.446317608851075, 16.467563438598827, 16.484807675791185, 16.48120212989356, 16.497992000739384, 16.534314465379577, 16.519677159036, 16.504940343944234, 16.508915640950384, 16.47276952665151, 16.474299042196286, 16.465816030171112, 16.464847945755967, 16.437620333005576, 16.45584890654522, 16.46368280967139, 16.48726611234578, 16.497567162435576, 16.503691872706717, 16.49147590269301, 16.482825455011202, 16.484036183513577, 16.486411514089607, 16.485217631721717, 16.500844511739405, 16.506143799672582, 16.518126048854075, 16.51217378741428, 16.4968589662561, 16.495589503700785, 16.47320037153852, 16.467443944408195, 16.50982644094267, 16.51986141225465, 16.51696439843933, 16.568072823500277, 16.6018281843792, 16.626014996634105, 16.62682996668198]"
4264__BURWOOD_RD E of GLENFERRIE_RD,297.86110614399513,17.25865308023761,12.92204123293416,0.9561320918492414,"[82.56102880580832, 74.9758671685329, 68.16601074816224, 62.01028878976025, 56.59410990327463, 51.616324526745274, 47.22351113524661, 43.24970044585, 39.71915238648453, 36.53961452780284, 33.77269396938937, 31.31699720594575, 29.130828335948713, 27.163947508135617, 25.49794225547743, 24.007180421880204, 22.74453545012458, 21.5999112352964, 20.60278024096676, 19.775420042118043, 19.031792396853753, 18.372582354438226, 17.82527607094301, 17.345608671178812, 16.9201282150671, 16.582745291274566, 16.265045816264397, 16.00684149884362, 15.761646641573828, 15.527218252678233, 15.33413154894984, 15.166021562974981, 15.02493718089178, 14.833035123391838, 14.69666828506333, 14.567965320159534, 14.430154492593152, 14.325479144460642, 14.233379034694101, 14.135072318228563, 14.011191745001737, 13.924540494994725, 13.835420166208241, 13.760495610704618, 13.677868671088268, 13.568550814944071, 13.511764127641952, 13.45192988181862, 13.404045506021594, 13.370940028000405, 13.273195187079782, 13.220880516356809, 13.18183784664163, 13.118790064079853, 13.03696051906608, 12.920023853883531, 12.851471880097051, 12.77279542286388, 12.74577047627302, 12.650792659558675, 12.562896877485612, 12.50334643528136, 12.443501686362543, 12.36101791578798, 12.33149421833426, 12.279146947075489, 12.227827443923092, 12.194901372987927, 12.09288534365874, 12.03533545720349, 11.981000898582174, 11.915429857932194, 11.850197996970108, 11.798086852012382, 11.747277002444278, 11.649073886159666, 11.552908754989756, 11.479190847128587, 11.44503514557495, 11.422852436535635, 11.364872085627534, 11.315124563623124, 11.255985518841836, 11.184001070232805, 11.151851959617197, 11.114725292615041, 11.051662993736281, 11.007702536433419, 10.93351105742517, 10.861477388725845, 10.765690253618608, 10.729050370730734, 10.668810890396212, 10.639603416137302, 10.6183293153879, 10.582343897271398, 10.568109419325497, 10.515771434505899, 10.495313129955983, 10.457658682740835]","[93.85898186206647, 85.37906649670286, 77.68839538768775, 70.77261992728275, 64.5224677312683, 58.940892938016795, 53.97123840328661, 49.404479761541495, 45.37754941675333, 41.7785498703981, 38.62201389542355, 35.85049996427523, 33.39424130418864, 31.222213486916015, 29.38461366503114, 27.70914754033299, 26.27825944189834, 24.999114637713244, 23.912344932583974, 23.04443891208561, 22.239090092257573, 21.529114723084195, 21.02869593924996, 20.537427259267346, 20.131228417952205, 19.775489720066812, 19.497802217952877, 19.30716545470897, 19.16303198423842, 18.99888581284138, 18.86023170266632, 18.787050489204177, 18.69658043071543, 18.637512396319913, 18.551315002185767, 18.523271375363016, 18.495484831681157, 18.45758682117997, 18.417241880413265, 18.398105393006524, 18.369374640686814, 18.34191792981792, 18.30901141466665, 18.31238577209992, 18.298972322553944, 18.313088980905327, 18.29233925333717, 18.29678749380363, 18.25889188500658, 18.281215139235005, 18.30451563181123, 18.289743132759238, 18.27887233722431, 18.254504488968163, 18.276993560053683, 18.275420879557814, 18.28112869871321, 18.274189032799644, 18.274312997630975, 18.270415339641062, 18.250689197120334, 18.243870945920612, 18.253331247136448, 18.258653453808197, 18.267791810370355, 18.255923185412232, 18.283309924093505, 18.31240551973878, 18.312456292728854, 18.310358394725004, 18.30908406641297, 18.29295652913825, 18.30057294738014, 18.32784427613154, 18.3251017063722, 18.303394574831273, 18.306020032018445, 18.334006422538994, 18.34633038238049, 18.34807551683823, 18.34969817258244, 18.366943944006138, 18.37678222119397, 18.382880624909173, 18.396021697515437, 18.41241906113323, 18.433891278325977, 18.4471107373992, 18.452143480640977, 18.43960838152958, 18.443171860242124, 18.43257146626441, 18.416720184187355, 18.420755618785243, 18.416943368849903, 18.416597650576783, 18.425927594847842, 18.43276896018406, 18.448676237791496, 18.464874203203845]"
4264__BURWOOD_RD W of GLENFERRIE_RD,225.3930566483529,15.01309617128835,11.499244668510523,0.9558060766324357,"[66.85706570045683, 60.67742492020625, 55.13429897043191, 50.15877637836663, 45.71605654551248, 41.74134104356621, 38.20273209136104, 35.0150615391171, 32.18950546522369, 29.6954843649618, 27.477010323116904, 25.467664162095918, 23.728476245618364, 22.1874966208854, 20.825838724101924, 19.607948916704395, 18.58933559585361, 17.687581350410095, 16.902493814435577, 16.233258177336573, 15.630317011842864, 15.133517352824557, 14.682461732196483, 14.2970780924819, 13.964031437872428, 13.64903177106157, 13.36872694661462, 13.112036685693823, 12.896065994428078, 12.697998247195695, 12.550593171980076, 12.376090832284177, 12.232369839443852, 12.112211339684087, 11.96779131120415, 11.870388997015105, 11.760207771034578, 11.689575183499676, 11.578186417441692, 11.485766031617722, 11.406553253731529, 11.323741076538482, 11.242122680456283, 11.153873786926454, 11.06663567127072, 10.999231112298448, 10.910920027614463, 10.839736894082137, 10.772202291207755, 10.737179499665068, 10.654874031395066, 10.584815356736128, 10.51937259397834, 10.464751008353817, 10.410806835675704, 10.369831345072184, 10.303234349911449, 10.245837099080429, 10.210377166953617, 10.171275182547475, 10.131153426594002, 10.04643125353518, 9.984120258701665, 9.960513074780037, 9.907928750882043, 9.856547214346033, 9.814205836009156, 9.784107507557867, 9.72993896312252, 9.67161649392832, 9.645003898373051, 9.613440300098869, 9.563404163132464, 9.51605714701493, 9.47149821527712, 9.424628336536285, 9.383008630550169, 9.341822639702954, 9.282285012366371, 9.235232084613148, 9.190955191179398, 9.15155849095763, 9.07220760218542, 9.030422072654872, 8.998902827613184, 8.953367651712664, 8.921381086234945, 8.899502012844378, 8.86150573274935, 8.81814088833084, 8.777179474993707, 8.737745190052369, 8.674185183618944, 8.648311434291383, 8.609685959248461, 8.57463061340944, 8.553000631082755, 8.528870573604404, 8.486841455376654, 8.440036917953208]","[73.5461814039878, 66.78964961081094, 60.74206597150349, 55.38905736331629, 50.59611396163648, 46.28119349537556, 42.39734443931365, 38.97311698836705, 35.87088404663172, 33.23019516948802, 30.784351387624607, 28.606337563720935, 26.70388793635971, 25.002295381628638, 23.50056301399142, 22.26213819818301, 21.187950224618643, 20.21455274572648, 19.424272815761718, 18.763718292125315, 18.11700328324111, 17.604333843394375, 17.19558441793055, 16.796824301102063, 16.46499677878813, 16.17752666155604, 15.892354807602505, 15.67567796732243, 15.465160606749825, 15.312386288982234, 15.174010925055654, 15.110674414526342, 15.01023805397416, 14.946265391033945, 14.833526534895391, 14.79841004305884, 14.73822651802763, 14.698505563528654, 14.649959703950616, 14.58151792321794, 14.542689748213114, 14.50969113164963, 14.471615387679284, 14.48547890981383, 14.491163908906909, 14.464040330843385, 14.44410728796182, 14.426859345088873, 14.39881128916723, 14.390800098025384, 14.388371796241985, 14.402205334345801, 14.408907243008898, 14.385184301031723, 14.384160012161006, 14.395592342833625, 14.421686889998227, 14.436215869653855, 14.430146479255184, 14.442804963046184, 14.445937874863342, 14.444586993166363, 14.438671831801866, 14.43821790061717, 14.448755311059967, 14.436543913619001, 14.406487548556377, 14.419007155346613, 14.41565001786359, 14.421812633428761, 14.428459086502476, 14.421561366468088, 14.400393477613761, 14.403770002530392, 14.397812776403745, 14.388536124825146, 14.374358778618799, 14.392728673058004, 14.375189733972386, 14.387089465427382, 14.387714777813505, 14.371774366110408, 14.369104903082127, 14.361328119689327, 14.365657003610863, 14.372268245542458, 14.36442151321344, 14.361242365469591, 14.364232506207708, 14.375140656526478, 14.383132027822473, 14.391958287910075, 14.383248838136819, 14.382435368227164, 14.389140051077975, 14.38459688002761, 14.367683162803862, 14.35884319121155, 14.365798723034583, 14.379062531573124]"
4264__GLENFERRIE_RD N of BURWOOD_RD,158.70031061063258,12.597631150761345,9.523223029361683,0.9179853542074988,"[41.040348154283436, 37.355204706782374, 34.054383518607914, 31.126412976154437, 28.51234479356999, 26.189436379360654, 24.111545675452025, 22.301373662568444, 20.682929613972078, 19.253374718267583, 18.002642615926167, 16.914654018095913, 15.959062141759288, 15.13843447072853, 14.437873203320297, 13.815396762006573, 13.289756919565425, 12.82011659769178, 12.436898182406665, 12.081803886699223, 11.782947013542527, 11.529909886409195, 11.300805812302363, 11.103805749421714, 10.937017888369507, 10.795096348456719, 10.644270748402935, 10.517846260291645, 10.413314960417496, 10.284669602191816, 10.178169084446544, 10.106898394119714, 10.050055973167913, 9.973791719636228, 9.872868640745722, 9.799059753032175, 9.7414508622043, 9.686193507205587, 9.653068233239106, 9.585470861790307, 9.522344797132765, 9.450496011095714, 9.409936663915287, 9.35857308328457, 9.294188198901256, 9.233452125434114, 9.206093188836949, 9.150036606457034, 9.104256795448176, 9.079237799477479, 9.011906387864498, 8.948600308768844, 8.91950422691047, 8.856073111293172, 8.83471632964199, 8.799691562933491, 8.768443662464541, 8.721543379818382, 8.66151778944062, 8.61842316148119, 8.58907227802847, 8.535316229607346, 8.488644597444733, 8.420259514050816, 8.397966644184065, 8.382483182149809, 8.321305346804449, 8.291406098403046, 8.26175644667832, 8.238455988030404, 8.189969147019587, 8.151265298154168, 8.126088279566261, 8.081355668209854, 8.035864889480374, 8.021538495004446, 7.991579538976347, 7.94800295764112, 7.919263052961155, 7.894941170994585, 7.849492939247276, 7.794464013952641, 7.748570119063707, 7.723647002585985, 7.669358762335452, 7.6410599499086915, 7.587491019106958, 7.563817137779213, 7.518380612580622, 7.466601289103024, 7.440456912436348, 7.424816112914742, 7.3873074835913055, 7.343616870952686, 7.328406104154309, 7.277618625556126, 7.258673895668624, 7.224935979883977, 7.200468549396748, 7.163767165549872]","[43.4429974390539, 39.54969488496276, 35.99982066254729, 32.888224978128676, 30.093892982888487, 27.58809233783016, 25.37802993256318, 23.417149713846552, 21.677278479828658, 20.121111111560882, 18.817517326440218, 17.628787257931045, 16.600016224960676, 15.695882787319757, 14.893055412193723, 14.230874880534111, 13.694542236418267, 13.200501333970065, 12.789842619555273, 12.423082973788022, 12.10270916944513, 11.856253454945156, 11.657145374862287, 11.494951657670986, 11.346363958561856, 11.229788627608206, 11.134161387464781, 11.010752460733404, 10.946217597988296, 10.888688618810042, 10.824634247179006, 10.779874661540813, 10.747793281490573, 10.744713909531596, 10.712121920041277, 10.693655762363846, 10.679226320848256, 10.656650829044805, 10.643663201058194, 10.61114617529017, 10.635459881655766, 10.61972215275178, 10.618294035165645, 10.60025137434155, 10.61819874894093, 10.628096005417847, 10.614452425251946, 10.60104195045451, 10.604679085923877, 10.608550888570917, 10.62802272552009, 10.595324872691215, 10.62118519633798, 10.626494130952098, 10.614423652110858, 10.622642588124062, 10.60880642473445, 10.632886180257293, 10.644820404957443, 10.64414623534754, 10.64845134136876, 10.65146403444136, 10.652120580580325, 10.651524762593558, 10.65988748067621, 10.651582255225003, 10.65878729258326, 10.663255081831183, 10.655956091204706, 10.652734360599917, 10.662935061361665, 10.667722248271314, 10.685083534620453, 10.6831966934028, 10.664626534238351, 10.661973436679094, 10.670939118530699, 10.69202871675033, 10.68734978154154, 10.67364967892748, 10.671695006730975, 10.690774064316892, 10.681254675487057, 10.6829535226427, 10.70612047701873, 10.703433135529776, 10.725654467146674, 10.741068003870447, 10.77162155572918, 10.779019005840686, 10.765336791332336, 10.774830465967721, 10.77474418586275, 10.766847398266885, 10.773440901293764, 10.769982464277813, 10.774214285821731, 10.769925008341323, 10.778808127295548, 10.77885957658848]"
4264__GLENFERRIE_RD S of BURWOOD_RD,158.05193809390772,12.571870906667302,9.5780149066259,0.9187535080343903,"[42.49861272549772, 38.65835301363619, 35.235470319738305, 32.18503578005785, 29.516867370419533, 27.119699274190978, 24.988645639231645, 23.11089328692134, 21.404703601531168, 19.93669381798259, 18.65242595116972, 17.547569151317038, 16.571841652988823, 15.670472218657697, 14.907787205686931, 14.245531988666311, 13.707356047425176, 13.200065275159037, 12.784331256205618, 12.405456502070587, 12.06183274040505, 11.783998913877225, 11.518546804048475, 11.27419293919965, 11.077325922524745, 10.885221339229995, 10.732773321352623, 10.565337624558888, 10.411099586053414, 10.277601465470116, 10.172928450171678, 10.090234776613821, 9.959155823057895, 9.866828378648806, 9.785525559316644, 9.716854118199315, 9.634535104836413, 9.55629701518335, 9.499330784892763, 9.462129003979936, 9.385179680111914, 9.328157712187014, 9.249428231272551, 9.166451698544233, 9.075085426730414, 9.05035067725349, 8.993482796854744, 8.934554464511985, 8.846021594574355, 8.768148736173567, 8.713312650918372, 8.642320454148553, 8.57381273540107, 8.541710582955925, 8.515088909282689, 8.461942106011437, 8.36804333662181, 8.287182041215923, 8.233081485782066, 8.199616590770532, 8.162347426024889, 8.13077989487096, 8.091605593503044, 8.063037136818059, 8.021346735787942, 7.9614462648535085, 7.8981253705973975, 7.825735386360613, 7.807118478268987, 7.7820870586905615, 7.762758873131888, 7.691729345601853, 7.673049259482202, 7.5977508352575756, 7.544597027305464, 7.514511207357582, 7.43900644336444, 7.408030048467074, 7.377498897180424, 7.3206306119806746, 7.276629762852842, 7.206547332332673, 7.151810176525257, 7.104619096069111, 7.077628219139169, 7.02678537526835, 7.005533742291163, 6.978572434076594, 6.94102603499022, 6.893609808998419, 6.870706023289783, 6.79248254796313, 6.752493291057897, 6.716385208153597, 6.698043760757818, 6.653269394474875, 6.62147580332208, 6.5803601567166945, 6.510759945872468, 6.485571280108887]","[42.57023525947715, 38.730798972111806, 35.35896104585407, 32.315131708216136, 29.678505189513885, 27.347075874504178, 25.250816111867334, 23.380493275950712, 21.704636949539584, 20.300956822223867, 19.0818585590348, 18.00085082963578, 17.104243647375018, 16.284380330925696, 15.564396100997024, 14.971234230334707, 14.525953321505666, 14.133822005631435, 13.780308779674364, 13.477481233142466, 13.20085163751055, 12.978821799550303, 12.805290445567278, 12.641615743071275, 12.525512439457797, 12.435425812857837, 12.332943573304833, 12.244039160950772, 12.18635573687332, 12.179993557319333, 12.131210161518139, 12.07381072701939, 12.03153280313732, 12.001388914281085, 11.985694441317804, 11.964187251884542, 11.990082432474406, 11.933171103312088, 11.891921673814801, 11.891086477354088, 11.851928760538087, 11.848854404256983, 11.833882329388787, 11.867952793427524, 11.833081968997256, 11.829591660425118, 11.848654554666025, 11.867981651120834, 11.888250202009308, 11.916403243962037, 11.914313105776966, 11.93281622734789, 11.929990509472923, 11.94022664755109, 11.954199030325558, 11.941401346522962, 11.91869822652076, 11.933226942964916, 11.934537800884588, 11.918156816331495, 11.92885920087164, 11.939827888115762, 11.929318426052975, 11.948278259433756, 11.94058643929403, 11.923721887532434, 11.926214386486356, 11.9319475816995, 11.936889036834287, 11.933500455992679, 11.92057516348542, 11.900251503135722, 11.898158336393422, 11.90672930885445, 11.895989376444948, 11.90999118143154, 11.915250047778555, 11.908230484417642, 11.90358865276485, 11.895173561168638, 11.89064346233439, 11.924792068271278, 11.919630315075198, 11.909577950179543, 11.894386669735573, 11.895529297191777, 11.89016823438417, 11.882474510012006, 11.872973981051256, 11.904658963372674, 11.924502703455056, 11.921105702955762, 11.91916402053224, 11.91833737673002, 11.913343271354236, 11.927400909518326, 11.933904115789455, 11.924612612332556, 11.913330871027544, 11.910324501287542]"
4266__AUBURN_RD N of BURWOOD_RD,183.59404242457418,13.54968790875178,10.111242398251308,0.9705209549819684,"[75.39787607328807, 68.31479804801769, 61.957216819860754, 56.28134981623981, 51.21914985556237, 46.58163235358722, 42.46677906580275, 38.7947305044854, 35.43828225174297, 32.45645356870549, 29.81116945207732, 27.48937254969648, 25.396348581987958, 23.555904420378845, 21.94597062702618, 20.51677245795084, 19.267734936852744, 18.175434911166946, 17.23770668186987, 16.407150650874147, 15.715321368395953, 15.105043606240773, 14.53024732772152, 14.027288188535096, 13.624639566796912, 13.274669410751354, 12.97340403099431, 12.730586849988978, 12.516590652262835, 12.320534060403173, 12.137571576381461, 11.975653047029482, 11.853703093443228, 11.726621448929546, 11.608773529496846, 11.472885301983167, 11.369180112435226, 11.282554789288078, 11.18364526849114, 11.104902273386761, 11.014769239995996, 10.95470379051013, 10.872989217333812, 10.789749784166538, 10.739333451765761, 10.667195451572653, 10.61410411719862, 10.533353964865054, 10.443557827206678, 10.355353912852394, 10.30865651708126, 10.230766963639523, 10.157133649751446, 10.086817879489647, 10.029256908747671, 9.95029627650469, 9.896446609589466, 9.865357426579651, 9.77256165315332, 9.662622567624906, 9.620104556554775, 9.565487066757143, 9.525136009744482, 9.489856878108698, 9.43324201751816, 9.408577948900536, 9.382562251440437, 9.316096817954762, 9.256959361316037, 9.187046265168835, 9.127888671725767, 9.087198833760798, 9.060646930315214, 9.008350407568084, 8.931489261192228, 8.910603218906976, 8.859750603205097, 8.838567811506426, 8.791566234403447, 8.728351845565804, 8.677577845772124, 8.635659689238928, 8.587951117567746, 8.51896606784009, 8.496863010016728, 8.460478356142918, 8.432080438131852, 8.416586040532149, 8.374221210718213, 8.362356986469793, 8.332164920591834, 8.289668555363955, 8.230957166502664, 8.193825547455342, 8.1452790119437, 8.109596152145093, 8.085672098981675, 8.042200795017747, 8.006683956526123, 7.945528847502076]","[81.73050629761218, 74.13785655670212, 67.27267303774659, 61.177447274906314, 55.638132177022094, 50.662992593224246, 46.213730036776184, 42.239993865354506, 38.594341451732085, 35.375771140926254, 32.47871187856934, 29.944673749867007, 27.676453127937474, 25.702976520661032, 24.002231225973073, 22.45945881429978, 21.0860918090966, 19.93603757620472, 18.97568506044046, 18.075328938349127, 17.322215007207284, 16.724492205222365, 16.129539696695698, 15.610349929736204, 15.202168052461284, 14.884096256263886, 14.59022000793255, 14.3737596849625, 14.187789881835279, 14.04070541876005, 13.887493703650177, 13.749244269283926, 13.648496659381655, 13.58387301538387, 13.515891374816448, 13.44935006172711, 13.391541249621518, 13.351792238119128, 13.296878247412462, 13.26863232589529, 13.225680838759029, 13.186384377723433, 13.183644199753344, 13.154762340245702, 13.125715087635243, 13.117675081779977, 13.128255199118955, 13.098614431425139, 13.06856938672196, 13.049489648935973, 13.040309454163948, 13.046378242595239, 13.038788100421256, 13.052966475844247, 13.076087175844602, 13.11416749778368, 13.121748086489479, 13.115505129440415, 13.103782626909709, 13.085788441193598, 13.082703774296212, 13.109526115415516, 13.104244120053478, 13.111052504508663, 13.122800456217929, 13.138140074178503, 13.133442068692043, 13.126063840534082, 13.134679684012466, 13.15438641969827, 13.141206363614735, 13.121478130575452, 13.116950913793902, 13.124120828695624, 13.104965062217804, 13.126717690642792, 13.132229269204107, 13.116243895078833, 13.12786362137693, 13.119046049635912, 13.099980975951722, 13.103565817326585, 13.090163268531636, 13.090693153582588, 13.090788101517921, 13.066628069175154, 13.075656503090919, 13.061091263139966, 13.051919647103947, 13.066861517189025, 13.079110202897708, 13.076464217299677, 13.048204291947403, 13.039378815035315, 13.030517637722877, 13.006502839131896, 13.012006742485047, 13.018890412408107, 13.02045562547118, 13.030085884964521]"
4266__AUBURN_RD S of BURWOOD_RD,176.219302734228,13.27476187109313,9.822391631094257,0.9601341262243368,"[62.29952193172888, 56.48216618980569, 51.272547302838156, 46.59994568751534, 42.43516734937982, 38.65573785488375, 35.30307523757435, 32.2934558887317, 29.568197204217746, 27.116148465049644, 24.989601167879783, 23.09924414701426, 21.423767011406042, 19.968834238896356, 18.673875155012045, 17.521028348498618, 16.54149205674147, 15.656091070957098, 14.874275020111716, 14.218885956133148, 13.618916008390851, 13.113282652701484, 12.683332640748274, 12.314389411288065, 11.99370232255542, 11.70108185050424, 11.450621471561513, 11.240732886374234, 11.061629046146281, 10.899823712192473, 10.746468146305155, 10.624027649511824, 10.486852811606031, 10.382679911345086, 10.280614454964413, 10.183109461403548, 10.083810311934714, 9.973980769458706, 9.887199431585984, 9.806586994771843, 9.73646848255329, 9.685039989116571, 9.595081879414922, 9.509771188954183, 9.448825213593658, 9.411618790015568, 9.332029084238716, 9.285725883782538, 9.25202152505663, 9.21013789809686, 9.118214801071144, 9.029874582325963, 8.957411243682412, 8.927805567409477, 8.848077535415523, 8.828853260755897, 8.792332117597956, 8.748976433740971, 8.665420855598956, 8.654849070178138, 8.634826859163185, 8.576962852474328, 8.512554230206044, 8.439469079664846, 8.366290292967877, 8.346551308540663, 8.29028869301102, 8.233663079275049, 8.188427462730855, 8.159323271872601, 8.124743046070636, 8.080747343065708, 8.00505216232695, 7.986593033763761, 7.97113900214333, 7.9267445201400895, 7.9137232386197605, 7.874442145194855, 7.816287469869451, 7.785277883909158, 7.745911685204882, 7.705274927079253, 7.652176845186066, 7.592081240154075, 7.544492574405832, 7.505466365965844, 7.438930738930993, 7.4093177463108, 7.378413989028046, 7.342822969636131, 7.3016174950127875, 7.254215343455838, 7.224505947559952, 7.184307698313965, 7.144012342229989, 7.073134744713973, 7.026736491999245, 6.999257064328867, 6.971662200520434, 6.921810667807543]","[64.58973492163855, 58.60517047403764, 53.32823073034264, 48.474628233530005, 44.163553779451604, 40.250479777001985, 36.8596913585915, 33.80628440638525, 31.015544069641592, 28.50437578013964, 26.38810927922828, 24.47194265255504, 22.794718634508545, 21.41440755287754, 20.09758322266595, 19.005126869265755, 18.06855474181242, 17.288256420622023, 16.576476366949425, 16.003704407053345, 15.471089428338477, 15.008909897748543, 14.663545622822227, 14.413875032330601, 14.17955943837, 13.946887836316664, 13.78209088189788, 13.633345767664611, 13.5487678402841, 13.505789517147965, 13.445145715547186, 13.375796483663436, 13.307761476481911, 13.277305339670388, 13.253274376223064, 13.228209241817792, 13.237698842368555, 13.213420841623691, 13.17572886797065, 13.17270584794086, 13.167286633781808, 13.160931013038681, 13.132258634155466, 13.10499723222027, 13.114679416701707, 13.122453617108981, 13.123040625978824, 13.103688146194427, 13.097534176466786, 13.108334443298077, 13.096266799874416, 13.100723950140516, 13.09757376187008, 13.08269350585475, 13.084211233923757, 13.095467843381476, 13.099028610271896, 13.11116983078592, 13.102989163408736, 13.088786093814035, 13.08385103721231, 13.090579045108502, 13.091370372661611, 13.110190648673573, 13.084856697151404, 13.095354296066132, 13.07391597506684, 13.087560130805295, 13.096913040609689, 13.09600528928548, 13.088733143406982, 13.06575454338748, 13.094639272862283, 13.109105515297184, 13.114858006758336, 13.132272354308377, 13.133049611956809, 13.149717490205644, 13.159148241132838, 13.156634423106988, 13.15305995193443, 13.151993045138106, 13.155016806938427, 13.159387182349102, 13.16311882832278, 13.182931306032637, 13.191455697488344, 13.196648247202042, 13.2009535788957, 13.19925605362201, 13.213270032556311, 13.208057275716554, 13.20617526350222, 13.24110508714518, 13.255467224452964, 13.280318351585448, 13.267993966869746, 13.249974448920769, 13.2368650409405, 13.249739233403357]"
4266__BURWOOD_RD E of AUBURN_RD,251.2198817025717,15.849917403651405,11.551855159073734,0.9578388723526523,"[74.42080774202299, 67.44982239668921, 61.1709772323509, 55.555288798779415, 50.5536993417663, 46.00902390194033, 41.99681586460552, 38.355878466901956, 35.09587672569604, 32.1457136466658, 29.590230274343227, 27.31850589552856, 25.291050661475307, 23.46919238671974, 21.879581660587064, 20.473024419626466, 19.228697684839744, 18.172497592991146, 17.21097360466921, 16.359542804097888, 15.64695489890415, 15.007644596149804, 14.473222640287885, 14.010474441334939, 13.582085027154916, 13.255171876274403, 12.944834658351336, 12.666956804419094, 12.41312694029023, 12.224328532647705, 12.045076347234161, 11.89592688852797, 11.748598736263016, 11.597859811811635, 11.469867552631287, 11.36155532408721, 11.269749983761333, 11.184928946508586, 11.077242914075871, 10.97509877579803, 10.886791603037832, 10.809220634406199, 10.721198116292403, 10.627610529897876, 10.533287047379675, 10.456185080698615, 10.39758520114743, 10.331092695977391, 10.306163235206443, 10.27175051311096, 10.172960164981136, 10.09222537335357, 10.02913005300297, 9.98714512315587, 9.912513984203944, 9.880126408874167, 9.795924604967885, 9.75915325049187, 9.734806227882084, 9.691834045695504, 9.668592382704635, 9.612949838577464, 9.556255735473872, 9.520227175520354, 9.449162818532537, 9.428565813216066, 9.384848593477344, 9.362364310965619, 9.34125572810819, 9.321666005520983, 9.280221306350933, 9.18280160116658, 9.126770965790158, 9.075891961174618, 9.022842993447147, 8.979163617621374, 8.955797607106717, 8.922555350510315, 8.864863799039137, 8.838590792722062, 8.807954373402335, 8.772461322244501, 8.712847172194545, 8.6751590258252, 8.62984415009219, 8.576963564493955, 8.540370436560925, 8.492806648814117, 8.427267915508812, 8.406282143538323, 8.380653335802773, 8.322895391137298, 8.309260578261343, 8.281863889720512, 8.266747712793748, 8.233264688821652, 8.20923795468531, 8.191325449448357, 8.163565609205023, 8.139009676983278]","[84.35007415691516, 76.71747586144939, 69.86309589005921, 63.618813685151125, 58.08034870264637, 53.08814985981661, 48.72255187353786, 44.722042176142374, 41.11506584758418, 37.837025079515314, 34.99077870754559, 32.55792253493865, 30.345616028504924, 28.35967799212988, 26.583075088621914, 24.975116404019293, 23.556312061302787, 22.4317680480642, 21.33127070027241, 20.43027951872435, 19.63087346688306, 18.882755286278172, 18.322762868260593, 17.87854165920392, 17.402229990301656, 17.04790268553682, 16.70236904049268, 16.432088303073566, 16.217674540898788, 16.013545806433058, 15.853820047387902, 15.649544709006893, 15.550877933431961, 15.466538534607471, 15.370184006497865, 15.349264299869779, 15.276610176042574, 15.189236833666232, 15.122504533778963, 15.096099817192286, 15.06925087926177, 15.049058469487326, 15.022320108603845, 15.000875859276963, 14.996711115728425, 14.985080073380518, 14.980491312479765, 14.96096399316432, 14.946591796226881, 14.936703850636656, 14.932173770816929, 14.943294047873055, 14.974036685190383, 14.957739786256935, 14.978537549213755, 14.989289978426036, 15.0290413219711, 15.052288325665858, 15.049605842301249, 15.061759689651685, 15.064546947191872, 15.032864510542897, 15.0218948818951, 15.034680582643597, 15.07306556243067, 15.085097458019929, 15.077471048206663, 15.10101257882634, 15.12695598005963, 15.130997006343593, 15.15161077057056, 15.162346988367904, 15.171511321722797, 15.189443448155084, 15.163421423705111, 15.200839835307235, 15.2216653283763, 15.202701634484383, 15.208819623479927, 15.196735534753765, 15.186870786223567, 15.228021202018535, 15.232229066449456, 15.240081325662912, 15.237923528517927, 15.224533428004419, 15.217178135615018, 15.2460042032598, 15.24504288603322, 15.251033592834698, 15.24663868528568, 15.241407769783974, 15.243120050886048, 15.253593252291784, 15.261335492304372, 15.299378148727591, 15.288278707878167, 15.297592666635923, 15.29858679214194, 15.293910438159651]"
4266__BURWOOD_RD W of AUBURN_RD,245.12928859657922,15.656605270510566,11.671853161929699,0.9565603494972831,"[69.34708055065605, 62.900659784828484, 57.114338730740236, 51.92042858474807, 47.307404079497296, 43.12786064493826, 39.42883579216451, 36.12111879564402, 33.22527360219099, 30.56180048084488, 28.2519266341823, 26.14039581252359, 24.339544426345043, 22.71315501059135, 21.294101016568913, 20.011507712694605, 18.93090268940095, 18.009400309611262, 17.15477123648558, 16.44641582625104, 15.776684830212126, 15.209695807412967, 14.750347021381655, 14.328389896501244, 13.972154721042708, 13.615480763237969, 13.321828327822288, 13.077201212683992, 12.875489839957654, 12.68816052433606, 12.533471466753806, 12.387399374695027, 12.23726133211165, 12.079591449234243, 11.936924585324306, 11.832833211270094, 11.754265022161327, 11.628144240293171, 11.549947592670183, 11.463944776405555, 11.399279490324087, 11.313946351045082, 11.236718355527715, 11.16013463474319, 11.108965881939577, 11.039484775328907, 10.939853781967177, 10.885080351295242, 10.812738820099135, 10.742196078037585, 10.654593305955434, 10.572799470047594, 10.509554082367698, 10.431359942925772, 10.359521371252683, 10.304286126012702, 10.245325822819593, 10.184953817576115, 10.159549005278787, 10.112565275199097, 10.061218830100318, 10.005394125704463, 9.945262095228689, 9.894232944623708, 9.829972830484273, 9.770035456826916, 9.705803940875365, 9.656769045457077, 9.634483096155746, 9.577169796024574, 9.542169799633854, 9.500534426283089, 9.44330123370275, 9.426269288991712, 9.399413326349608, 9.363645229249576, 9.329365727122566, 9.275452160752701, 9.225727474308766, 9.19105982484472, 9.137867933150956, 9.113293293254257, 9.050514428607649, 9.013115551668976, 8.986529285471729, 8.936302979865516, 8.889097418473957, 8.830645436700252, 8.77723910991265, 8.741391634486186, 8.725114024172994, 8.687100958853959, 8.627345673142743, 8.60969461410366, 8.564562989764445, 8.53110351596826, 8.507365180541454, 8.452645650256223, 8.420193034528971, 8.375330169599346]","[75.93225774509753, 68.97599401191148, 62.75038233454771, 57.17143896759082, 52.2099964680988, 47.69614244486551, 43.69574106694878, 40.102134474030734, 36.94621414761075, 34.06746185681754, 31.557431259422216, 29.26177893970464, 27.291483816825654, 25.584148790479382, 24.017504484877634, 22.667729891010513, 21.498039816479473, 20.542749496594112, 19.662020635061626, 18.88212364415668, 18.16259149440367, 17.54366051986174, 17.02613393844017, 16.62556448987556, 16.24644745708717, 15.941601033238193, 15.634226187839488, 15.404186229249781, 15.22441278504027, 15.053909316641814, 14.949750744928524, 14.828198944291517, 14.735116912020217, 14.641866380050374, 14.544748502777074, 14.52292862807761, 14.483080381280208, 14.433674911581056, 14.439856693393931, 14.459305365752504, 14.437056765988947, 14.435953546216528, 14.421123980158333, 14.404103808519547, 14.390543879791597, 14.3727897228194, 14.337485598942697, 14.321715550525767, 14.337957390277673, 14.346541752694359, 14.316956181729168, 14.300242532717409, 14.310115702460653, 14.328121684164481, 14.357250705210715, 14.332719571608132, 14.327698266913124, 14.349097649650668, 14.351337262942595, 14.359125361419084, 14.352674651129265, 14.354327209508327, 14.362560010964641, 14.380287014397224, 14.401202888590982, 14.397047080794444, 14.402282015621049, 14.40761575995549, 14.403477098440261, 14.414975091877373, 14.435766748835645, 14.438850933211555, 14.453858777985689, 14.447776267785363, 14.43979269941174, 14.427820309422186, 14.434987786990614, 14.424226968428552, 14.415445878082101, 14.413784614149069, 14.430709005508776, 14.430429807073292, 14.426667198747934, 14.430882011230143, 14.441227715807699, 14.428482945174071, 14.440483431542198, 14.429973491484395, 14.42652372205869, 14.42545858975194, 14.443328892655286, 14.436553594944957, 14.456573416021952, 14.47010290427543, 14.472880234217882, 14.485033672550493, 14.490200106008656, 14.481249179418707, 14.478031785324285, 14.477128555335325]"
4270__GLENFERRIE_RD N of RIVERSDALE_RD,164.66866000056567,12.832328705288283,9.813477161493195,0.9192182901791365,"[41.873192550703145, 38.16420900008251, 34.82361465688959, 31.887758417716018, 29.256222279294757, 26.89379990057985, 24.789138213730233, 22.967364936102616, 21.31617978467641, 19.849124262917723, 18.567725258203343, 17.461754943906634, 16.49694989975221, 15.623304849230582, 14.875351927137269, 14.232962225454086, 13.66956458411198, 13.168559333369437, 12.760780105581283, 12.400691801003918, 12.042457261432725, 11.751530001409533, 11.525425505623458, 11.304801528066182, 11.10356979063199, 10.938569315224054, 10.778995918004682, 10.630880007001727, 10.50363077671035, 10.396826798848934, 10.302015973708432, 10.220490452879158, 10.126807395580453, 10.070491188590662, 9.986396551834282, 9.915485304726689, 9.825298580546049, 9.78843250307417, 9.727104139170866, 9.62924602283966, 9.575637523019417, 9.503861690406957, 9.42689969044453, 9.377062370958203, 9.316815346658755, 9.247737308037042, 9.218462610732455, 9.160916160748595, 9.067883409947568, 8.989658144244128, 8.934605628479002, 8.863073695668307, 8.81643099598235, 8.738536207237894, 8.706551540804394, 8.66493121817977, 8.602296495323053, 8.548088782751229, 8.52312852090798, 8.466136813578998, 8.406572795441276, 8.355781264566467, 8.323691110472351, 8.27610989902617, 8.223240080568939, 8.20161130977836, 8.15361784400421, 8.130656445503611, 8.089354373675071, 8.03030992466972, 7.986427937880306, 7.95614448500737, 7.924029084985968, 7.8897426685344465, 7.854668570974541, 7.802143091901486, 7.781438619511839, 7.731394321275528, 7.682657738898854, 7.653554470162298, 7.616054895295339, 7.554900224709441, 7.522414301298841, 7.451051651988016, 7.411274079252058, 7.3841731494537, 7.350336309003805, 7.302470363313108, 7.268936949036302, 7.219858731871803, 7.199516923793533, 7.184349827428887, 7.149567516456211, 7.095610065891295, 7.069045956327008, 7.0288742535886035, 7.013316625369991, 6.969500002712235, 6.9370350331958255, 6.922252571895481]","[45.558208742636474, 41.75071142962677, 38.273731541255074, 35.24593510081024, 32.46622185034468, 29.985011145997426, 27.79069111731969, 25.930233541393957, 24.239395114415068, 22.715815371461808, 21.40823442247615, 20.247314915111794, 19.27450275177485, 18.38759995420902, 17.627797441956258, 16.98532739020091, 16.434828643569748, 15.979224871836808, 15.582984803293176, 15.278862055060376, 14.950305556362421, 14.671917480359477, 14.432466003081725, 14.22327160901975, 14.020348225867743, 13.92500061765946, 13.794016936615877, 13.656960862885757, 13.58481644354646, 13.531409195156538, 13.485632142880439, 13.45834704978916, 13.393605715258555, 13.36926908879429, 13.33796728157595, 13.31307222591844, 13.29238680661434, 13.28277116323143, 13.261357778258603, 13.223484228688315, 13.223104844782785, 13.240722186585668, 13.233086515805, 13.232670813943736, 13.221276129238282, 13.202264772227318, 13.213026973161716, 13.208652384826882, 13.20167002302981, 13.229896783630707, 13.22063623010164, 13.250010614243454, 13.248025318024318, 13.264188303186158, 13.280805618762994, 13.296608744184677, 13.31445264227095, 13.304354961367501, 13.318595966793964, 13.276672984810295, 13.28227418978624, 13.282037920458965, 13.277418088556102, 13.263215371207304, 13.279760312196364, 13.293940830541972, 13.273689772073574, 13.281133036844757, 13.283338933121435, 13.298751045846585, 13.33629972737775, 13.33081275069056, 13.349638762222252, 13.354801430577517, 13.338867269368595, 13.308703260789509, 13.324456895808277, 13.340334260098622, 13.33757303997837, 13.330940741496534, 13.314382994691924, 13.31241358402682, 13.334050308182777, 13.335647002412475, 13.338099707958015, 13.360217085096687, 13.378263245451123, 13.369033344325782, 13.371701421878965, 13.368078733093748, 13.346521689455225, 13.346620753925198, 13.332064789062487, 13.325350234708223, 13.31841638944101, 13.299659599199149, 13.304213168954833, 13.302314493219944, 13.317671662038254, 13.326746356056502]"
4270__GLENFERRIE_RD S of RIVERSDALE_RD,197.71629795479552,14.061162752588974,10.751283553477084,0.9191255903564022,"[47.552446281974156, 43.283976398719005, 39.524063577259355, 36.14105103062174, 33.1496799134378, 30.468744410610835, 28.14508750659018, 26.05992353318737, 24.170974332973614, 22.53697460619566, 21.08795248125743, 19.83248026765114, 18.73518870768792, 17.755403613684816, 16.92970329666825, 16.192739357407905, 15.576934586481794, 15.02518466676428, 14.548884900832684, 14.151271202479952, 13.786290454381065, 13.498076133772665, 13.241376740498435, 13.010634215392816, 12.821488841449053, 12.632930910754672, 12.443735524196576, 12.316963277705101, 12.182019134127527, 12.066071310985318, 11.955717095713727, 11.849594595459727, 11.755583874133238, 11.652067979711928, 11.58241682120158, 11.507715490875588, 11.415485322455133, 11.350762063165153, 11.273579071047916, 11.19220249653292, 11.093284720528303, 11.015995208012951, 10.940304612649909, 10.890781263741717, 10.801964625081418, 10.706164389588231, 10.609573730958115, 10.54107696078797, 10.512314354801743, 10.475622377430959, 10.431605886667985, 10.363229288929396, 10.296387823044663, 10.249349247062439, 10.206381658978634, 10.120178365214008, 10.066038572508225, 10.010332332184753, 9.983435965872399, 9.868841441170177, 9.799515301981348, 9.751660008642279, 9.722059627239185, 9.650391166681999, 9.587666575495268, 9.558714534910909, 9.488275210449098, 9.450517444055794, 9.383373238777432, 9.339392946871287, 9.305943110790004, 9.24553141585127, 9.19000569537805, 9.124916765142064, 9.09586674729583, 9.034173948936026, 8.981909755177972, 8.936791972928708, 8.876068101349881, 8.829168735564807, 8.76371107198344, 8.74492581381431, 8.700377858555315, 8.666765779286822, 8.622650070907453, 8.605194582040399, 8.54370130573598, 8.510428729387776, 8.459359493765687, 8.424604428836242, 8.376718353071984, 8.354046191812584, 8.320242823361507, 8.261886446778735, 8.205857268263717, 8.152360660163804, 8.128456171874504, 8.111200202692961, 8.093122191787037, 8.040762396764018]","[49.2348852773566, 44.87423158476279, 41.099642586842386, 37.680750225034664, 34.670489541390324, 31.96733942553556, 29.67812180642797, 27.629049550153677, 25.70186879130991, 24.070840014047388, 22.62921545990978, 21.436097684015284, 20.39142078429249, 19.52475401663483, 18.751846919952502, 18.13487363666202, 17.594296382440326, 17.133483006409097, 16.721200591294917, 16.403670592200086, 16.062719930602633, 15.823772080441083, 15.620790666797983, 15.43603983548189, 15.311104049899516, 15.199441920601126, 15.053935581309219, 14.939022726283673, 14.876160511155286, 14.821132855756915, 14.723684706602507, 14.699091015464083, 14.686512518931616, 14.673802018951337, 14.621687949792197, 14.590729645811034, 14.596675095775748, 14.572011519929058, 14.57534357442112, 14.560298868207786, 14.551222736811633, 14.54229308511616, 14.535977556934242, 14.545695599452424, 14.522506009659022, 14.50703496949871, 14.489642703285664, 14.500409555599854, 14.539997796608947, 14.523205132820538, 14.519028090881637, 14.481276585379678, 14.480138581080507, 14.458960850842555, 14.455738426436877, 14.45342360444186, 14.450535349507986, 14.463180108359625, 14.46760218648372, 14.439985105993394, 14.459203446296678, 14.46624282178052, 14.478424961788123, 14.494066592164108, 14.508572994087904, 14.490118972267833, 14.488795649519068, 14.508860991984065, 14.495179827605503, 14.50885022473451, 14.520523868690882, 14.510533108350833, 14.499113861363075, 14.49808135289335, 14.48757319432268, 14.476160364310445, 14.470352628686515, 14.480131677846822, 14.467178344186392, 14.430499496053518, 14.435909676833122, 14.443202242961055, 14.465596093350408, 14.441271029306256, 14.432684616648922, 14.435578144390199, 14.4333387156332, 14.437587248408809, 14.432504729072246, 14.444042024162686, 14.428011987229455, 14.412868218736838, 14.3917353174185, 14.405860456857116, 14.369651944142351, 14.393012873253756, 14.394695128969978, 14.39099613983292, 14.382840829601074, 14.365050387362022]"
4270__RIVERSDALE_RD E of GLENFERRIE_RD,221.815914207092,14.893485629868248,11.216154453191864,0.9466094036010358,"[62.49320322274246, 56.72870271166184, 51.59731786972374, 46.983673031952854, 42.84456308134501, 39.129986847643934, 35.83206002142748, 32.89719137686562, 30.25716588592997, 27.888002749974625, 25.822213774329835, 24.003130957494076, 22.372738454123635, 20.943826148567904, 19.68560456443844, 18.598423432089643, 17.658747608219745, 16.829885826545286, 16.133856372247763, 15.541230176575809, 15.022693801206842, 14.563836591726819, 14.127593755037088, 13.798634574857315, 13.507968678667815, 13.231511495648542, 12.984513137358759, 12.799065325430446, 12.63421343621062, 12.468019405952955, 12.319457808710448, 12.199242165300332, 12.09206626508461, 11.956246839259165, 11.82754932116662, 11.725000423514413, 11.655565666912008, 11.558904165123662, 11.458501323258162, 11.374650692537706, 11.286861785070895, 11.224678690386893, 11.14923578800379, 11.071210445504423, 11.016812446895344, 10.963549326549773, 10.88319974438721, 10.808604716462703, 10.766175418363115, 10.68547587427607, 10.619751956983015, 10.552726112259068, 10.510495993109998, 10.476302931323445, 10.412582896781744, 10.379136035076879, 10.344411162178922, 10.2790022922194, 10.244541553241955, 10.222413844272948, 10.184093490463388, 10.14950136262315, 10.083151080051127, 10.004995852055183, 9.969376684084354, 9.886729711818484, 9.856781076870263, 9.80045839179544, 9.723758586359654, 9.644320791127935, 9.569299451361658, 9.523274710502653, 9.449656597011401, 9.363549424460228, 9.295874105334628, 9.251832352618676, 9.179226634448323, 9.143698753457365, 9.09827330668948, 9.055612527330243, 9.034224342650646, 9.014123540551656, 8.966531739157345, 8.91382554925577, 8.877995449105457, 8.852760947812339, 8.820192896387264, 8.788326032257839, 8.735381731206875, 8.710540015436983, 8.690447158873171, 8.642423438235067, 8.588963312659962, 8.563419475141176, 8.52564709125093, 8.470196965610707, 8.40783880003016, 8.355603361973149, 8.286501052221565, 8.233325837153703]","[68.63609302725591, 62.33530230430671, 56.755033755732946, 51.698341428165556, 47.127075959008735, 43.062299286524244, 39.47967001022779, 36.32078324612853, 33.45350472987302, 30.87338123428569, 28.686036683472487, 26.70512829874139, 24.965656563912574, 23.4730070432185, 22.08941417882099, 20.8872792257757, 19.868669485329296, 19.010368736959343, 18.24123986917181, 17.592359422146647, 17.02931401804226, 16.552076119036574, 16.142501706721802, 15.847440866944357, 15.5725077292013, 15.328690570634793, 15.11874209296508, 15.009039650688607, 14.860093270172792, 14.693839322005159, 14.653356810348548, 14.534706936140855, 14.435577954652821, 14.410651908777306, 14.358430869234338, 14.300342309989453, 14.27475728095212, 14.25264597708328, 14.267270276050027, 14.2566057516774, 14.255092559769576, 14.252176627542175, 14.233221316109242, 14.228280342892273, 14.1799443590761, 14.18407463619159, 14.151016041639732, 14.127716484770886, 14.119622910118567, 14.141361417871877, 14.167676118030958, 14.134177285451644, 14.139967343508195, 14.144667459265406, 14.14820161655981, 14.157877572578318, 14.162628809254821, 14.183843085883373, 14.20945414118535, 14.213101542821049, 14.190937850679068, 14.168772946437464, 14.17179701320876, 14.191687527249888, 14.19032102336074, 14.213638404791096, 14.212971882459824, 14.235422681905058, 14.19592143542375, 14.187957908351386, 14.221584944197382, 14.2308270050858, 14.232940828291385, 14.224591921809798, 14.224623788410488, 14.216474877745815, 14.21824048249033, 14.230622681781439, 14.248188833134279, 14.251237099130519, 14.259500345697244, 14.269631766756937, 14.290496482559643, 14.289983295842495, 14.283234385996446, 14.278288018829242, 14.286256731094388, 14.310138084819005, 14.295868822642976, 14.296852928543094, 14.29463180015868, 14.292498138649991, 14.265352946051385, 14.266081314408229, 14.282231903504158, 14.299689722359876, 14.301986245621823, 14.308714294756072, 14.309056077137857, 14.282814147382965]"
4270__RIVERSDALE_RD W of GLENFERRIE_RD,245.0994349910926,15.655651854556954,11.637114677000582,0.941964987409285,"[60.71859854376392, 55.166812791510154, 50.218565492284384, 45.793084838224594, 41.85405707003552, 38.29028530969184, 35.11122933076771, 32.28197294522588, 29.75048421162399, 27.50632713129824, 25.51518488952195, 23.75801195308641, 22.224930489837796, 20.860026183223518, 19.723814491114148, 18.687637450552153, 17.806338679508368, 17.01658727453779, 16.331217021511176, 15.750722510784733, 15.231766046226813, 14.750798302896511, 14.367471025735275, 14.01332760359293, 13.740346136450679, 13.45907089345033, 13.254235358261196, 13.0598799388573, 12.861785731434917, 12.693315834177502, 12.565736984125275, 12.440729623524515, 12.319083367306611, 12.206590212517227, 12.12697037732382, 12.050341062464806, 11.941504419462785, 11.868970850668015, 11.790855928942092, 11.716709198933337, 11.611121682516007, 11.519683657421753, 11.421009502678592, 11.365904405983954, 11.296660955752234, 11.243061420560439, 11.148850440299563, 11.08667184906993, 10.999507242528173, 10.938354480116594, 10.897199180134619, 10.831299789136128, 10.761159097815513, 10.724163394035516, 10.679612176885666, 10.65679964126194, 10.563593899591062, 10.529224783787354, 10.469160480659307, 10.413653822027026, 10.350060980440183, 10.304204592415154, 10.236066247961908, 10.1831543720914, 10.121947025202907, 10.067632173325181, 10.026569148617588, 9.984071455576288, 9.915301111447823, 9.830915661301445, 9.77748021461759, 9.722592275683867, 9.643762950782007, 9.587029837848068, 9.529710782409495, 9.45627148183203, 9.429838889141964, 9.402658382083207, 9.338415703246904, 9.297787184806733, 9.232209045851349, 9.189804204080131, 9.150927507668591, 9.126673468028057, 9.072378272291129, 9.02199882053726, 8.988434747522053, 8.93032796999008, 8.887377246053418, 8.847662912903196, 8.779050336498722, 8.740557564258902, 8.703488979991588, 8.66253152544463, 8.618756603553242, 8.554485364398827, 8.516516452946254, 8.510899078239165, 8.454881704898844, 8.408359208921985]","[65.20534287924372, 59.40047788746246, 54.18441782567666, 49.46722401353487, 45.346118795366145, 41.5084769056515, 38.14200850801109, 35.151294616898426, 32.42301769806536, 29.961905116056172, 27.87625588880152, 26.09244305518236, 24.513605196710607, 23.090095440966238, 21.85301751354016, 20.76003555806762, 19.82671117815372, 18.98970704893916, 18.26700662773881, 17.682443617097356, 17.168786345096038, 16.72750884859638, 16.37079134486664, 16.02037334268731, 15.749261577091053, 15.50983404653979, 15.339255231075235, 15.167174671346482, 15.046038142451833, 14.883364755431941, 14.79144190489243, 14.710203243641933, 14.633686049387293, 14.56348714557823, 14.523440616050129, 14.504892690215655, 14.473974257187448, 14.410707346549769, 14.377422178976785, 14.354148942469113, 14.324467414370694, 14.318665757659444, 14.299856925992225, 14.274740101464625, 14.250331506089232, 14.23954792973171, 14.259429715581545, 14.268616778863267, 14.252847684750744, 14.223695590808276, 14.231183384202865, 14.230123544811828, 14.245268608488624, 14.232422883151644, 14.234396957513427, 14.242422576515098, 14.259422639921043, 14.274775332174151, 14.26441240689245, 14.274430724729667, 14.29677690740405, 14.291393708609453, 14.293375764077343, 14.300313403720967, 14.286414416799964, 14.300512120596784, 14.305230635774551, 14.256850547432007, 14.231270996665714, 14.223563915910843, 14.220088515402786, 14.225425119576963, 14.243277875377078, 14.238122400327686, 14.219213742458738, 14.260360581725015, 14.263982829794106, 14.258508017182598, 14.251557252605851, 14.233422547181647, 14.228642299790687, 14.221651176466272, 14.225671635238097, 14.219443903533747, 14.201723621240907, 14.189768952547645, 14.219824764068141, 14.244050784300732, 14.236554773822684, 14.24232218974822, 14.21713840753069, 14.233835714546975, 14.241087903670982, 14.267577344696743, 14.261073691151676, 14.270402915613058, 14.268863492404412, 14.270659606275675, 14.276048507871954, 14.292546451196074]"
4272__RIVERSDALE_RD E of TOORONGA_RD,165.03920533886642,12.846758553770146,9.822124233378611,0.9539061596032492,"[58.3226272616717, 52.96127916637316, 48.174911161533714, 43.89327053371364, 40.106787955848084, 36.632589786271545, 33.56589051552502, 30.834248475501948, 28.425257147418076, 26.22596105590839, 24.32059294427869, 22.626244588766706, 21.12955390071226, 19.805353874175132, 18.663458074151322, 17.63207439462125, 16.76720838547146, 15.974359068333886, 15.301995099376118, 14.71111791434914, 14.21085144961609, 13.77736903441101, 13.403366751622634, 13.076328883106841, 12.788012670916398, 12.545188398754414, 12.329763592125532, 12.116565831058422, 11.955464332300512, 11.788527879531127, 11.637878269802117, 11.498305382880078, 11.390269274666139, 11.262416818373653, 11.142050571920333, 11.064104792630829, 10.954379617923612, 10.853783913607638, 10.776212784884622, 10.71775751889573, 10.621999802624016, 10.561729078744605, 10.512665836333012, 10.467569111391718, 10.408260274544137, 10.292318102482959, 10.202399975056665, 10.150224907640064, 10.079445020865629, 9.996644915409155, 9.954909585146469, 9.862716669442344, 9.821073111723111, 9.78991196195568, 9.739006920490386, 9.653594055321943, 9.61911991920309, 9.565984147828084, 9.535476422766799, 9.522539389367761, 9.498435923885118, 9.460582417842614, 9.430183795834957, 9.397596994247522, 9.35636969922564, 9.310779892125076, 9.230987503731052, 9.174266956271447, 9.132420002377671, 9.060946359618505, 9.021978662578938, 8.952939734575308, 8.882668372977218, 8.861306865214177, 8.8231636077582, 8.759790418111917, 8.706514227360143, 8.658103732190773, 8.627061640920418, 8.605373053698601, 8.51424548554195, 8.442291388455565, 8.391677197501071, 8.380449656298746, 8.309349506313334, 8.292807175064663, 8.252662445516517, 8.212494443276674, 8.187433964473895, 8.139063421781094, 8.112632247379002, 8.083220797603238, 8.043764405763628, 7.98133301965771, 7.9513434868480495, 7.904259650764735, 7.85517520332043, 7.803082724925381, 7.7525750563949805, 7.7409518166850875]","[65.45835947443246, 59.527343630715066, 54.21428490969903, 49.36217652426987, 45.17390359674876, 41.385783412533755, 38.00963525542922, 34.95273585006739, 32.24997483076406, 29.772331117516302, 27.617973147750707, 25.762496247414855, 24.0610977504092, 22.593692287218886, 21.383739446878977, 20.202138756570697, 19.238675026905522, 18.326144631894543, 17.573855032412276, 16.936671128089934, 16.370533999537727, 15.903601995792467, 15.493761944035906, 15.178083308422254, 14.917205026634326, 14.669318675591422, 14.440911389954548, 14.186864133806326, 14.07196751763805, 13.937258816855499, 13.80792998285668, 13.700545270327574, 13.622637023488169, 13.604130001267642, 13.545932579962338, 13.498048025305723, 13.47193159267298, 13.410134828798192, 13.377196109214976, 13.36846386099763, 13.331383348346181, 13.277140354890152, 13.252417626715115, 13.216390018804026, 13.215804168898698, 13.234509517982945, 13.198825176545768, 13.17444720601259, 13.18695625892102, 13.203073840076527, 13.221878649940935, 13.198445794846046, 13.202675688389505, 13.174363333072142, 13.167601557182572, 13.16001588084911, 13.155351146398209, 13.112851828490246, 13.11199131061354, 13.12161864368861, 13.137636802158827, 13.161324330505215, 13.164548833541902, 13.164121006604988, 13.166488307021721, 13.146789321727628, 13.149350011833686, 13.144706079312515, 13.148193210786491, 13.141418100537841, 13.158202859202111, 13.200898627818527, 13.207762778691372, 13.218170650416377, 13.247442667369121, 13.257264014320944, 13.249647236259523, 13.279434641444139, 13.269914077396017, 13.245298931641345, 13.234804030883295, 13.272338340122548, 13.260500597959785, 13.269662864351462, 13.26511647644378, 13.260219419029154, 13.249355558752836, 13.247622255932397, 13.24833495191476, 13.261703496864996, 13.279596964801424, 13.269659156517607, 13.276983419383644, 13.256934397070147, 13.244123045896785, 13.25843701884755, 13.25880228541194, 13.283435221154853, 13.266983287043056, 13.282869290330908]"
4272__RIVERSDALE_RD W of TOORONGA_RD,197.955531184501,14.069667060186642,10.428445917824305,0.9592635628043301,"[64.44505433032406, 58.49242920219401, 53.141023305112434, 48.38487485063653, 44.064709707129644, 40.18375149814037, 36.74060431795528, 33.73326127144543, 30.993134279599314, 28.513500822162435, 26.325753592746473, 24.390346419828425, 22.66952228486685, 21.1621832953509, 19.869317218093524, 18.69402595877143, 17.709269460125924, 16.830378299075576, 16.041138960567253, 15.376683155998974, 14.785234915333113, 14.278329202046509, 13.858781602118336, 13.46629087620318, 13.112922412919893, 12.809554752084775, 12.545939537659288, 12.319117700638904, 12.134056545669203, 11.95508872891301, 11.807316878627255, 11.646088601171861, 11.544426122735791, 11.4294031461874, 11.33995031964051, 11.244878675631597, 11.112411527575267, 11.014123672416835, 10.91379337077765, 10.828714801477718, 10.754367762650851, 10.680631747276843, 10.5723099912117, 10.497929711592267, 10.439579280673907, 10.394656987153834, 10.303874722803789, 10.230468126631626, 10.169213596834718, 10.134099635874811, 10.036892292056804, 9.980318513133163, 9.91513903338911, 9.838072372121346, 9.756258542805142, 9.708651278101813, 9.661089734772737, 9.628872743821656, 9.60589283338156, 9.54128102426384, 9.468705293239333, 9.431125532873201, 9.410822969827326, 9.343117053786814, 9.300794048913113, 9.266087772110472, 9.182998552682447, 9.146304688914569, 9.135799931498068, 9.064112284883931, 9.049785835579243, 8.98986101700542, 8.956723480674718, 8.892945955129088, 8.858934103081394, 8.822369309521218, 8.767204538784549, 8.719947313252534, 8.671094998605387, 8.6287961946616, 8.57813116620981, 8.528740094431928, 8.503030346906655, 8.47249402517703, 8.392184618361961, 8.352731775972691, 8.340101999646581, 8.280734364870744, 8.239798613149752, 8.198750154934062, 8.15275756726824, 8.088636997740878, 8.033288325113705, 7.970982184265517, 7.941071577287019, 7.899287515214288, 7.846925949012606, 7.808437606631559, 7.782669719901166, 7.761041992185894]","[70.5385407919282, 64.13319245520033, 58.29461665804892, 53.03351733665998, 48.357214908190016, 44.09732281236391, 40.31436120011219, 37.03178266596412, 34.08976906970708, 31.314031311508995, 28.91991113289373, 26.722973002421405, 24.759672516181414, 23.074098508930216, 21.66587247893434, 20.350984482396072, 19.250350813208694, 18.25063574596325, 17.36554576218561, 16.67040318862128, 16.088246493278415, 15.52309350545826, 15.088299590542675, 14.667229421896558, 14.298221509519733, 14.029077778228881, 13.749050205031145, 13.533862570215376, 13.350726098160873, 13.18683762610663, 13.021356754474377, 12.889996525178676, 12.804023046565272, 12.726855199702126, 12.677008428513036, 12.579441360251847, 12.451234927322213, 12.397555281197784, 12.340178582888303, 12.322693549381295, 12.292577521922329, 12.266031670034923, 12.201675118331048, 12.163244358785601, 12.147963395087972, 12.13291749803334, 12.099838464374255, 12.125167091850685, 12.103104232836376, 12.10028381106108, 12.061144084365836, 12.05610015187579, 12.072647084056484, 12.059455577990404, 12.076479217366076, 12.076488454941748, 12.045412749939343, 12.024326965620558, 12.017590365143654, 12.017670938038327, 12.01300501437984, 12.005400801319333, 12.007342071673841, 12.02463260007401, 12.013396959256312, 12.00664967393942, 12.041424159198641, 12.019795789359602, 12.021967579468122, 12.036824221886427, 12.0357433341723, 12.01431895456691, 12.036259059614908, 12.053893410077686, 12.060925632937296, 12.037344243313905, 12.01548930143143, 12.023055280823755, 12.034125864637533, 12.036001803142232, 12.03397129819561, 12.031347801634105, 12.04138857506474, 12.068727581628828, 12.054079051801255, 12.065594044779173, 12.07069906698428, 12.070620305020114, 12.061987690845962, 12.064864020493795, 12.07323715493006, 12.075154827854105, 12.067848543025441, 12.07037694254733, 12.057334711603442, 12.066765692853519, 12.075369277793612, 12.078212749359597, 12.085878253079855, 12.080951826249965]"
4272__TOORONGA_RD S of RIVERSDALE_RD,87.20373373963096,9.338293941595058,6.726590097918588,0.9397694782797541,"[36.74879674958979, 33.40428447703224, 30.41909688236423, 27.72046749650897, 25.36156970062534, 23.219125955100765, 21.334203089275583, 19.639320303785357, 18.114782929227175, 16.768606017745654, 15.576289218335688, 14.538839526322656, 13.635441873192713, 12.812648970555898, 12.100155385647566, 11.46900855863909, 10.94835917379362, 10.467695977347619, 10.058729824564947, 9.718181253206971, 9.411073463152224, 9.160539882644311, 8.929018654677257, 8.724745404603825, 8.515960342637369, 8.363279241425086, 8.231906724733156, 8.08263369984732, 7.962612666742587, 7.861940390358556, 7.74579527412593, 7.669275175815702, 7.577642960060245, 7.5166494072780585, 7.467713753307396, 7.400044840038536, 7.326783822700463, 7.260008449467185, 7.182861594746588, 7.1286512573726455, 7.083672412738357, 7.0201687460157585, 6.953571575649393, 6.900396869850535, 6.8754074283620135, 6.8391969359747184, 6.7883698640878025, 6.737119227450562, 6.707004094426347, 6.659001849233496, 6.629547393277646, 6.6184591327138556, 6.58114104186983, 6.548846721841655, 6.478642893041762, 6.415036585008665, 6.361534291293265, 6.308201180762516, 6.2771119740105075, 6.253447958315099, 6.204150401453613, 6.14322250904758, 6.1005041852535475, 6.073253534125665, 6.030361607677627, 5.983378045122894, 5.95753671821378, 5.9292220707768015, 5.893803320626089, 5.874152169795947, 5.838146745760979, 5.821369137307994, 5.779664701895352, 5.749840707553973, 5.720546897650872, 5.698535191041308, 5.668837094891562, 5.623927333333148, 5.597563878740493, 5.562658708240415, 5.545528741228314, 5.514752024478071, 5.4775357997494725, 5.448477395472355, 5.437726754966927, 5.415726582299146, 5.38492367562623, 5.360262000082815, 5.332335747810507, 5.308885405914637, 5.283183525647476, 5.275942231493316, 5.236333358123064, 5.231009812428437, 5.196854263321524, 5.152809676865636, 5.11813223890226, 5.098886619993439, 5.064449674987726, 5.037784442520014]","[39.066032777544535, 35.55163209902033, 32.38566324602178, 29.543862261288957, 27.06837596488792, 24.875649533147058, 22.91347026795596, 21.16107386827376, 19.585537378313084, 18.19967153443631, 16.96061244585536, 15.934228818164588, 15.022862064437168, 14.217162538820737, 13.50478975160579, 12.910225087717857, 12.40083872772083, 11.967618809924772, 11.559398459120018, 11.265984469512844, 11.010633960579764, 10.806291458608344, 10.617931355215216, 10.484547876908836, 10.34149201484657, 10.259091727673821, 10.173477180442278, 10.070993456863247, 10.007186461190388, 9.934192692134962, 9.886184137678834, 9.840821094645692, 9.795783233688454, 9.753807656390435, 9.737088798689937, 9.71184909802436, 9.700530724301442, 9.699199567093853, 9.67528267787262, 9.662150844349902, 9.663771454830748, 9.671784062663006, 9.670290486901099, 9.641566690473308, 9.644131486860307, 9.644810938161413, 9.636372060441584, 9.606350695525522, 9.601685877599952, 9.59199433434208, 9.575077927988684, 9.567780814749181, 9.552041584415013, 9.55581523319768, 9.566787296720307, 9.563281281662258, 9.599304705119703, 9.59324756569338, 9.577906871257122, 9.590129301445241, 9.622184211664875, 9.61006547956413, 9.602387366906882, 9.605698102367958, 9.593300548787978, 9.602529116018689, 9.598389961463807, 9.605719279678576, 9.597886468136359, 9.590025907379056, 9.585770105392855, 9.585244872643853, 9.59735832790392, 9.608007954030718, 9.63644957671751, 9.629958815500768, 9.645374625220047, 9.637182380778112, 9.633521467511393, 9.642457615503625, 9.645899848970666, 9.65046071759016, 9.667690253146414, 9.656082274644648, 9.673112885705267, 9.671196449878487, 9.682872913818736, 9.700620308017495, 9.693450231929333, 9.694993117083003, 9.675255480280997, 9.673019306332884, 9.657737060084362, 9.66340748841184, 9.667345608576511, 9.664638217007889, 9.66935702304236, 9.67767414806636, 9.685822730322935, 9.683180228344243]"
4273__TOORAK_RD E of TOORONGA_RD,400.45981183486657,20.011491994223384,14.617846071050408,0.947904170574919,"[87.32397209934297, 79.18304427573395, 71.8941255071253, 65.40544585416887, 59.56531790680778, 54.303758911475875, 49.62355747620801, 45.44272729763029, 41.688202634894516, 38.29672841604974, 35.32965401028134, 32.71436592722852, 30.396614418862953, 28.326155823903427, 26.548112575216233, 24.959604454157958, 23.581655955971044, 22.37310472003956, 21.312460206565145, 20.381254675634054, 19.577445546734268, 18.873872424843064, 18.26582388625686, 17.724117848423333, 17.266071314055612, 16.846393422037448, 16.481804060461165, 16.137763839750388, 15.8497658065879, 15.54360341606751, 15.321616714828291, 15.086480152332301, 14.903071527040922, 14.753251395122579, 14.604106741467795, 14.493030495546899, 14.36916286329337, 14.223941997759692, 14.101007124320054, 13.965172652828702, 13.88650284675752, 13.750827058894213, 13.622171845867458, 13.504060242432336, 13.400757354491947, 13.33183185417794, 13.24149953025264, 13.18901029491105, 13.12087376977404, 13.059093813962447, 12.964679466204334, 12.894111359291937, 12.824767900250858, 12.724837235467131, 12.687872276946576, 12.631353243740847, 12.594576357513487, 12.546921644723191, 12.454613161433144, 12.428417679335379, 12.403151319842546, 12.304721783932004, 12.24195000385745, 12.199758595655357, 12.14607086720117, 12.127668109227562, 12.06367948693149, 12.017321882434269, 11.974030315474074, 11.940397554834709, 11.873643432735445, 11.775528686190505, 11.72130556421117, 11.622065650951136, 11.60315400509149, 11.55240264927085, 11.483290978136548, 11.450627639883669, 11.396131373093384, 11.332339639181756, 11.278617948451412, 11.215220856897309, 11.138376485906024, 11.06082587929498, 10.991362064002699, 10.929927165732222, 10.901350016711245, 10.879629044832983, 10.815520634138082, 10.761148358435818, 10.707280826672731, 10.679230870223337, 10.651247267173687, 10.56929237461493, 10.549877222713883, 10.501000823459119, 10.433211169156024, 10.39673894560084, 10.360610751816004, 10.319046036620101]","[95.06322394560632, 86.15838745740184, 78.2801413306065, 71.1437640062757, 64.48969654506901, 58.74599566643564, 53.55583310135368, 48.90194522311158, 44.795097711724424, 41.10375033774474, 37.92366542249555, 34.98738894757299, 32.44754346682268, 30.18614628249222, 28.28956712819604, 26.586599350603645, 25.074067385883467, 23.830086866179546, 22.749247842951164, 21.86099751042247, 21.05471521418283, 20.410194949441177, 19.842335742638753, 19.3450976363826, 18.95089301273228, 18.62210543246847, 18.289973787982017, 18.102144369623403, 17.950984322491, 17.793918276940033, 17.68687251981352, 17.609259036425907, 17.507599302498104, 17.424226731301744, 17.38178508981513, 17.335427259013535, 17.274477456777273, 17.23403015328481, 17.183373673100757, 17.164486418357033, 17.184522386183325, 17.192523838520817, 17.25875101220517, 17.258992743369042, 17.23551257787705, 17.19826810653332, 17.160920545502726, 17.163935011944684, 17.164834617336595, 17.147209884478524, 17.098099425373565, 17.090541250800587, 17.14359319454317, 17.139955665059464, 17.130807294353655, 17.1458686991177, 17.178957263408133, 17.18641992851213, 17.184193352244215, 17.176733524208217, 17.17675834893914, 17.16182564958565, 17.16263202099659, 17.157279060405212, 17.17610326938773, 17.190562524568406, 17.19151919647202, 17.199244149553227, 17.20050716596479, 17.170542626002614, 17.18340574249822, 17.176935355090727, 17.218854358239533, 17.17458464210089, 17.179381124261184, 17.17839027620094, 17.178076642788223, 17.19316906827474, 17.161911844249197, 17.158829302522, 17.176876883136163, 17.20574249922121, 17.209938657927115, 17.20321125459984, 17.188027730087065, 17.17783852268063, 17.18429748681703, 17.19645770799654, 17.18874473641103, 17.191613232698668, 17.193618646060454, 17.185512316059576, 17.1651456234193, 17.174419598891532, 17.17178372287381, 17.166115112936076, 17.166765199563358, 17.145121592828062, 17.12750074778926, 17.117760219952977]"
4273__TOORONGA_RD N of TOORAK_RD,226.45802589147854,15.04852238232972,10.343446418676484,0.9442294035468891,"[62.002291537688905, 56.41406034186331, 51.32330271740133, 46.75109891100302, 42.76130635890991, 39.058568174231986, 35.778741365763864, 32.87968051979053, 30.25151108872229, 27.928541284559117, 25.856939605753492, 24.047768925533596, 22.424734030982183, 21.01140549361357, 19.755490825094704, 18.689780519636564, 17.78297616505042, 16.96385301610153, 16.2444059664538, 15.638456818978604, 15.097991654691285, 14.576320028837726, 14.173890046288077, 13.805915140225007, 13.498417113079102, 13.261904721882209, 13.030575455418795, 12.804794905272908, 12.580157889884205, 12.391149659923961, 12.25125893362441, 12.093975022107612, 11.989038821371766, 11.869651895976956, 11.745451934335085, 11.618427204656141, 11.510624566562944, 11.397552949790205, 11.313981958024732, 11.267806871027759, 11.133176010841625, 11.053039049455611, 10.973671273861724, 10.920734343689244, 10.841846597239503, 10.779860077369541, 10.684119644873324, 10.636991425470535, 10.584234230116286, 10.496291001261467, 10.421804802148092, 10.315575582431405, 10.249618846933677, 10.213110448698671, 10.168788026657447, 10.152786898295604, 10.11045624984585, 10.090497868491303, 10.007188679939995, 9.961250780504011, 9.916105004842926, 9.899083269799812, 9.86913394974522, 9.807151765128111, 9.715426491502653, 9.683648919487032, 9.597281393365451, 9.587608685603595, 9.519805450447834, 9.49015627169839, 9.472411275468053, 9.427069903308212, 9.39755776013158, 9.383298989411559, 9.368232958631067, 9.352918572743206, 9.321039394920483, 9.228500748009832, 9.185626341172387, 9.144281974382174, 9.10641267575463, 9.070964202902594, 9.006640289629676, 8.967430661097984, 8.921521841323447, 8.914407616232687, 8.837088141029204, 8.827662739135043, 8.743417597371298, 8.662280757321671, 8.619210655145611, 8.551520580923047, 8.534784252193894, 8.499263117708628, 8.436882447991982, 8.366427981067416, 8.296862786289323, 8.257755208020782, 8.230297631566327, 8.165216114904545]","[68.53637778197778, 62.441611899453086, 56.889173178593126, 51.93816794000039, 47.58765061566072, 43.570161853683736, 40.04397361570615, 36.91964814704634, 34.04639768044795, 31.54139373366395, 29.3335348531378, 27.32214110951277, 25.548921613372556, 24.066718810175384, 22.803566338890814, 21.662916314835176, 20.72019802864123, 19.86378993390519, 19.087814079063104, 18.494053758083915, 17.965487787838306, 17.44493310569714, 17.02169664294019, 16.614750191195423, 16.331054599211917, 16.087190276658607, 15.858110550374176, 15.677620246092394, 15.505134426281979, 15.329799894389037, 15.213046088648637, 15.028371337249547, 14.964848669483011, 14.90693775751545, 14.83071275073719, 14.80798888078677, 14.787916107166398, 14.745020204124389, 14.674979210038128, 14.658990329276305, 14.651610200651506, 14.601943918735932, 14.607702831114908, 14.554574007148782, 14.529335131148352, 14.555798939849655, 14.510572735923269, 14.50269394041088, 14.52003378120319, 14.50132748107837, 14.494227932197933, 14.470366373662209, 14.460284610416778, 14.44179099566831, 14.436494778450506, 14.437398410019608, 14.457266285834496, 14.464928746515488, 14.474669836590287, 14.455444431106741, 14.448784625731628, 14.447411217472636, 14.465327152815169, 14.475415474126544, 14.430213352178635, 14.430466335269674, 14.419843063191024, 14.4199199228015, 14.4176869593901, 14.40133890537863, 14.39408612994511, 14.413647353897481, 14.425950522322088, 14.435419747466442, 14.431408371474214, 14.424419636399556, 14.439337348814226, 14.473454896599476, 14.481208263513848, 14.45794347397138, 14.457636434345835, 14.461667066794535, 14.448575896208474, 14.451748503887272, 14.45155894610857, 14.453786013147253, 14.449332124444238, 14.45024446429487, 14.45455357775283, 14.461502671668823, 14.464014043108968, 14.44355895868758, 14.461894491517253, 14.462897077137368, 14.444924351190334, 14.440784854031389, 14.45184318145233, 14.448312133824757, 14.435480097726959, 14.434979381221856]"
4321__HARP_RD E OF HIGH_ST,112.29519115293378,10.596942537965079,7.697045020307048,0.9502032987891174,"[45.37079785114222, 41.294040175833075, 37.6388671752658, 34.376961218445544, 31.41463807767724, 28.784768744599113, 26.4331614958592, 24.37406322481186, 22.550391960228296, 20.871878679038087, 19.395218619555703, 18.09658833364721, 16.966874181355646, 16.00702985020068, 15.14062951027318, 14.359577023711696, 13.694914840684868, 13.112754943149886, 12.583821135765513, 12.157931922103387, 11.786620881445408, 11.454383766686531, 11.165061742292052, 10.927239216734442, 10.671835611790737, 10.44673404951645, 10.277197135845494, 10.127939218415973, 9.986226976381603, 9.839883613306881, 9.704923214929947, 9.599944239548561, 9.525476454596395, 9.415054823818759, 9.333110749641557, 9.269737356853158, 9.185623634230595, 9.109386154260418, 9.009403257963806, 8.919755324039961, 8.821252173618056, 8.77634826259478, 8.694412269742381, 8.645706829212564, 8.603694511846694, 8.550378632855587, 8.497835466755348, 8.430508962516965, 8.39075982385136, 8.36459629619128, 8.310454397076601, 8.224100375086019, 8.191049431861131, 8.129765923571473, 8.092241387355957, 8.046804848765364, 8.011910747862446, 8.002429200704102, 7.953077966009271, 7.870559332054121, 7.831045103241786, 7.779951919939854, 7.751841787146267, 7.720511406365956, 7.708001347339445, 7.698266983046196, 7.641119215303269, 7.580002803798697, 7.547092304566615, 7.520159435944751, 7.468293159704906, 7.442020851072393, 7.439267820566086, 7.397801031884006, 7.362511186624541, 7.353218844707753, 7.3416369659565515, 7.322967979270224, 7.279584841848143, 7.238910205165925, 7.18814282113607, 7.1802901076347645, 7.14078119592309, 7.102856305008091, 7.062827772767016, 7.035556206583104, 7.025959194612732, 6.999299694536069, 6.952641247861123, 6.918623097681201, 6.9045073280466855, 6.847889528569257, 6.812984904596169, 6.7950326169830895, 6.774733132736837, 6.7236317970020805, 6.701403592640503, 6.68136249181408, 6.673507273911851, 6.631608477757824]","[49.95203268712945, 45.462000129752674, 41.476722836169515, 37.896279671524766, 34.66844323034215, 31.75650220972248, 29.1632009326714, 26.924003741207155, 24.912492076443417, 23.072017027185755, 21.45611522012244, 20.081964079086205, 18.849312815970233, 17.867230296018977, 16.952306617664906, 16.141256435026097, 15.420162046580261, 14.830440281293587, 14.310970992212274, 13.87872855103612, 13.486651165554012, 13.15032984700771, 12.90786232992914, 12.695593745308601, 12.487254671335817, 12.33454957445031, 12.218630071548004, 12.089459475999849, 11.990162627079204, 11.911917460825133, 11.808129086049805, 11.76445185416129, 11.698640651389352, 11.649822823337665, 11.616713187860453, 11.582462663672409, 11.562715677164674, 11.545916667424187, 11.53561119984995, 11.50530713679547, 11.502098535634977, 11.492227024127443, 11.493421212478111, 11.48496301055082, 11.460885013584978, 11.439055613980093, 11.447158725708638, 11.45011248549098, 11.450239294361634, 11.436402141049188, 11.448859378507262, 11.469086610038419, 11.460788503725873, 11.45372894218842, 11.427445006837289, 11.396121179162673, 11.399072524362666, 11.393415323655327, 11.394804829955202, 11.37703828965693, 11.376705109479595, 11.364880182600324, 11.37899686568139, 11.374269636356667, 11.36368106626374, 11.357951056953773, 11.37542816124986, 11.373353364541535, 11.379951791952674, 11.399467903866148, 11.410309365913495, 11.43696991441257, 11.435441554900375, 11.444609272841689, 11.44111892303532, 11.43476369426426, 11.458765709841506, 11.446027517102355, 11.469624689577259, 11.477831664960126, 11.493191279171336, 11.483919039000451, 11.487332891974907, 11.500823551586308, 11.481460306436535, 11.485339430615083, 11.48599999057936, 11.494956611395505, 11.476944365093573, 11.46881842911956, 11.460086809491928, 11.462011547229197, 11.485185035609629, 11.509059413399461, 11.528244115965757, 11.535199963270827, 11.54537247516906, 11.537949077030945, 11.538176135908909, 11.5408282919545]"
4321__HIGH_ST NE OF HARP_ST,116.67589948345748,10.801661885259021,7.859694323914774,0.9566756544248628,"[53.22365152911227, 48.307236145158406, 43.926933687456, 39.965990581467445, 36.40577779417422, 33.192867000936694, 30.35902630154774, 27.80840307609165, 25.52105012286728, 23.461965911336648, 21.6473119073753, 20.04162336658267, 18.654429385499444, 17.396786261021212, 16.288244172707564, 15.296873918479962, 14.457564319490544, 13.692839519799326, 13.01131119219506, 12.459715908468798, 11.959492734352532, 11.522633901720244, 11.153446346942935, 10.843107872799836, 10.547059515420841, 10.288575459240205, 10.070584302537288, 9.881743284307577, 9.710111448984273, 9.558599581876951, 9.404622356007062, 9.281027720017649, 9.162942006504029, 9.04330722296811, 8.918457346866592, 8.834550128289102, 8.753276261835673, 8.661844889484074, 8.594942705277768, 8.552843230273641, 8.470413586820893, 8.382610482629978, 8.343035657714664, 8.308135275072745, 8.229829869085306, 8.197390197604395, 8.136122493129804, 8.087273565539848, 8.028929802654641, 7.97088645406696, 7.923734557100843, 7.864896630009494, 7.819155311541651, 7.788867014641395, 7.746539784025852, 7.725182686710012, 7.6958887150122415, 7.630911700792893, 7.606630393897978, 7.534851516633052, 7.467674725606561, 7.447587624113524, 7.416691375564006, 7.382082106212002, 7.34250539555662, 7.312480153138233, 7.289923259294166, 7.233627739484947, 7.192161050901657, 7.141193130307936, 7.129829420916459, 7.097508232955231, 7.071544606016546, 7.034643374406528, 6.995675219610719, 6.947003597178234, 6.938757240153422, 6.917070239581061, 6.8751753804864535, 6.83448290653689, 6.826124105881086, 6.810455457586038, 6.7755997862724175, 6.731840909545863, 6.678276098917264, 6.628764990890035, 6.583120476327239, 6.562741399669966, 6.507795074517978, 6.479439032744894, 6.45913627987736, 6.419585955610002, 6.391766232543722, 6.3488868346536815, 6.319365729975502, 6.302270780427215, 6.280630094037376, 6.262463077820595, 6.241679745707521, 6.201465467515514]","[61.637787974819524, 56.00797472184253, 50.90763236291903, 46.34119138935151, 42.253634182602504, 38.56823202312354, 35.284015568898106, 32.36530287438099, 29.683910259656614, 27.315540459318047, 25.23726168546208, 23.388115211899112, 21.744711090276663, 20.32434427425502, 19.064354119785005, 17.981094820137468, 17.04748948497682, 16.193348188690166, 15.439633013096252, 14.789895877376098, 14.191723365717673, 13.705121613822389, 13.315091681300245, 13.027662127512631, 12.738949942535747, 12.487402132321346, 12.243448004442932, 12.075910530642425, 11.932726525069445, 11.83342397328464, 11.703805232517505, 11.650579530576271, 11.596352419360514, 11.488923954524608, 11.421028635058246, 11.401652873414314, 11.350637762900964, 11.305919679329035, 11.250481128129886, 11.239828740449916, 11.201403404941791, 11.182492373911774, 11.175574571407457, 11.167687532690861, 11.129354294124974, 11.116188252750227, 11.09894954744792, 11.073760468352367, 11.068372256647718, 11.05177159503728, 11.066299432858289, 11.057876472001503, 11.034902529687436, 11.039413176645157, 11.038036164690832, 11.027450125090867, 11.007589495161177, 11.013838375805452, 11.017895509758077, 10.990435058060992, 10.98647149469231, 10.976027555167146, 11.006323754426074, 11.010080952618969, 11.006535988493587, 10.987588599408749, 11.001073706612932, 10.992711040873479, 10.987860717938045, 10.975885507836201, 10.974318303232904, 10.987387568403166, 10.982415291804191, 10.977107590860044, 10.9660762688229, 10.955175266468261, 10.95450950572541, 10.94926539615595, 10.96017812818518, 10.975034382531069, 10.9746002036456, 10.983796982591812, 10.968895879541964, 10.968862497755191, 10.970002159631857, 10.963976881890572, 10.974776736747739, 10.966639175289469, 10.955587408393828, 10.953491465280328, 10.948264581667212, 10.938126668074622, 10.948703252780364, 10.96602816986727, 10.968687296893574, 10.959708622273949, 10.960877675160571, 10.963601930028478, 10.958522819172435, 10.98089587618721]"
4321__HIGH_ST SW OF HARP_ST,158.01559491898306,12.570425407239926,8.994435806488722,0.9612039610333863,"[59.18097730328389, 53.75745026732784, 48.81415667938948, 44.400972194154235, 40.445283967009175, 36.89619647913201, 33.75424222320587, 30.92281948315775, 28.416426542118312, 26.125782071624133, 24.147959395058407, 22.37316903358724, 20.814258998144844, 19.429149249446155, 18.21081216967385, 17.09151089287232, 16.15667221048782, 15.323550670309968, 14.590016084095499, 13.955859591703513, 13.379386548782545, 12.897836856247476, 12.496687660699124, 12.132062855100768, 11.803555568802972, 11.51262624164297, 11.263724170576925, 11.059932111361205, 10.858719508080481, 10.691146235049214, 10.541669628260617, 10.382810032782189, 10.266505097292049, 10.149553737083975, 10.051792054327871, 9.961090536743782, 9.865260966655098, 9.78898255867395, 9.694755700732223, 9.613492344022013, 9.54207929640909, 9.461061509441105, 9.40925350336548, 9.344120296970425, 9.281549249429496, 9.188460369523167, 9.104214207079856, 9.012355638994327, 8.935694037373036, 8.8704581764127, 8.852745040023242, 8.768475046148382, 8.688208799262865, 8.600506248151573, 8.551747187744152, 8.521329615221227, 8.436991537308721, 8.377604899177815, 8.319315697192344, 8.294219091631573, 8.263489787110913, 8.254093702301148, 8.233703840341837, 8.218093707528515, 8.195977511371938, 8.134944083335292, 8.097706350637878, 8.030011151402862, 7.989243862509144, 7.951295268262312, 7.880527395932722, 7.803529406467918, 7.771420052187561, 7.705302792953715, 7.676905448975888, 7.6195064921855575, 7.549254985997998, 7.528399508458469, 7.477437222212707, 7.456617779167481, 7.428245938377578, 7.39106991077611, 7.3761225807346875, 7.35422850678853, 7.3021648578716984, 7.291099699214652, 7.268960984137685, 7.214351372750194, 7.196737780705725, 7.127962133243936, 7.115195500725731, 7.081550968709377, 7.053798932286783, 7.041840016934641, 7.027244057665123, 7.004293775906013, 6.950174302161788, 6.9416762954042905, 6.923712970867979, 6.89935709655993]","[63.89100325357654, 58.10850409587237, 52.758028803597945, 48.00923082873908, 43.8367037166019, 40.06975886509248, 36.71266942590113, 33.70267581919542, 31.026888905275296, 28.664351202993274, 26.534591596081835, 24.678042086552555, 23.107366132616004, 21.645249686104208, 20.370774295829605, 19.286126874820685, 18.342972911562264, 17.51862008738835, 16.784870550533167, 16.141879322524723, 15.57514973237864, 15.131831098534079, 14.743995107299984, 14.393682058022778, 14.096516589466864, 13.869507666286044, 13.603925246843122, 13.44984597934585, 13.282737149704259, 13.2134427152186, 13.142738645578675, 13.052614000015724, 13.008495435222375, 12.952694089123806, 12.892736702524749, 12.818361256780072, 12.825330911281586, 12.804979151770604, 12.780562311463921, 12.76807110788432, 12.736909904858928, 12.737175981691939, 12.72883835245859, 12.715309460856558, 12.703740485611654, 12.685361826407597, 12.616124230554899, 12.653001839533424, 12.673170691867272, 12.665760326368773, 12.659234635040564, 12.670824280991203, 12.653545708972935, 12.660105599888158, 12.64183747921488, 12.664390259789661, 12.635821630514283, 12.612267540313459, 12.611795568977993, 12.634993889509541, 12.653598692501276, 12.652500767084076, 12.658148152417885, 12.655009300673635, 12.64356083909219, 12.624403015304491, 12.61564065502792, 12.598209274817462, 12.60515679966333, 12.60309957020391, 12.617302064015377, 12.575157793298327, 12.567136532930112, 12.588844570543253, 12.589886926076426, 12.59592370277881, 12.608322336968646, 12.61295242218581, 12.607538251442998, 12.587065859574212, 12.59241440474833, 12.591047421324452, 12.609085937587269, 12.592293284225727, 12.611991093459801, 12.620091978036559, 12.618815108378387, 12.603810162764255, 12.608414878333013, 12.609818600547758, 12.601791389065575, 12.601076134089332, 12.57737369543035, 12.585420529066102, 12.573856265286656, 12.573123381003148, 12.574835621181297, 12.58589705704052, 12.586232480347714, 12.589636452922512]"
4321__VALERIE_ST W OF HIGH_ST,81.51964222775695,9.028822859473816,6.7371245571736535,0.9416462701736472,"[35.05505061503965, 31.879397520355358, 29.04710987205436, 26.534420370455756, 24.296426808659476, 22.279979578615833, 20.4955898335165, 18.90077720887009, 17.46780026286937, 16.210440230199104, 15.092983750833008, 14.111461996492402, 13.260478665147879, 12.517684089400966, 11.845005316207034, 11.273742208548038, 10.789952660070043, 10.382067280366577, 9.991276820540072, 9.680713945885998, 9.38642709025981, 9.150284187053277, 8.917033322347217, 8.737573232235158, 8.570709476069682, 8.415048322964646, 8.274013653970066, 8.152792605184086, 8.052709854473594, 7.946994408088955, 7.851341515791442, 7.774360279852731, 7.671876354832289, 7.5945383274881575, 7.516319141965, 7.444875098724837, 7.386538052254232, 7.3248355223841815, 7.26908628353602, 7.222019255622053, 7.177137895527017, 7.1481426464652005, 7.110150390337671, 7.050344987134537, 6.988617649157066, 6.9184307405184935, 6.864610191857091, 6.830430565481459, 6.7771520054040355, 6.736767477409931, 6.695006531413334, 6.639618656767872, 6.597924294894602, 6.562808503309548, 6.506337827218457, 6.478808948227575, 6.45871645357935, 6.397559232927609, 6.369445676377643, 6.344896620209208, 6.316981751644299, 6.265624897013881, 6.221055357025306, 6.172335277254411, 6.113192380158145, 6.080462129498171, 6.058985865904374, 6.028767648391974, 6.001761615896755, 5.959287682466232, 5.948980782234275, 5.912753126991175, 5.869289467353806, 5.841485881547814, 5.823781528672039, 5.787671154809827, 5.769332145658293, 5.746082713841803, 5.718636294696792, 5.678783022322863, 5.655182024900925, 5.619790823041666, 5.5862758875391085, 5.565309622879337, 5.5416961077846425, 5.515611052721371, 5.498154237661057, 5.48322062489972, 5.4492389099270335, 5.427588637260393, 5.3799700899364415, 5.369488344265938, 5.339722063595351, 5.316591507456531, 5.301429070827409, 5.27365292974922, 5.241550344296814, 5.215007351384208, 5.173522591754419, 5.144884534660779]","[36.69994600513877, 33.46749411825647, 30.568737932047796, 28.019083723312605, 25.704545766188705, 23.651156631855894, 21.848840405295356, 20.279615342592294, 18.8549252431581, 17.55253461823642, 16.45600040287391, 15.471735737219152, 14.642401978461848, 13.97188159006908, 13.313485553958566, 12.760032369610814, 12.28813697101863, 11.937396399192904, 11.583410085406333, 11.318299839725734, 11.061514779729608, 10.850655865169166, 10.609948711474651, 10.47403736774245, 10.367464991441278, 10.250070700331182, 10.145667714503238, 10.098157670997677, 10.051983824642132, 9.998500421850418, 9.933904037372375, 9.896048789418755, 9.831723942471267, 9.790533023197316, 9.771411104007752, 9.762398054598574, 9.7494385388727, 9.727277299677434, 9.693078705538772, 9.68135768659697, 9.672682205175402, 9.66224642073594, 9.66711795518975, 9.647041909325655, 9.630322449374553, 9.629123398283832, 9.620112957313868, 9.60858106365541, 9.615638678178492, 9.597353417663605, 9.600768797164482, 9.59383372733301, 9.592248894494235, 9.576231987839716, 9.54517147153822, 9.53662245650696, 9.545254453699682, 9.543466534483017, 9.51378799487033, 9.512184219163414, 9.497787032174806, 9.498021993522269, 9.500158681872808, 9.510960724232977, 9.506191722567406, 9.506128458485396, 9.509935102955495, 9.509209103048605, 9.49833055970545, 9.51470843055164, 9.520076916072513, 9.510530362867264, 9.506104998647418, 9.499953519355138, 9.50373306009397, 9.510045574613113, 9.505444970660806, 9.509542083237406, 9.510208647190948, 9.516606996932914, 9.526512297737538, 9.511740775795838, 9.50583640800427, 9.5061444762373, 9.507077380755653, 9.509393060256958, 9.513467863448577, 9.507066038195802, 9.50749713716129, 9.521530456759665, 9.502788935438916, 9.505066961162, 9.496998416840873, 9.507921991212978, 9.505672838940447, 9.503024638759168, 9.499062083806184, 9.50734259748366, 9.491561765945832, 9.490431913993435]"
4324__COTHAM_RD E OF GLENFERRIE_RD,147.56907026763594,12.147801046594232,9.030465543939826,0.9585466782320842,"[59.4455863340143, 53.984174401208605, 49.04507392993178, 44.6153009495114, 40.666359207209574, 37.10991636107595, 33.922471309762, 31.05885091110827, 28.52215124508605, 26.241405216356256, 24.215374350623872, 22.456935294856883, 20.856370939792075, 19.469821016789588, 18.234366833082195, 17.154799651110043, 16.203860527582425, 15.36813992372899, 14.659797589548921, 14.056566195032257, 13.514173516178358, 13.068312106568017, 12.671891537052591, 12.317049698299614, 11.995187391001616, 11.72851563208663, 11.488866555495221, 11.28187235794462, 11.093916467726665, 10.9636587566738, 10.83219530048099, 10.681525248471386, 10.541343131900733, 10.441199646321236, 10.304306342668934, 10.197598490091481, 10.123533785365808, 10.02417392373772, 9.967449850291178, 9.883212005535531, 9.812312038344361, 9.733493242820751, 9.66553882116907, 9.609456412324175, 9.519688012947045, 9.467700396421444, 9.386669054649232, 9.339332042498699, 9.287703903594375, 9.21088276514525, 9.15398825849467, 9.103637802764947, 9.076517126203997, 9.006897880454549, 8.971119291979544, 8.916610089115421, 8.866119625157763, 8.834880844825594, 8.7981883214498, 8.716429036898438, 8.694402178924722, 8.615957403809784, 8.595088691207241, 8.547355657876613, 8.52559390047647, 8.470455385745426, 8.410498440775179, 8.344515739182768, 8.300993509370134, 8.269051439539886, 8.228310401228349, 8.186937170899823, 8.13905052240741, 8.086018958122601, 8.043696113609794, 7.978487939785922, 7.922057782077862, 7.896867418166867, 7.8563582826552265, 7.820986860547063, 7.796844290811951, 7.75342729993364, 7.729495561627016, 7.711015234133916, 7.657824179626395, 7.601084961488299, 7.55812909976267, 7.510114666912516, 7.4565385397971795, 7.429643472090688, 7.374130846801252, 7.327128498637627, 7.295883700498152, 7.2531100351791205, 7.225934738447573, 7.171971915666371, 7.151897067936102, 7.122971757918413, 7.090916443928448, 7.068654632490276]","[67.68299769467205, 61.61409968299472, 56.04240449498614, 51.137200834790235, 46.66507935268301, 42.76022339864714, 39.232306172479824, 36.00539430191453, 33.21350245031034, 30.612035438420726, 28.344242129960193, 26.380688697142464, 24.571994952148323, 23.052471899647966, 21.64799586555898, 20.40173896333396, 19.28771642334726, 18.321820615436245, 17.532889603711624, 16.869586911998947, 16.23078064699208, 15.697149433381387, 15.316143425629756, 14.905384561324862, 14.587526385189456, 14.300846211764801, 14.0038489013409, 13.748567907947331, 13.552602773039512, 13.395555922608153, 13.231797682740057, 13.1589034363823, 13.080683817863145, 12.990759893837335, 12.903982414608299, 12.839280952875738, 12.775796190818014, 12.705820046065497, 12.70690376690333, 12.674137920264911, 12.676285056638877, 12.674413444592972, 12.654616730239692, 12.621447642449349, 12.578155275020086, 12.56891862428351, 12.562163398235734, 12.572337759986782, 12.548747351556829, 12.566337709150822, 12.564502698872705, 12.535402810796917, 12.531440819736023, 12.548904017095209, 12.542976911341295, 12.574934585785359, 12.560341455086272, 12.550619910510004, 12.55604801134401, 12.554641859780698, 12.546436719915636, 12.529882673168597, 12.519494935132355, 12.543798321945834, 12.549007315675558, 12.515933350072823, 12.510169168400704, 12.505054930838023, 12.499386128844598, 12.516567080496705, 12.526874018993388, 12.515426578955283, 12.514537118999115, 12.5185119656424, 12.503729604739942, 12.487915620202557, 12.483783300630073, 12.485994137073105, 12.472139486067682, 12.458182889441652, 12.46463727244609, 12.46907451071253, 12.480804445787735, 12.488135897717555, 12.502221298832987, 12.507248101572664, 12.518011954961773, 12.530547060812655, 12.536769727061623, 12.538963623360836, 12.541810326385724, 12.56096383400603, 12.574579298380407, 12.596341218141884, 12.585226445841384, 12.594447885440722, 12.588879995354429, 12.599783052761769, 12.584316992493209, 12.572869641750314]"
4324__COTHAM_RD W OF GLENFERRIE_RD,158.8012673617873,12.601637487318357,9.31601205782944,0.9463154341913818,"[50.27515246751588, 45.67648585791744, 41.54078051742972, 37.85930211154031, 34.64128938841835, 31.66954298812495, 29.017554241065632, 26.635893792931146, 24.50203852407792, 22.57750724232959, 20.923180561431426, 19.44927165655501, 18.153379228829614, 17.013845190985027, 15.99480600055872, 15.08074355881183, 14.292600703135337, 13.596790829875124, 12.983082099047483, 12.458075992627643, 11.97067568957312, 11.569521055788805, 11.237076120771068, 10.962763390490393, 10.723750339167925, 10.506508054622607, 10.305480376110967, 10.113600985242071, 9.947443024661588, 9.805878719275473, 9.685480206952462, 9.592329422356535, 9.489333499521598, 9.385468456080831, 9.303803055712015, 9.221389134112831, 9.164310906090694, 9.066357143587194, 8.985603794872118, 8.910400070778946, 8.864554133522907, 8.804005352638073, 8.750784896800896, 8.680036566748418, 8.631300186971066, 8.568713289643654, 8.518204734866204, 8.431644297434874, 8.367853394655352, 8.313117124129425, 8.275820479556735, 8.2050868140891, 8.165312171059133, 8.120265286644635, 8.077158861622033, 8.046451501544812, 7.978832615226869, 7.937367466687594, 7.877093950129621, 7.8275125997954955, 7.782803057508609, 7.758627871531583, 7.7173493361873415, 7.665746799359085, 7.631543262406832, 7.579276408706016, 7.513631253161426, 7.459452465636898, 7.416392939400602, 7.3793562138328275, 7.325063576332083, 7.306823008797665, 7.2919882148837925, 7.2489787971845905, 7.167942870694983, 7.1139313955463575, 7.078815684946067, 7.020924733674829, 6.995756913635709, 6.965189770937115, 6.949396504372374, 6.906732189061828, 6.857319740126172, 6.838092473383677, 6.821669945133454, 6.803860184234384, 6.784726600988101, 6.754956294335748, 6.727798159920466, 6.6941485784824035, 6.679463261132224, 6.634238358108444, 6.589533136516098, 6.538970790491779, 6.507543928474693, 6.461297026489358, 6.450062686058675, 6.435243452239707, 6.3869177955545675, 6.367997963131694]","[53.21806238539473, 48.44948926528717, 44.13209341031663, 40.31817756880108, 37.03612921228575, 34.04065383320713, 31.27183354494193, 28.863703442155185, 26.69985138132137, 24.718391617920574, 23.025713012336208, 21.531413799690814, 20.21317550472329, 19.073581159281638, 18.044466326239373, 17.17642494555188, 16.404835316136285, 15.744124809333808, 15.17962183307286, 14.721576863133878, 14.211595166422342, 13.86753021154762, 13.593770210840656, 13.363719709942307, 13.142267698716406, 12.970852387900226, 12.864800790402619, 12.711292540908477, 12.581178924501605, 12.503696953548918, 12.423520101403215, 12.384253400170405, 12.353831385355948, 12.32950094946093, 12.295245557709098, 12.27269094351385, 12.304679714394705, 12.298872040359587, 12.256591233418291, 12.243408012908787, 12.233162994204912, 12.226630693519395, 12.21439753276009, 12.226640770941595, 12.24318175927919, 12.2433083575286, 12.241341125329123, 12.260948274010394, 12.281780527255341, 12.283078295933874, 12.295358880419421, 12.30237726225152, 12.323373011429318, 12.336660430467505, 12.323244389907458, 12.295186670824053, 12.279914623072195, 12.25281954199315, 12.275963485340204, 12.282912909559712, 12.29342307953081, 12.29323516040802, 12.294841887329737, 12.301707030945026, 12.307114312745078, 12.28817713089915, 12.269028977657877, 12.254280100488605, 12.226815802875297, 12.22403579725328, 12.233570672723792, 12.22271092332066, 12.233250959197271, 12.21543149354814, 12.218967011782162, 12.213220998981068, 12.206918466107204, 12.195039247384027, 12.196041349035319, 12.210085242322455, 12.205502922772562, 12.227801979934691, 12.217419871939121, 12.224796991853562, 12.219660219528917, 12.2230365282625, 12.22683851657556, 12.220298757843992, 12.205191720284102, 12.207778786419132, 12.206106878903066, 12.216627933489548, 12.204673017330702, 12.188197569842888, 12.176694191298239, 12.170937300652538, 12.164648344902561, 12.16310853642336, 12.162796545416981, 12.163750144274658]"
4324__GLENFERRIE_RD S OF COTHAM_RD,80.19603898206944,8.955224116797382,6.620366964447364,0.931866249429541,"[32.380254074654665, 29.51510146675009, 26.934231846960667, 24.629646489873913, 22.596621395630798, 20.749107550180135, 19.114354005132256, 17.67960747008169, 16.37042792423878, 15.213916833153537, 14.18060891058286, 13.277464342326565, 12.512234411314953, 11.82110564818596, 11.225216796180737, 10.679327778809174, 10.230246904277152, 9.823990082603054, 9.46775171886722, 9.165364848007592, 8.893179258106622, 8.65952125070441, 8.445872590079148, 8.236258396401864, 8.074988767217874, 7.9317823424861045, 7.811176070282315, 7.706673780666827, 7.624191880431216, 7.532817291159075, 7.451497132013734, 7.381072360346704, 7.3054986722420905, 7.2563195398092155, 7.1902484007172065, 7.137392129120004, 7.07011419384334, 7.020642086070035, 6.980513506716578, 6.916939980934595, 6.850067833651103, 6.7914380228315885, 6.738076397176339, 6.698959998768536, 6.654160975027058, 6.618777448060705, 6.5726326492473435, 6.533335340929099, 6.506721943770282, 6.485339945996018, 6.463081833524154, 6.417019565304418, 6.36270267728172, 6.313073796792379, 6.295036023304475, 6.249682824114091, 6.216004546889184, 6.2033973193502385, 6.172843628730752, 6.145626840173767, 6.095580224155487, 6.03624108948418, 6.019702550434975, 5.98661170458771, 5.946241855128996, 5.918281203867655, 5.893892642972824, 5.87413408239576, 5.847694278075825, 5.8303268889781155, 5.784692601991959, 5.7614204518256065, 5.730112778342673, 5.702996134877307, 5.663614624176722, 5.651841621752665, 5.6301559044201355, 5.623691460638192, 5.584809357052757, 5.5644051774864955, 5.545977860831014, 5.528482706534969, 5.505850744402672, 5.490627326676, 5.482328845304829, 5.463718461456103, 5.448930688486739, 5.421050707421615, 5.4022936050399615, 5.377821555417631, 5.350206701840401, 5.344308139988466, 5.313223274007156, 5.298770988670229, 5.270435968565819, 5.256432677466338, 5.232852565011945, 5.1816310830170815, 5.1494084420243995, 5.128335122397153]","[34.297553925391725, 31.314794802557994, 28.676353084153664, 26.308116545894322, 24.14807352095594, 22.287486299718687, 20.640739324665358, 19.208555894719176, 17.89984197182716, 16.72096746156226, 15.69891853529102, 14.798753266606806, 14.020436478424022, 13.344512587093565, 12.736775771119481, 12.20510267753573, 11.745433936061351, 11.400386478438168, 11.094184880212111, 10.83276467051883, 10.590717777903366, 10.374961750596, 10.188051899924064, 10.047073797662646, 9.914960527084645, 9.805448554917449, 9.723579153185488, 9.644269486182644, 9.600842189184794, 9.553821715407725, 9.520772879197128, 9.46705614604719, 9.416353870508013, 9.390607158757692, 9.356708182528864, 9.32483093969058, 9.291971765451336, 9.275688999741392, 9.251318612461011, 9.259071540958084, 9.2482762372778, 9.258980668337216, 9.255430280766614, 9.242468280405747, 9.233054151906943, 9.215882086629703, 9.210152188946157, 9.198595725887788, 9.190890367715932, 9.174570389518093, 9.168861906660075, 9.18098308240838, 9.17860327044231, 9.179640566946688, 9.162803081428343, 9.173792747884486, 9.183237712323692, 9.197162533377695, 9.186759999752203, 9.20106349668341, 9.204053198694133, 9.201164893972019, 9.206832521232103, 9.1840070005923, 9.17776964612895, 9.175371630754073, 9.171997018134714, 9.154732478690596, 9.153213965225138, 9.15555041947564, 9.163026365922802, 9.17313688096982, 9.175415255713633, 9.160829333398205, 9.162033177186856, 9.157307909074024, 9.151746520262416, 9.152217015125503, 9.160451829583337, 9.168641289718586, 9.165349803255186, 9.165234528675716, 9.169533802945978, 9.165050162764066, 9.169985122174777, 9.170313813423629, 9.173693722397392, 9.169356158576164, 9.170758237059509, 9.17942408428687, 9.173431220152626, 9.169101174302916, 9.17490232135105, 9.175884323790584, 9.18697030198895, 9.184123642280312, 9.193508229757917, 9.198219822064976, 9.193140026726123, 9.203121467963292]"
4335__HIGH_ST NE of CHARLES_ST,272.8138531802498,16.517077622274766,11.84900043734004,0.9586307004347442,"[74.57236000361944, 67.72317755499176, 61.54867980152602, 56.110712686072056, 51.23809571633579, 46.79488224109519, 42.86244857771289, 39.32347830933163, 36.19290686561514, 33.37824924277222, 30.962393232828983, 28.7598152367364, 26.866706855946628, 25.125498491461784, 23.61780369708525, 22.32247156439913, 21.187792184375727, 20.15137007950824, 19.291809657294742, 18.52981489985882, 17.878482837740663, 17.321744501098696, 16.810332468038442, 16.37160765808026, 15.982890383228497, 15.627516602701629, 15.323777057736724, 15.078553927494063, 14.870181164050196, 14.67972463723792, 14.476636631203297, 14.323326845444415, 14.18980496043951, 14.061279054185784, 13.911958135149476, 13.817085299096574, 13.690608887269194, 13.604942289722072, 13.462472611877773, 13.309176558831558, 13.203312882477293, 13.089143948528712, 12.981262203695527, 12.866853435969967, 12.788080452652872, 12.676125223673871, 12.60376545201464, 12.55870570059547, 12.527989803571634, 12.425447970153044, 12.323397090341567, 12.207507173700638, 12.108559894801848, 12.054311452266433, 11.963853187348358, 11.916013884674268, 11.8551932879029, 11.764756012411627, 11.703667326529336, 11.647289557048333, 11.572737064597334, 11.532137787988823, 11.439118931310492, 11.398994018676397, 11.341809216072118, 11.267197199841686, 11.175534775706026, 11.130031382486425, 11.075870907816114, 11.006050263809179, 10.969728241733138, 10.874875092836236, 10.848765309822472, 10.801075142304347, 10.76751488427084, 10.708275728734815, 10.657546960584554, 10.610692827025929, 10.532834475973996, 10.49284421743283, 10.429090366710135, 10.329721871669058, 10.269225408829474, 10.216925633214688, 10.19162709323362, 10.132018500999232, 10.059858631888712, 9.964037768439194, 9.876340320925765, 9.813198453440807, 9.775238444734335, 9.731044594957043, 9.681555333132154, 9.638462151535538, 9.607496240828276, 9.546600485404708, 9.523222833320558, 9.49340025611892, 9.479380064229904, 9.440055842652301]","[79.58204898978063, 72.42199351813859, 65.95526196648107, 60.32848633122663, 55.29567185462202, 50.63994725366934, 46.60641359217008, 43.037493774999966, 39.745511154043214, 36.886550055395205, 34.501264984123274, 32.35833416914765, 30.442433762706255, 28.77003734916977, 27.39201657775486, 26.152961199308187, 25.051010620682714, 24.111848180801623, 23.31732511631838, 22.735376029034427, 22.13865834834667, 21.697013016765027, 21.24222170664505, 20.839243257175777, 20.576990542062077, 20.326301449135585, 20.08533609232634, 19.869278081627645, 19.70473398145194, 19.575267276601647, 19.511363787070355, 19.499697402128994, 19.367338354598427, 19.269384365007138, 19.207992052036296, 19.1640989553814, 19.150030333547807, 19.114556183396193, 19.079111048915472, 19.06487069908062, 19.05730845881517, 19.071917228963017, 19.08937115244008, 19.07661193312184, 19.075939208218855, 19.06936808804107, 18.992963656184838, 19.007774232530306, 19.044219503737512, 19.018282610610115, 19.07882655213457, 19.05695760906033, 19.078754662404354, 19.083355900196707, 19.07449145625056, 19.073073891770676, 19.087307267889706, 19.10897286832143, 19.08443189630399, 19.07905714635135, 19.112427217516448, 19.132539659326774, 19.143133613000046, 19.137399054806092, 19.12646119379335, 19.111339823304597, 19.122413014067874, 19.102106491539484, 19.1008489823459, 19.094081353446988, 19.11656132190501, 19.129152994582988, 19.176831083980094, 19.17768161293187, 19.20341163234258, 19.23525903318259, 19.250415492143148, 19.256695421470504, 19.248937028247518, 19.21941969045012, 19.205783456418374, 19.224719211194014, 19.24382667781833, 19.247304447565956, 19.292755035974295, 19.274305653233363, 19.26252668383352, 19.26601706770786, 19.275417794609854, 19.29944000939924, 19.307033157135294, 19.333977983215785, 19.31699922158505, 19.329076795000955, 19.30954118854307, 19.299477287748264, 19.280868143042667, 19.29170139476291, 19.310398191386238, 19.332050996021017]"
4812__MADDEN_GV S OF SWAN_ST,311.80995046794925,17.658141195152712,12.67910199574427,0.9611026627457112,"[80.96855624986479, 73.50756643771122, 66.72037275347809, 60.73844964213239, 55.33621804965927, 50.51127492769664, 46.17368333044923, 42.264484261566, 38.851993237623454, 35.72885703361568, 32.955772285992005, 30.543968184681002, 28.403942967915807, 26.474354975932158, 24.781046972772806, 23.28117073421074, 22.031645752447236, 20.855623444127577, 19.86459451429416, 19.00008810755832, 18.23002921588082, 17.571483813989143, 17.0455971664689, 16.500495243555086, 16.094680504108954, 15.687569167859435, 15.342130246155369, 15.034645880523557, 14.755927546769774, 14.532208630206917, 14.285472140998722, 14.093146335487589, 13.913852908809874, 13.733874194021013, 13.558489579000861, 13.42497762786027, 13.2911407661307, 13.13051565097059, 12.996235592841687, 12.89362485194086, 12.793460104386668, 12.649777597025649, 12.493305833697463, 12.400056821828166, 12.285656030014096, 12.210401665605831, 12.108341995451832, 11.977557323540044, 11.914310540978041, 11.853063238969233, 11.76183924733411, 11.722184920979734, 11.60609071147932, 11.551431525212063, 11.450417011436116, 11.359539666436884, 11.298753415838217, 11.171179192479437, 11.088927176641818, 10.998092718135227, 10.92069816071415, 10.840996863009986, 10.726280594602938, 10.608219197821198, 10.55350093179554, 10.487529390354979, 10.42066992820383, 10.341661529040627, 10.252683670564352, 10.14017748871746, 10.039295837818118, 9.953616813639368, 9.904937373056486, 9.83861452351708, 9.748854358278003, 9.649787564951085, 9.615481740201806, 9.570865363302394, 9.504277544522713, 9.460951258626446, 9.415912891615411, 9.364325584800955, 9.344747967307972, 9.273971872152657, 9.248464664319666, 9.231266709480892, 9.164031125851949, 9.100122819606401, 9.059081026023796, 9.022227747021686, 8.999359685103373, 8.947613596393374, 8.862881006377057, 8.804699210343944, 8.7426760543533, 8.667779556053732, 8.616317835813744, 8.547795002293526, 8.499527529617964, 8.44858202223705]","[74.81637766206538, 67.93553671059937, 61.68651387313303, 56.249440176081094, 51.38280401020874, 47.01651065433242, 43.06961399534224, 39.54495293128098, 36.4218049388795, 33.56228202152299, 31.145987808920637, 29.061987629310806, 27.28949333996819, 25.587037360022485, 24.16381734412551, 22.97488491678229, 22.072550083034688, 21.239380636468688, 20.497391757002234, 19.871984522125143, 19.326630565532287, 18.869698203214785, 18.52275055281646, 18.218652755891284, 17.951252652223037, 17.73857579688978, 17.56041363129536, 17.39710431501192, 17.324823007965573, 17.22412318637247, 17.13661975350953, 17.09305859150261, 17.058773174282, 16.99217311722163, 16.93786234254113, 16.867816054540597, 16.843951995128684, 16.804076358972267, 16.775474314424848, 16.79063532831507, 16.740914140273905, 16.794363129023708, 16.812272481300635, 16.80686903416879, 16.818714681340545, 16.800840374335994, 16.792138609130077, 16.773377650659846, 16.761401906127553, 16.79478228912647, 16.80267714002756, 16.79794805510609, 16.812864103269227, 16.778429125409446, 16.793039311742557, 16.826474232538455, 16.8351876207262, 16.871379148033395, 16.895774982722646, 16.901894056194298, 16.90051644787795, 16.86406888939244, 16.89414742305706, 16.821649307960516, 16.815569265764854, 16.828420543109385, 16.85410581543637, 16.836962443236214, 16.787837246979677, 16.781540117433142, 16.777678265603928, 16.763781743538818, 16.770013152448463, 16.773692021759558, 16.77931412152009, 16.761658052969672, 16.78415162080126, 16.807749098703898, 16.841555008613998, 16.843652453341598, 16.839228308650934, 16.840987358330125, 16.84209286896502, 16.841751544822635, 16.855793429824462, 16.851037372214375, 16.843913642396508, 16.83432929566059, 16.831663017205827, 16.832962567441353, 16.84000070043378, 16.880991268020797, 16.882751268487635, 16.89821844833013, 16.929888342359316, 16.953062712185957, 16.96394142343561, 16.964937673960975, 16.941273250810323, 16.943466132605582]"
4812__SWAN_ST NE of MADDEN_GV,139.77774765169764,11.822763959907922,8.711182926679104,0.9443820751104939,"[45.17762698075199, 41.1045841916014, 37.45317587366147, 34.22177283444487, 31.326615678961975, 28.705894322936313, 26.412381650574098, 24.357306990761565, 22.50676055876232, 20.863376775862136, 19.417520735147924, 18.11445683755122, 16.99844638440273, 15.991316811652514, 15.12947307059816, 14.340635234941528, 13.656943510789176, 13.036947284095746, 12.506811538103527, 12.023665128268965, 11.646955112981034, 11.310925241059577, 11.009859509146176, 10.772978801693887, 10.540977903973896, 10.329057156237635, 10.112420679203947, 9.955292702056951, 9.810339092024025, 9.673176299781291, 9.547318503152695, 9.43844730180892, 9.353080668309154, 9.227011304974551, 9.146071624766444, 9.086841672583715, 9.031381368349624, 8.969364886125566, 8.885048600382914, 8.814948284771255, 8.749107982531603, 8.67784246363502, 8.613379769795738, 8.535471981026893, 8.47288924870221, 8.43620688283893, 8.391296680135854, 8.331279793974133, 8.30298732047656, 8.258972805455496, 8.220369013818292, 8.176737524902407, 8.1320623178108, 8.117965294059038, 8.077353477051703, 8.025601293913397, 7.984196399974579, 7.951024673741348, 7.898199360098857, 7.847468340855174, 7.816498485139403, 7.782725404503942, 7.757260436173979, 7.715729688453096, 7.6800929576888315, 7.6330922276948, 7.626185395978655, 7.585702298038319, 7.558217014727614, 7.519644649414527, 7.4891833683765565, 7.45366751248781, 7.413887626393278, 7.398387774936748, 7.334798068658776, 7.3068784023217415, 7.256362647263377, 7.244489312996831, 7.20657103177789, 7.1427204847486445, 7.079746147320606, 7.021409216977273, 7.009430927279982, 6.993052840903929, 6.947389440462463, 6.900015124463479, 6.883281014139929, 6.862017867552966, 6.836071445214092, 6.799544392761533, 6.785791011580348, 6.7324239426394366, 6.680325854891764, 6.664413890656899, 6.629047222437637, 6.616686947283531, 6.5868301810345535, 6.566703415170404, 6.510782843262794, 6.482535465490517]","[41.36404518817668, 37.72180960644831, 34.55157497289492, 31.632840814964666, 29.190948052468595, 26.912026834309586, 24.944226782676786, 23.28933234808381, 21.793708131186808, 20.449816799398082, 19.300318987273485, 18.363254771663097, 17.540844099197514, 16.797468798379242, 16.17721211765083, 15.62756879390504, 15.13715071057483, 14.726285236991203, 14.370193799235995, 14.031164396220408, 13.792080938819469, 13.606626036263668, 13.43850661707589, 13.335720281241484, 13.210865700841325, 13.111610275039602, 13.050563688928, 13.00115644148148, 12.939203508429163, 12.934556653765252, 12.886114675232962, 12.866287026659508, 12.854586342798376, 12.823439468796272, 12.806323677044729, 12.790810911494244, 12.791368804221584, 12.793230103526726, 12.78845466649248, 12.774768608320619, 12.768206836451615, 12.768308469021989, 12.758918391619627, 12.72474996489728, 12.691868897492618, 12.67264336425848, 12.663222035560993, 12.63618870868305, 12.625148999830087, 12.61174003874555, 12.613201325665022, 12.60790982134582, 12.593832260495136, 12.598076146037304, 12.579571222706416, 12.580707221053334, 12.609518527613657, 12.607702422970787, 12.636005518558795, 12.61821315928625, 12.635765789973677, 12.644852526191318, 12.655761863900734, 12.689331426641058, 12.688556899452156, 12.676174373245855, 12.673338619472963, 12.701882432440433, 12.700052639066318, 12.692395567263505, 12.698657758711292, 12.695782114594795, 12.706893684427763, 12.716499561860282, 12.702374491145715, 12.695154132414286, 12.69514789161054, 12.694173218199671, 12.679495225290303, 12.66070394681929, 12.670576245104735, 12.658234963059636, 12.664125295669674, 12.662443817910566, 12.663014081881098, 12.673232279161924, 12.677796269673363, 12.698295619836411, 12.674897587051529, 12.667427860167875, 12.663837507152188, 12.649447418889284, 12.644660046823644, 12.649392329266082, 12.633159730354173, 12.630606803774953, 12.63416505423429, 12.653718850914567, 12.661734394558659, 12.665623693376684]"
4812__SWAN_ST SW of MADDEN_GV,167.4310142992798,12.939513680941792,9.253085923897997,0.93611489062284,"[46.893202352487116, 42.686312975585054, 38.93179733990166, 35.59286828886676, 32.5611941657679, 29.84766868704607, 27.430161437156595, 25.300662730328625, 23.39633862676882, 21.68975808863615, 20.20446347584563, 18.91116222389901, 17.76164515387793, 16.709005606157408, 15.85377192160421, 15.085346335249056, 14.421045200572314, 13.812074365829176, 13.283399002062843, 12.837104305755338, 12.456104547395418, 12.105011512585556, 11.824413953090145, 11.561214187622516, 11.343316094637922, 11.138973643439066, 10.912759687528114, 10.761946595258811, 10.63896067463407, 10.498081953421364, 10.34982834355875, 10.215924873653409, 10.095007963538801, 10.007683364604121, 9.889109559070747, 9.804765640653459, 9.695349017971676, 9.59851805152555, 9.495032155236881, 9.42322012580064, 9.346681498161217, 9.279108200762668, 9.182056654889184, 9.077041918621052, 9.021953964360844, 8.951550919839216, 8.845703074777106, 8.799864965008366, 8.737048170355758, 8.689490338202537, 8.603760528753773, 8.558356963732187, 8.48018092755484, 8.421551815098098, 8.351240318105823, 8.271815332181916, 8.25520161612759, 8.158719020973745, 8.112194904711991, 8.09159993056434, 8.016782972862961, 7.932015621403093, 7.906133281223533, 7.870636268121424, 7.834655427395525, 7.795705854793846, 7.763698388744191, 7.740557105961491, 7.683765834314671, 7.622813065081752, 7.570079541903085, 7.525502922568866, 7.483631697813664, 7.44413174983618, 7.3683916422894775, 7.330760892785498, 7.300284342539488, 7.260630265600128, 7.241669628413163, 7.2194302198431775, 7.192139735147561, 7.1478366539359115, 7.132743170691235, 7.1011771733076925, 7.067301976231825, 7.042031530681659, 7.014968883050914, 6.956646450771835, 6.919677943167588, 6.896562052528291, 6.860119741223832, 6.816781140029996, 6.772432624255507, 6.728801259692696, 6.681877637392849, 6.65387242849541, 6.619108283594345, 6.588347931422774, 6.562214094262841, 6.540444069750688]","[42.340574059161504, 38.578886330554596, 35.239496893807704, 32.409762947047085, 29.910034012876586, 27.63091334332598, 25.52606222043903, 23.754157960625385, 22.20635482465206, 20.84058855461884, 19.651387467362337, 18.616152389329496, 17.757482680221724, 16.974897249124833, 16.367842993521986, 15.836374481896371, 15.423898415421888, 15.046052730819909, 14.721784997089479, 14.485520093311575, 14.271168733620305, 14.060337773409604, 13.884184888764416, 13.807669054443728, 13.677764392939132, 13.57539814972928, 13.488403888949362, 13.411744026026211, 13.354075290204248, 13.31391935715578, 13.25923545445714, 13.188379652717058, 13.150030311424851, 13.126146125673385, 13.077549828421034, 13.065135083381483, 13.083063589147768, 13.042192484412693, 13.008205566620704, 13.008456442457799, 12.981844787810177, 12.971699194643666, 12.976212219083422, 12.957277023927357, 12.954960676898057, 12.953449555775096, 12.951456773619462, 12.95113228662978, 12.925740524293255, 12.90175220830005, 12.914908377857394, 12.935156022411116, 12.935236529326637, 12.94311120041588, 12.954956875476054, 12.952066569055454, 12.951588423580882, 12.945283721196246, 12.943868844985666, 12.949895212732729, 12.925048892484494, 12.961466868081928, 12.971230654198289, 12.978481044521928, 12.98705171041337, 12.984839057699364, 12.974583208601118, 12.988562258725961, 12.977420152586356, 12.952641024875515, 12.957124897648786, 12.964964014961431, 12.962311688885526, 12.967465107305129, 12.967612974068798, 12.975345528145688, 12.98619576840243, 13.007903186060458, 13.008675880393323, 13.010208003752451, 13.016834773774587, 13.053234559097284, 13.041081750626056, 13.056063518225196, 13.059060423488107, 13.066992933648542, 13.078362569273962, 13.087478735449157, 13.08333167610166, 13.087546776279412, 13.07993480515923, 13.101902216049432, 13.10266365761866, 13.128210596642745, 13.127214710830325, 13.127876229921132, 13.120631683841872, 13.120419320983904, 13.111761425056132, 13.114629994827881]"
4821__BURNLEY_ST S OF VICTORIA_ST,125.53282648042385,11.204143272933628,8.22033102485571,0.953811543059839,"[47.73372240255658, 43.36006308850693, 39.43121238742301, 35.867629282760134, 32.72970630936743, 29.876193527250724, 27.312559173801088, 25.063052138628194, 23.00309780150954, 21.16493592157635, 19.54671163160148, 18.113269265566665, 16.83601202791892, 15.719065427139622, 14.776322733606657, 13.925650607447634, 13.206712814020381, 12.527145017890879, 11.957160545021178, 11.443079300760068, 10.982552211139401, 10.604348550585733, 10.277107187883448, 9.986684430809511, 9.738942541471328, 9.510996072869998, 9.286359103014954, 9.097619888012462, 8.954092257808734, 8.827482101178445, 8.700369812850113, 8.59323951247382, 8.456252113175815, 8.356280082871725, 8.282837677427402, 8.191650494403683, 8.143693821457074, 8.067711109788775, 8.01629611709889, 7.958434150813011, 7.890359834801793, 7.856254160687786, 7.8148088302153855, 7.758773999005604, 7.718780171766639, 7.671515135427641, 7.605273655237345, 7.581103356289858, 7.524335452191745, 7.4615574236943285, 7.429774888726558, 7.390259987937515, 7.340252811958537, 7.269656532152144, 7.191244850370536, 7.177868698882904, 7.131659418950316, 7.121356536714517, 7.097370013409326, 7.0827290124559665, 7.07481258869868, 7.040885469778689, 7.025937900355796, 6.974990954118597, 6.912796836055502, 6.857489095771668, 6.826316823854639, 6.8152659515532505, 6.800221617739773, 6.764369326209659, 6.7463680605173675, 6.72263340498747, 6.704883467204682, 6.662459468206852, 6.645125871232986, 6.6113742476610895, 6.590213978997786, 6.572464341451647, 6.557396119884363, 6.523032379355815, 6.470435828881328, 6.431752455197514, 6.418021636802679, 6.391974111153519, 6.358858099791138, 6.332952752231819, 6.315674829813402, 6.269240626565222, 6.21766815217915, 6.212846429560792, 6.181022800809667, 6.144012514855081, 6.123491272825814, 6.072718541693157, 6.044027934128553, 6.029799619892309, 5.988648243796775, 5.961047801459581, 5.927869076674055, 5.8938759626947]","[49.20950593409953, 44.79228937925459, 40.80489468226678, 37.21415366691516, 34.06484237042694, 31.260905138843075, 28.69692343332107, 26.455846796326487, 24.399246521161864, 22.547613415902344, 21.00155349865914, 19.565776259187263, 18.332732068539325, 17.26033388809445, 16.338868209206293, 15.530048816638965, 14.854775930848005, 14.260430746455947, 13.757479191299078, 13.301416370963569, 12.867749679765636, 12.540983064511163, 12.290313081517708, 12.041191906534019, 11.809829572200126, 11.660213920026766, 11.500110178569908, 11.344272559236911, 11.245079817448724, 11.162659471921017, 11.078997717827734, 10.994614528687864, 10.916139688759625, 10.894210293884901, 10.874823981003592, 10.849525471776849, 10.829094781334275, 10.790043608298083, 10.762450656371131, 10.745693423396638, 10.701934044864872, 10.689141863466752, 10.682187499235862, 10.672480903128198, 10.67837510924677, 10.679338419001578, 10.697088144638006, 10.72066606020783, 10.745030346276511, 10.721722383853598, 10.711103868024358, 10.711691019098456, 10.699060426752311, 10.685412442097835, 10.676755967113383, 10.672165235477737, 10.645907522350196, 10.64548875231824, 10.643295039083169, 10.654531768204485, 10.64991836724908, 10.635109381273512, 10.652061879343218, 10.64071748588927, 10.63890183288452, 10.605845900212737, 10.605855966885006, 10.609752987061693, 10.615214812866052, 10.604235947871198, 10.6088236583537, 10.610760790804799, 10.629756387749548, 10.633543825143056, 10.635929839129203, 10.617335038287036, 10.601787921799302, 10.61661901901139, 10.615110475284062, 10.6287170022361, 10.648727109857624, 10.685551717916134, 10.681615639239283, 10.68382736041706, 10.687655270930819, 10.689636498769277, 10.683814950327513, 10.657545832398005, 10.631943683551633, 10.639495585168529, 10.648033783107993, 10.644307701593478, 10.6296583428479, 10.607594983404564, 10.598581757493399, 10.583147929152977, 10.578093894487958, 10.57189120163025, 10.569501952719659, 10.569233716871056]"
4821__VICTORIA_ST E OF BURNLEY_ST,265.64937058590783,16.29875365130438,12.045400212320049,0.964874791818129,"[83.10955277616753, 75.32752377437268, 68.36764755268538, 62.10164246383918, 56.48740731478513, 51.463267375609774, 46.95224202684345, 42.92699369454096, 39.32246305297483, 36.07288629581589, 33.193523704925916, 30.674231048619365, 28.440564950952606, 26.454356888190414, 24.718012180226236, 23.1523635646015, 21.82511949727936, 20.624497516294856, 19.55595146177427, 18.654392171070498, 17.872042203633733, 17.20981033798791, 16.64732599667734, 16.166506741710197, 15.706206092974393, 15.315977514994087, 14.96468571748343, 14.6680040624673, 14.43160389434837, 14.199763290205555, 14.01017151398395, 13.823696437521459, 13.634729317005613, 13.493019913605739, 13.346071120052217, 13.213154666620913, 13.064040359397975, 12.921378188053886, 12.790861442110364, 12.694991426426867, 12.619848955643459, 12.505506543515773, 12.432833332915742, 12.337891376684839, 12.263997441274624, 12.158542790435705, 12.061419343767557, 11.990375906562598, 11.892057726383351, 11.833817289714377, 11.756122770826092, 11.71397866709397, 11.619646641739019, 11.541167135068404, 11.461776582956103, 11.43782782116593, 11.392422551598248, 11.317042355685315, 11.204009286389264, 11.182076228208642, 11.155789892443973, 11.088930065563533, 11.045132914967182, 10.958186959041182, 10.910469710009433, 10.868581605623046, 10.846595426532623, 10.770214160514588, 10.746295722536196, 10.652285838740394, 10.638092954978347, 10.572665664076553, 10.517002002240849, 10.440296568213887, 10.375103910389763, 10.323708931926232, 10.279754613772337, 10.21936552130679, 10.164821877449254, 10.08592721577501, 10.02144229835897, 9.977360455856852, 9.929493941936729, 9.878200128247363, 9.818507525686206, 9.775484121738028, 9.713679771800049, 9.681993365839995, 9.652221048310869, 9.625281339950055, 9.58065929298419, 9.562545268237008, 9.51514584247092, 9.484830045436723, 9.452463027162427, 9.387996335479615, 9.350517410822663, 9.323261467179451, 9.2728750470051, 9.227644107656623]","[89.33510676671587, 80.93427301351561, 73.37038450923316, 66.6032785374466, 60.63297810035391, 55.26787291002709, 50.41528330717871, 46.02682897903669, 42.222906107985665, 38.73644213775119, 35.61153489599354, 32.82473915020696, 30.411318046029255, 28.26908207840999, 26.390451787268262, 24.813392870378692, 23.349276218415415, 22.069676990011352, 20.974591884873906, 20.08257151812112, 19.270191761591004, 18.613717024309235, 18.023625825261853, 17.509623574883882, 17.136400746242078, 16.73966839876336, 16.43505538572916, 16.199949005871318, 15.9678622224196, 15.77831079819734, 15.622636802492254, 15.48137676086459, 15.359246407494323, 15.25544950791783, 15.175312291591826, 15.114115697372506, 15.043453194230949, 15.055564309807831, 15.020918269148611, 14.961630820244745, 14.923763614922159, 14.917996072630544, 14.90539113109315, 14.902806072518585, 14.89896209936603, 14.883509100581863, 14.851305565222502, 14.862011874436933, 14.875401967127099, 14.852943445011439, 14.845328020577206, 14.851986529979829, 14.802153226891624, 14.819112176692283, 14.800122103845514, 14.78899513872492, 14.792277612861994, 14.800759183911016, 14.77421155018867, 14.774282561233495, 14.761594843470688, 14.789556158630273, 14.781478480281855, 14.75114285592068, 14.759671129292013, 14.77587347246821, 14.81566738957608, 14.832061423471092, 14.860970016021797, 14.860581699863026, 14.854040268221556, 14.844835838081124, 14.850806069940566, 14.839124010288018, 14.84511098152833, 14.83670369458631, 14.830204519620045, 14.840663680679798, 14.837163990152606, 14.83172805626063, 14.81906060298164, 14.826309765232379, 14.824493178510084, 14.822885308447649, 14.890650012552223, 14.914701461755465, 14.92047686220278, 14.947020322944955, 14.92959818639084, 14.920511303321966, 14.93733828700929, 14.916399599052795, 14.910134313324356, 14.916018003346478, 14.928466289143858, 14.900261985266594, 14.90834665027885, 14.914935456576552, 14.91687593211327, 14.93590147077143]"
4821__VICTORIA_ST W OF BURNLEY_ST,247.9353451048623,15.74596281923917,11.875093706538168,0.9591153091767235,"[71.8042157135442, 65.1457272049435, 59.16338012611145, 53.8226778775756, 49.0797877002565, 44.755964483231416, 40.91102769384548, 37.49507669033711, 34.431520797077575, 31.669707249974135, 29.21704028376507, 27.052363902337753, 25.14339093863007, 23.41538578677267, 21.9347258383359, 20.644267076590804, 19.50852254248345, 18.486615823857026, 17.579809227241984, 16.838668702135635, 16.179518863825134, 15.594059457064944, 15.09305672911559, 14.642975793105684, 14.296929319875812, 13.961318054224867, 13.675868890393108, 13.423924675184605, 13.181891945778288, 12.99094766890332, 12.823530038794686, 12.658728853833123, 12.495868988692576, 12.355919660914651, 12.236664424115611, 12.126926125258054, 12.006496129301738, 11.910157552896502, 11.825567057380123, 11.745577020796464, 11.650633131447558, 11.578342904690803, 11.508897821169779, 11.416821873624507, 11.34863154511679, 11.256509249590167, 11.148062009909502, 11.101010822979331, 11.036640364930443, 10.935870322271866, 10.863400643483663, 10.779071969219787, 10.74518505545816, 10.653759145188792, 10.595376675552394, 10.541935732340562, 10.494760466219635, 10.436032984777656, 10.360965294821948, 10.33586698921171, 10.292958206394745, 10.257403607929604, 10.227880339756899, 10.194566041084903, 10.16026563063528, 10.117785059211846, 10.044844407277566, 10.015384827770754, 9.983432344211204, 9.933658594247571, 9.901127171173744, 9.835042788596514, 9.785891229249728, 9.755485663533335, 9.6873841052925, 9.62662857663056, 9.560216048189545, 9.4982855396156, 9.463449777776901, 9.442241219467386, 9.392578150722427, 9.325304828386313, 9.293379413898723, 9.269045041377673, 9.239544547509269, 9.199973261977691, 9.157322679842169, 9.114975496051331, 9.049495881477284, 8.983219801763074, 8.9482018188481, 8.8930896766891, 8.83618706050274, 8.829542141189831, 8.803760330407298, 8.765279781035732, 8.730997840598826, 8.706966778862988, 8.663215935847244, 8.61175893593923]","[74.81287105565109, 67.84151722163848, 61.60655800486979, 56.03939798461221, 51.161589681594826, 46.69125359891798, 42.76064990320792, 39.28065657665904, 36.108573979511036, 33.21641744678073, 30.684674464969465, 28.47098499230307, 26.55117772994266, 24.799625600298, 23.284347241427223, 21.988049120550873, 20.897456142032684, 19.844436515550072, 18.956590293448695, 18.210474426237734, 17.587450235316062, 17.139909774369155, 16.661855458491072, 16.247927550470468, 15.98488714684167, 15.713400559776892, 15.479461998722108, 15.30247940004136, 15.082360416121544, 14.964333714616664, 14.85498956714811, 14.789741949756307, 14.703674130736713, 14.638027661908732, 14.590411684331464, 14.52106118214835, 14.471215573900245, 14.44164321193256, 14.417906893956578, 14.411167987982044, 14.416360414304107, 14.416695756069332, 14.391499244844372, 14.380842577304934, 14.362503666401151, 14.370655282675004, 14.37597715725985, 14.373214283150052, 14.369388511771133, 14.381147838452515, 14.365601558236037, 14.359939881282928, 14.367756891958487, 14.374826731962093, 14.387342643828099, 14.37565291240439, 14.374428541098197, 14.36990462171451, 14.374504481240564, 14.360045530076334, 14.355571196034624, 14.370499670697162, 14.363702821636087, 14.360691603050482, 14.348091603806601, 14.363939266036473, 14.368646639838273, 14.360875049281537, 14.354149464261065, 14.371033591942584, 14.381840708095401, 14.346370292372585, 14.353331399641581, 14.36681991824289, 14.387624933534589, 14.421722605452054, 14.43464582696027, 14.427551718161773, 14.414554689041529, 14.419236994341514, 14.423106673434578, 14.454591338236282, 14.444954141207134, 14.43196273154176, 14.429805858048312, 14.44153539560939, 14.439162299265055, 14.419554910055492, 14.398703633254677, 14.430380793351237, 14.436855427932626, 14.430227910925279, 14.456493328525049, 14.450384311286658, 14.45562335212282, 14.462052233595912, 14.460326086276657, 14.464100165241538, 14.462970797608078, 14.45296095764831]"
4821__WALMER_ST N OF VICTORIA_ST,10.031661705091064,3.167279858978531,2.0662193535084135,0.34622211009336834,"[3.907588999270564, 3.757166796843854, 3.6145183629943074, 3.5101502120318293, 3.4062046699989206, 3.324566097001048, 3.2460491282021, 3.1844591779794436, 3.1291430770000215, 3.07577687584805, 3.029639178200392, 2.984195437305442, 2.950622317655808, 2.916226444863361, 2.8872542270113777, 2.849399767902948, 2.822362362298321, 2.797577913504039, 2.7694989993465176, 2.7457795901687256, 2.7277483158414504, 2.6984406326301817, 2.683733291838186, 2.6648521861538286, 2.6460769918746236, 2.6296521433408167, 2.611374579736324, 2.5930149915101945, 2.571672363590639, 2.5543684643317874, 2.5449503356012824, 2.5239403481613536, 2.513576340636909, 2.504258470908869, 2.48649553170263, 2.4766874476697036, 2.4677886972807013, 2.4452753763675967, 2.4310658252938806, 2.4132862061400044, 2.3946020822928427, 2.380069093709493, 2.3723954125752735, 2.354666739406572, 2.3433159266189034, 2.330637050208609, 2.324860440064297, 2.3202567897981283, 2.3067099319170348, 2.2971432704339625, 2.287153735016278, 2.2762595359919158, 2.259077051167373, 2.246394175946133, 2.233637521382294, 2.2194068753346494, 2.2123134206071735, 2.1976657296335036, 2.1870284616045734, 2.179205726657242, 2.1752665386871626, 2.169058224436079, 2.158990984488602, 2.1552655131954492, 2.139143824922304, 2.130626593558093, 2.117221984313923, 2.1068327357203622, 2.1023108951715166, 2.087489891114406, 2.0687035286911786, 2.0653535096176125, 2.0592686707799874, 2.046245296938965, 2.037091966326004, 2.028852309027325, 2.0256673426429046, 2.0132143583910644, 2.005328518213853, 2.0002876004809083, 1.9868875480235313, 1.9803905384171525, 1.9690925810982272, 1.9642744234669953, 1.9567946071892868, 1.9487622522550003, 1.9369503297658959, 1.9325505489956312, 1.9222288911876504, 1.9116291685607674, 1.9094624021844862, 1.8964469874387808, 1.8867840330575576, 1.8810017951342695, 1.8754476880847875, 1.868059449735091, 1.8595588762907633, 1.8527069564344338, 1.8515080807328679, 1.8367011293966007]","[4.299445725533042, 4.157708268171494, 4.026905792533368, 3.9414337536167188, 3.82915077894611, 3.7669043648718454, 3.723006520694597, 3.672514530065992, 3.61282438114375, 3.563934525123535, 3.533568663824479, 3.509116531784809, 3.4930902584645653, 3.484749082314577, 3.4667453700451376, 3.451544322664558, 3.4394087378517506, 3.4339491717170567, 3.4301773360717007, 3.432531398701018, 3.43280481667905, 3.4144189556863855, 3.4173418393271993, 3.4161475559762775, 3.4214876292207785, 3.422891534023588, 3.420351777140758, 3.4207262710848476, 3.4231853856205645, 3.4196581208246988, 3.4213695781001596, 3.416842293986329, 3.4172495231420252, 3.4117292931883876, 3.4135604556038945, 3.4125859445052584, 3.408206468635096, 3.4034099405954863, 3.397755122491365, 3.401857283999106, 3.410781355815629, 3.4081541101203454, 3.4055535522070937, 3.4030013262035146, 3.4024547595565235, 3.4042755969475222, 3.404085867548964, 3.4059008794454004, 3.405920710180703, 3.4070432129274515, 3.4100342330254185, 3.4066377750176184, 3.410930044648347, 3.4084302042104486, 3.41011884702988, 3.410452057322869, 3.404556386703117, 3.4057990111681535, 3.400914875530078, 3.403391133959361, 3.404164246201677, 3.40558680736312, 3.4059157646304965, 3.4035993533499074, 3.4038061214499025, 3.4054689370266233, 3.4071490455487985, 3.4113737840319973, 3.4079061064490284, 3.40607409363143, 3.4081273816424478, 3.409222704392829, 3.4083019519803193, 3.406639721880679, 3.4040829354190043, 3.4073039445688527, 3.4045875618030625, 3.4096954778535427, 3.4097116432129844, 3.406514435042558, 3.4004443565704556, 3.393609055378602, 3.3940138958598496, 3.396358620391299, 3.399541919709669, 3.397240038903411, 3.397433939609392, 3.396196070692215, 3.3972843329397904, 3.385890355610958, 3.386137697197703, 3.390584834430037, 3.393092686868452, 3.3943104142345684, 3.3938364089365924, 3.4001271867187466, 3.402148932468001, 3.4003949555988227, 3.4002705660440173, 3.4013692063459304]"
970__HIGH STREET_RD E of WARRIGAL_RD,229.40599837551875,15.146154573868536,10.673709589711736,0.9573099760340423,"[71.67881916609693, 65.0422398774189, 59.07163604681719, 53.76763288646489, 48.97553451584074, 44.6732361762634, 40.83358844287943, 37.41963030642411, 34.34480913372292, 31.595727061037604, 29.161992574331197, 27.00162330252052, 25.100966392022396, 23.396110249519793, 21.898292222471326, 20.605579018122096, 19.49671873376003, 18.481091309835314, 17.60858984660722, 16.83857648263202, 16.158014468030544, 15.551913819075747, 15.047441830350653, 14.620830127072345, 14.21441163342858, 13.880438917432626, 13.569416619301204, 13.287791936129414, 13.048170389017072, 12.834071197958384, 12.651428417718842, 12.468116565750762, 12.320242976305359, 12.210166811990307, 12.08991962228354, 11.947719756564647, 11.830457229192687, 11.717042057953096, 11.615203021646623, 11.494874302092576, 11.392975472994532, 11.28802129134879, 11.204005289114553, 11.099837867783696, 11.000417559488408, 10.946930810895712, 10.858476856836582, 10.755935671317138, 10.656555026906553, 10.584557770388502, 10.520034629316713, 10.43249322205397, 10.381206364286854, 10.311629992799434, 10.280134247459547, 10.218828565514004, 10.172757776496775, 10.118965311168697, 10.044351811677862, 9.984592601161824, 9.915981192823143, 9.856704642019952, 9.80778572209421, 9.729333548357694, 9.68673058949681, 9.62883890100444, 9.587490838974793, 9.505690641015068, 9.426713543903562, 9.37532456441912, 9.334486177827948, 9.277334455998089, 9.253201517177477, 9.21701523031357, 9.181763024636803, 9.110744469615046, 9.088905951503415, 9.013945690206308, 8.979096805118875, 8.912181203238536, 8.867959325347346, 8.817414660232558, 8.775125514118601, 8.755910205766526, 8.7059162886723, 8.671604356571095, 8.63049523151173, 8.576039858168699, 8.540445380867288, 8.509451347518976, 8.48241245355393, 8.470200153964129, 8.403946056055808, 8.369069329160311, 8.31282649040051, 8.286357476691688, 8.249544559926733, 8.20074047076168, 8.173409365946307, 8.156947851324373]","[79.53845002715126, 72.40089000640606, 65.88665346671527, 60.05595854316058, 54.86021462417576, 50.18120500193692, 46.06818218062375, 42.33930569285918, 39.01822263134382, 36.044282342030904, 33.40833748516952, 31.108330804899992, 29.094659885603413, 27.322250053799536, 25.68893218994095, 24.312388593439888, 23.206384960095278, 22.163719890466457, 21.276612810642888, 20.57568302675312, 19.86135911298408, 19.290491669462394, 18.78329751799984, 18.391969958026706, 18.074186448974356, 17.846240751129304, 17.622762347553426, 17.40976822870274, 17.2059793107055, 17.111559984568935, 16.96632218305609, 16.901727770501896, 16.813845396673063, 16.78331212380511, 16.665279623447688, 16.643542223507044, 16.629125801236167, 16.602623434915984, 16.555293361433293, 16.508548333096417, 16.52930171717536, 16.481349259398804, 16.491304582454315, 16.45358242615758, 16.428549108645715, 16.38809584020187, 16.391703174227086, 16.39563256034041, 16.38789519561899, 16.3495051850719, 16.331659746345824, 16.307203638030515, 16.266480068977828, 16.251937847278803, 16.241466836987755, 16.240055845500894, 16.247837389611973, 16.241131743739267, 16.244705946550077, 16.23773105539409, 16.226066600193498, 16.184288953341785, 16.21938719197602, 16.20644464042498, 16.220556282065786, 16.23441482775783, 16.20301459452296, 16.195319794947764, 16.20329385371685, 16.195060300396275, 16.18913005156781, 16.18242464869321, 16.177503383043433, 16.20579299909666, 16.221225298564747, 16.1998632235604, 16.210257790843677, 16.206633923402542, 16.205461016633972, 16.20038265369734, 16.178871071350947, 16.19274657936469, 16.19138120978864, 16.200622083340278, 16.1960745751201, 16.209990616114798, 16.222001770715735, 16.23550513334854, 16.23081347116333, 16.242030415926752, 16.227168131648682, 16.228335908882674, 16.230352280621716, 16.23773709206388, 16.227565892549634, 16.219876693312738, 16.226732144742574, 16.212963926637993, 16.211021562223856, 16.21212279342101]"
970__HIGH STREET_RD W of WARRIGAL_RD,357.726281165239,18.9136533003341,12.816405347217817,0.9582125090344115,"[84.8579225299056, 76.96316112645304, 69.87825681832464, 63.519058039035926, 57.84486709767706, 52.74132321133426, 48.17223613075109, 44.10579106693668, 40.39130474777676, 37.1256717168305, 34.23191953140305, 31.606383852998704, 29.380393445914258, 27.383806224786365, 25.569720084213156, 24.007894103864018, 22.630257721496463, 21.39428275642491, 20.29032577074088, 19.379986268736285, 18.5663856095625, 17.89842560299289, 17.291384235852576, 16.781646891049483, 16.296447315620302, 15.86673832285062, 15.503029289807692, 15.184751168164873, 14.936116159063566, 14.677455384067633, 14.46939424882422, 14.244649190375531, 14.040493282321997, 13.84247864865458, 13.63738501364719, 13.540200962030625, 13.40976778550376, 13.279159330537903, 13.100620747094622, 12.952440519472667, 12.827753271910801, 12.74159562204347, 12.64844049263729, 12.542413851887195, 12.467168123364049, 12.375261475048216, 12.299496388464481, 12.185460719465697, 12.093669065656858, 11.991898899085307, 11.87305036280839, 11.783903492304264, 11.666703454022201, 11.604488163634679, 11.507320548019317, 11.457536427287113, 11.373304688995274, 11.299305038442212, 11.213237568901699, 11.129556986143063, 11.065331630188867, 10.95966708840733, 10.849303033414191, 10.791161649988561, 10.70761051388891, 10.679180717026979, 10.572927133461793, 10.548923224477797, 10.497124904238357, 10.448150098334878, 10.404058829965773, 10.293588093272984, 10.239918380716347, 10.209503118171279, 10.147268854198247, 10.123670608413882, 10.043401936622862, 9.979079192027172, 9.901362886346408, 9.872084047264151, 9.811086897901538, 9.777931782417024, 9.748587851879416, 9.667306300619929, 9.636899019739069, 9.598919771078108, 9.58804011527484, 9.523289311978811, 9.502419032427294, 9.447239276430835, 9.419761501992612, 9.381455300912428, 9.307496026011078, 9.250349148993903, 9.198588861862362, 9.166302303668736, 9.133047411556685, 9.088985703425607, 9.044453029095553, 9.009987845377173]","[90.59475749887653, 82.09719055662039, 74.55711831905487, 67.68380727031074, 61.50273124203898, 56.02711955739383, 51.19914247128362, 46.834011134921205, 42.84553943615091, 39.41027780268452, 36.39979456566599, 33.559401662060594, 31.239719497644778, 29.255028788843887, 27.43436369956695, 25.877943808813047, 24.60362012925183, 23.453812082058093, 22.484778091642326, 21.765662206902746, 21.01562578024988, 20.44592766776933, 19.944118485814467, 19.54027624801853, 19.142891189804114, 18.776186567921403, 18.590369366002758, 18.368309662894703, 18.285568996464377, 18.161751309397317, 18.074878273339817, 17.963945320244523, 17.87547250978881, 17.822578202960475, 17.751058583578086, 17.72241486273086, 17.747399958171464, 17.74459382487997, 17.665295561675503, 17.62817811807874, 17.615438540194983, 17.626656645516686, 17.60490814341657, 17.585917175301628, 17.56784292711953, 17.55444430031658, 17.601521648169815, 17.609422126817854, 17.583129994469555, 17.619885543581837, 17.64072694470822, 17.616958961119625, 17.579499177408767, 17.55977977954726, 17.5279156830835, 17.5045138459361, 17.520271254803845, 17.530894132594256, 17.563633952929845, 17.571240837804837, 17.590230154142656, 17.563926902146253, 17.551733943526425, 17.541973243955056, 17.55712605364646, 17.557041558035476, 17.59895862624275, 17.601865154301464, 17.626459638403038, 17.64159035816764, 17.661287354732615, 17.665426493869514, 17.667337400697168, 17.66576755040347, 17.662856249103104, 17.641778189773778, 17.666510764801483, 17.63881421741867, 17.61225913211202, 17.59067239561062, 17.565625129277773, 17.50930471214092, 17.497059616545187, 17.472767323293308, 17.480485881714124, 17.48103491230996, 17.473759973897565, 17.49086325956994, 17.499181440685618, 17.525548618386168, 17.538523698808255, 17.540253434644075, 17.554531509760558, 17.56421950630665, 17.57907153172996, 17.600167664595634, 17.607561910472192, 17.623306741981192, 17.630042231772542, 17.598110117092205]"
970__WARRIGAL_RD N of HIGH STREET_RD,409.0898608738047,20.22596996126032,14.711190776610643,0.9739120354188029,"[117.56084597034145, 106.39420224804815, 96.40565124506189, 87.50468947484973, 79.59320330877294, 72.34740104300255, 65.91806554543726, 60.143389459359625, 54.984903778042934, 50.3607226077021, 46.31206104049957, 42.64761339532248, 39.4464126657671, 36.61424279323928, 34.10093033852035, 31.867495087972586, 29.914597683205585, 28.194578440356594, 26.70444957130673, 25.460252251790365, 24.367191958542215, 23.371671621694112, 22.561651665143554, 21.876963243954805, 21.281835208216346, 20.703552156467712, 20.223048569890317, 19.785907098617013, 19.424394105345947, 19.113857841106984, 18.80754312020204, 18.547655837385836, 18.33585509714934, 18.1434385894162, 17.951685854301957, 17.775855790396665, 17.60370912464402, 17.415007720535034, 17.308221074584896, 17.20847690078378, 17.067056280349124, 16.920590421952557, 16.737645076752454, 16.569667951808796, 16.404910370711843, 16.289253441579618, 16.19646361441888, 16.121330420645062, 15.983385673011144, 15.854617637392638, 15.78747981313191, 15.71904772418175, 15.570037103104708, 15.479249911669253, 15.335113378280436, 15.240109429508639, 15.160983027489154, 15.049133801164787, 14.976599702335587, 14.831572140230806, 14.75062007099313, 14.702001902668087, 14.610597603279814, 14.501024599939443, 14.441691729548598, 14.368062055684181, 14.272328439628692, 14.20135219795546, 14.126317795065871, 14.085232303856056, 13.979757372272127, 13.894984386789625, 13.852876943903777, 13.80632968582849, 13.750892765924323, 13.640958068753148, 13.588245133034208, 13.542313029979237, 13.440930286870653, 13.339104436099007, 13.225093671789432, 13.130946580796856, 13.04659961645903, 12.988383761635303, 12.907045034193132, 12.840028194199952, 12.72161871193071, 12.637786548134748, 12.56731898867663, 12.515467762956764, 12.441567968997349, 12.372410663267248, 12.295673593182274, 12.245900615040936, 12.164655169297053, 12.1004580115823, 12.026568394967581, 11.97052470644888, 11.872026639551121, 11.819666736723908]","[117.88790153205609, 106.67551754048255, 96.66886289291459, 87.82018546113325, 79.73349779537568, 72.66859087619508, 66.28596781084872, 60.554702705399755, 55.43627437442668, 50.90835093084518, 46.962326161965066, 43.41679777889732, 40.37968102621807, 37.68113832341838, 35.330260485388585, 33.28800011432081, 31.47126203137609, 29.999610655813004, 28.635844429026765, 27.53637687797343, 26.557231623848185, 25.78711068372063, 25.11068705370762, 24.585999025207045, 24.113731538152273, 23.661318037822248, 23.307728492750638, 22.99239547231535, 22.822208315212848, 22.66829748433297, 22.497594122409403, 22.367915865945427, 22.260288818467025, 22.103774090889893, 22.03681057693157, 21.94548599869236, 21.89914845148272, 21.875984326119596, 21.840962585290278, 21.77215522835037, 21.708212751776387, 21.729603846177945, 21.650000751513055, 21.610932660121264, 21.57890628999946, 21.554497703776374, 21.564828405707523, 21.576330323755098, 21.548645599401105, 21.54364470267865, 21.556487929796734, 21.576332957412642, 21.52640428062165, 21.546334169861343, 21.5685187915573, 21.585340676861275, 21.585793983260142, 21.580812234569958, 21.587482984511226, 21.52326609345063, 21.481351469259746, 21.462483403167713, 21.462194032298964, 21.467471172256637, 21.458810828622134, 21.44519448463055, 21.468021920902295, 21.451529259256944, 21.446033793319806, 21.444126682288374, 21.46446650044004, 21.44983746260423, 21.48661023148368, 21.44959556830734, 21.459891483989583, 21.42785838786758, 21.449746525451065, 21.440624060687142, 21.470749333836306, 21.53458449133327, 21.576323353018157, 21.561933432860283, 21.62179140115513, 21.605144949654104, 21.612633379381336, 21.61443426759004, 21.65796282822128, 21.643238244061237, 21.646820210895672, 21.63999902673827, 21.614719816282275, 21.6115024460829, 21.5993293541521, 21.606310631849993, 21.583152173953007, 21.581293967507413, 21.585332751216775, 21.564743735335117, 21.561904728721334, 21.546522590620366]"
970__WARRIGAL_RD S of HIGH STREET_RD,554.0476138893597,23.538216030306113,16.949968498744322,0.9666653287438666,"[117.69459522247243, 106.64531581466909, 96.74120895849174, 87.87999261069864, 79.99295717804567, 72.80916800559305, 66.42717291657378, 60.70850851430648, 55.57111564104247, 50.950427463816965, 46.84677109736057, 43.21961041427715, 40.00820100918538, 37.219986676669336, 34.717082113989036, 32.527680377488196, 30.63508704488464, 28.964576233155153, 27.45068093173093, 26.241622621423748, 25.09638324933173, 24.091529580512308, 23.260896636695154, 22.54243756860966, 21.895901644478496, 21.39037130530532, 20.90497155675848, 20.47566201139128, 20.075030089723565, 19.743926415176265, 19.46817431094776, 19.206458178129534, 18.93651019329029, 18.677786228970223, 18.4985311140369, 18.320817218726408, 18.134781444973683, 17.934337133904226, 17.756739772184517, 17.60767357846967, 17.469894730822876, 17.348995216569108, 17.237235901029248, 17.088206252002713, 16.936713202059597, 16.81821119027379, 16.647289872521842, 16.534257592208753, 16.426226055974297, 16.257620365015722, 16.15853748706199, 16.05569546658631, 15.972268407692686, 15.858471300907295, 15.730300815465366, 15.658648590190753, 15.603429791291443, 15.491923362424034, 15.364685843302162, 15.269979307007194, 15.172352659905416, 15.080880346904532, 14.96855447477363, 14.887339075705105, 14.764498432918312, 14.68577466538025, 14.598351941562065, 14.514967869521843, 14.45179896103753, 14.359332683770772, 14.295607744945668, 14.253498904765678, 14.227866753297468, 14.162744661287354, 14.035554114272545, 13.914283023408696, 13.839821111202049, 13.806591799992123, 13.77304782404031, 13.696118227476179, 13.576638111143797, 13.475799266326673, 13.440158095232476, 13.310947404712863, 13.239670891117193, 13.153512513434205, 13.078456474800504, 13.028534627799477, 12.945784601209457, 12.882433626546668, 12.831727901320138, 12.718667225569973, 12.67445755826394, 12.616493390280981, 12.54331103539729, 12.512006302098882, 12.468994281619095, 12.414244256181666, 12.38347406050832, 12.340329661267438]","[117.94827781145047, 106.80842979142969, 96.90476997961294, 88.03406974207908, 80.0148836976782, 72.79768034158482, 66.4877412776062, 60.89034321886119, 55.81579232527565, 51.255659847624315, 47.27997685574422, 43.63533791078718, 40.43762624278304, 37.80096921676177, 35.33710656542931, 33.222696273544365, 31.36431875855394, 29.8838989104056, 28.503824981396434, 27.519114437141592, 26.52005932244992, 25.658725326298367, 24.892467595404696, 24.32677066402598, 23.896686661218794, 23.487524671576608, 23.125422398971715, 22.888498417715546, 22.642106968134442, 22.42805807811813, 22.282925451922637, 22.173167350899845, 21.993740195106867, 21.84857013862478, 21.776348753951286, 21.724206427778178, 21.678300663924364, 21.671314721091438, 21.618266702030486, 21.54567677694524, 21.502666954264065, 21.50113422981168, 21.448298821592864, 21.439219949200726, 21.414933192714216, 21.388506218496644, 21.41566780970826, 21.41237080301393, 21.374812247206307, 21.309618770004224, 21.301233317920303, 21.29029325943148, 21.265624619126815, 21.292873547310833, 21.295617693291682, 21.26161396741659, 21.223950738352205, 21.241284437637407, 21.263842234284013, 21.304031933301264, 21.268760211824947, 21.221398081939828, 21.263655352184504, 21.245143121190047, 21.196939086982383, 21.20283956044704, 21.192114085765173, 21.191479781821545, 21.21063174806256, 21.234829275175088, 21.176692996987814, 21.154870788660745, 21.158264859860004, 21.16132861073742, 21.148381809248573, 21.1307560772549, 21.146434479980293, 21.208388424999754, 21.184067387488398, 21.198084743038336, 21.165944650479656, 21.19689815898304, 21.1924195283364, 21.20400976013691, 21.206879161540442, 21.210150317774907, 21.177804668280192, 21.19840000128165, 21.18053592319272, 21.18077741196026, 21.142248257112392, 21.150546370541907, 21.175093041356114, 21.163625637726646, 21.179714652550746, 21.18281820033372, 21.183997512478264, 21.19255200377614, 21.19989491366751, 21.181651294222046]"
